35-1015;H_VC;M3E EXT CONNECTOR FOR REMOTE PRESSURE SOURCE;205,2
40-0331;H_VC;"1/2"""" NPT EZ ADAPTER";102,6
40-0332;H_VC;"3/4"""" NPT EZ ADAPTER";111,24
40-0333;H_VC;"COUPLING, 1/2"""" NPT - 3000#, PLATED";46,44
40-0334;H_VC;"COUPLING, 3/4"""" NPT - 3000#, PLATED";58,32
50-2630;H_VC;"3/4"""" GSB076C, GLOBE,T-STYLE,SW,SC,W/WIRE LOCK";420,12
50-2631;H_VC;"3/4"""" ASB075C, ANGLE,SW,SC,W/WIRE LOCK";420,12
50-2632;H_VC;"1"""" GSB101C, GLOBE,T-STYLE,SW,SC,W/WIRE LOCK";455,76
50-2633;H_VC;"1"""" ASB100C, ANGLE,SW,SC,W/WIRE LOCK";455,76
50-2644;H_VC;"BALL VALVE, SPRING RETURN, 1/2"""", 89 SERIES";649,08
50-2645;H_VC;"BALL VALVE, SPRING RETURN, 3/4"""", 89 SERIES";771,12
50-2646;H_VC;"BALL VALVE, SPRING RETURN, 1"""", 89 SERIES";856,44
50-2647;H_VC;"BALL VALVE, SPRING RETURN, 1/2"""", 76 SERIES";691,2
50-2648;H_VC;"BALL VALVE, SPRING RETURN, 3/4"""", 76 SERIES";854,28
50-2649;H_VC;"BALL VALVE, SPRING RETURN, 1"""", 76 SERIES";1088,64
50-2949;H_VC;"CHAIN OPERATOR, 1-1/2"""" TO 2"""" SOV";478,44
50-2971;H_VC;"CHAIN OPERATOR, 2-1/2"""" TO 4"""" SOV";722,52
50-2972;H_VC;"CHAIN OPERATOR, 5"""" TO 6"""" SOV";1037,88
50-2973;H_VC;"CHAIN OPERATOR, 8"""" TO 10"""" SOV";1857,6
50-2974;H_VC;"CHAIN OPERATOR, 12"""" TO 14"""" SOV";2545,56
50-2975;H_VC;"CHAIN OPERATOR, 16"""" TO 18""""";4691,52
50-2985;H_VC;"CONNECTING LINK FOR CHAIN, 5"""" TO 10"""" SOV";105,84
50-2986;H_VC;"CONNECTING LINK FOR CHAIN, 12"""" TO 18"""" SOV";111,24
50-2987;H_VC;"CHAIN, FOR 1-1/2""""-4"""" SOV CHAIN OPERATOR, PER FOOT";20,52
50-2988;H_VC;"CHAIN, FOR 5""""-10"""" SOV CHAIN OPERATOR, PER FOOT";27
50-2989;H_VC;"CHAIN, FOR 12""""-18"""" SOV CHAIN OPERATOR, PER FOOT";28,08
50-3083;H_VC;"CONNECTING LINK FOR CHAIN, 1-1/2"""" TO 4"""" SOV";58,32
70-1052;H_VC;MS SOLENOID CONTROL MODULE;257,04
70-1076;H_VC;"FAR50,1/2"""" FEMALE ADAPTER RING AND GASKET KIT";43,2
70-1077;H_VC;"FAR100,1""""FEMALE ADAPTER RING AND GASKET KIT";56,16
70-1085;H_VC;"ENCAPSULATED COIL KIT,W/1/2""""FITTING,115V50/60HZ";150,12
70-1086;H_VC;"ENCAPULATED COIL KIT,W/1/2""""FITTING,230V/50/60HZ";150,12
70-1087;H_VC;"ENCAPSULATED COIL KIT, 1/2""""NPT, 24VAC";150,12
70-1088;H_VC;PLUG-IN COIL KIT,LESS DIN SOCKET,115V50/60HZ;153,36
70-1089;H_VC;PLUG-IN COIL KIT,LESS DIN SOCKET,230V50/60HZ;153,36
70-1090;H_VC;PLUG-IN COIL KIT,LESS DIN SOCKET,24VAC;153,36
70-1091;H_VC;PLUG-IN COIL KIT,LESS DIN SOCKET,24V DC;153,36
70-1092;H_VC;PLUG-IN ENCAPSUL.COIL KIT WITH DIN/ QD CONN.,115V;169,56
70-1093;H_VC;PLUG-IN ENCAPSUL.COIL WITH DIN/QD CONN.,230V;169,56
70-1094;H_VC;PLUG-IN ENCAPSUL.COIL KIT WITH DIN/QD CONN.,24VAC;169,56
70-1095;H_VC;PLUG-IN ENCAPSUL.COIL kit WITH DIN/QD CONN.,24DC;169,56
70-1100;H_VC;BEACON PILOT LIGHT  KIT (RED);131,76
70-1101;H_VC;BEACON PILOT LIGHT KIT (AMBER);131,76
70-1102;H_VC;BEACON PILOT LIGHT KIT  (GREEN);131,76
70-1113;H_VC;KIT, N.O. SOLENOID CONTROL MODULE;568,08
70-1135;H_VC;HIGH PRESSURE MS CONTROL MODULE, CO2;497,88
70-1155;H_VC;"ENCAPSULATED COIL KIT,1/2""""FTG,115V50/60HZ,60""""LEADS";158,76
70-1156;H_VC;"ENCAPULATED COIL KIT,1/2""""FTG,230V/50/60HZ,60""""LEADS";158,76
72-0037;H_VC;"MAR200 MALE ADAPTER RING FOR 1-1/2"""" & 2"""" HCK4";85,32
72-0055;H_VC;"MAR250 MALE ADAPTER RING, 2-1/2"""" HCK4";98,28
72-0056;H_VC;MAR300 MALE ADAPTER RING;101,52
72-0057;H_VC;MAR400 MALE ADAPTER RING;146,88
75-0700;H_VC;HONEYWELL MOTOR FOR 4-20MA INPUT SIGNAL, 120VAC;3647,16
75-0844;H_VC;KIT,HONEYWELL MOTOR ASSY,4-20MA INPUT SIGNAL120VAC;3680,64
75-1043;H_VC;FEMALE ADAPTER RING KIT FOR ST200 STRAINER;150,12
75-1044;H_VC;FEMALE ADAPTER RING KIT FOR ST250 STRAINER;189
75-1045;H_VC;FEMALE ADAPTER RING KIT FOR ST300 STRAINER;213,84
75-1046;H_VC;FEMALE ADAPTER RING KIT FOR ST400 STRAINER;278,64
75-1063;H_VC;M3S PILOT PORT STOPPING PLUG FOR HA4A REGULATOR;49,68
75-1064;H_VC;M3B PILOT PORT STRAIGHT THRU FLOW PLUG FOR HA4A RE;49,68
75-1081;H_VC;M3L/P DIFF PRES PILOT/PNEUM.COMP.PRES PILOT,RG.A;697,68
75-1082;H_VC;"3/4""""(20MM)AR1 MAIN REG.BODY W/ 1-CONTRL MOD(PILOT)";763,56
75-1083;H_VC;"1""""(25MM)AR1 MAIN REG.BODY W/ 1 -CONT MOD(PLT)PORT";813,24
75-1084;H_VC;"1-1/4""""(32MM)AR1 MAIN REG.BODY W/ 1 -CONT MOD(PILOT";1112,4
75-1085;H_VC;"1-1/2""""(40MM)AR1MAIN REG.BODY W/ 1-CONT MOD(PILOT)P";1616,76
75-1086;H_VC;"2""""(50MM)AR1 MAIN REG BODY W/ 1-CONT MODULE(PILOT)P";1963,44
75-1087;H_VC;"2-1/2""""(65MM)AR1 MAIN REG.BODY W/ 1 -CONT MOD(PILOT";2556,36
75-1088;H_VC;"3""""(80MM)AR1 MAIN REG.W/ 1-CONT MOD(PLT)PORT";3697,92
75-1089;H_VC;"4""""(100)AR1 MAIN REG BODY W/ 1-CONT MOD(PILOT)PORT";5567,4
75-1090;H_VC;"3/4""""(20MM)AR3 MAIN REG.W/ 3-CON MOD(PLT)PORT";940,68
75-1091;H_VC;"1""""(25MM)AR3 MAIN REG.BODY W/ 3 -CONT MOD(PLT)PORT";992,52
75-1092;H_VC;"1-1/4""""(32MM)AR3 MAIN REG.BODY W/ 3-CONT MOD(PILOT";1308,96
75-1093;H_VC;"1-1/2""""(40MM)AR3 MAIN REG BODY W/ 3-CONT MOD(PILOT)";1836
75-1094;H_VC;"2""""(50MM)AR3 MAIN REG BODY W/ 3-CONT MODULE(PILOT)P";2163,24
75-1095;H_VC;"2-1/2""""(65MM)AR3 MAIN REG BODY W/ 3-CONTRL MOD(PILO";2756,16
75-1096;H_VC;"3""""(80MM)AR3 MAIN REG BODY W/ 3-CONT MODULE(PILOT)P";3897,72
75-1097;H_VC;KIT,M3 INLET PRES. MOD.PILOT RG.A:0 TO 150 PSI;528,12
75-1098;H_VC;M3 INLET PRES.CONT MOD PILOT)RG B:30 TO 300PSIG;528,12
75-1099;H_VC;M3, INLET PRESS CNTRL MOD(PILOT) RG V: 20-130 PSI;843,48
75-1100;H_VC;M30 OUTLET PRES.CONTRL MOD (PILOT)RG V: 20-130 PSI;1009,8
75-1101;H_VC;M30 OUTLET PRES.CONTRL MOD (PILT)RG B:30TO300PSIG;1009,8
75-1103;H_VC;M3K RESEAT RELIEF CONTROL MODULE(PILOT), RANGE A;630,72
75-1104;H_VC;M3K RESEATING RELF CNTRL MODULE(PILOT)RGE B,#;630,72
75-1126;H_VC;COMPACT PRES CONTRL MODULE (PILOT)RG A:0TO150PSIG;528,12
75-1127;H_VC;KIT, M3KW RG.A COMPACT PILOT;630,72
75-1128;H_VC;"4""""AR3,MAIN REG BODY WITH 3-CONTROL MOD.(PILOT)PORT";5765,04
75-1136;H_VC;"FAR200, 2"""" FEMALE ADAPTER RING AND GASKET KIT";150,12
75-1137;H_VC;"FAR250, 2-1/2""""FEMALE ADAPTER RING AND GASKET KIT";189
75-1138;H_VC;"FAR300, 3"""" FEMALE ADAPTER RING AND GASKET KIT";213,84
75-1139;H_VC;"FAR400, 4"""" FEMALE ADAPTER RING AND GASKET KIT";278,64
75-1143;H_VC;HONEYWELL MOTOR MOUNTING KIT;52,92
75-1193;H_VC;KIT,RANGE A,MOTORIZED PILOT MOD;618,84
75-1202;H_VC;KIT, M3K RANGE C PILOT;932,04
75-1203;H_VC;KIT, M3K RANGE D PILOT;630,72
75-1204;H_VC;KIT, M3 RANGE C PILOT;824,04
75-1205;H_VC;KIT, M3 RANGE D PILOT;528,12
75-1241;H_VC;"1-1/4""""(32MM)AR1 MAIN BODY (4-BLT)1-CONT MOD(PILOT";1237,68
75-1242;H_VC;"1-1/4""""(32MM)AR3 MAIN BODY(4-BLT)3 -CNT MOD(PILOT";1453,68
75-1243;H_VC;KIT, OUTLET PRESSURE PILOT RANGE D, HIGH PRESSURE;1017,36
75-1249;H_VC;KIT, M3 PNEUM RG.V CONTROL MOD.;1014,12
75-1283;H_VC;KIT, RANGE B, MOTORIZED PILOT MODULE;618,84
75-1285;H_VC;KIT, RANGE V, MOTORIZED PILOT MODULE;936,36
78-0140;H_VC;ST100 REFRIG.STR.HEAVY DUTY 100 MESH SCREEN, W/FAR;646,92
78-0188;H_VC;"STRAINER ASSY, ST200 W/1/4"""" ANPT SENSING PORT";1017,36
78-0189;H_VC;"STRAINER ASSY, ST250 W/1/4"""" ANPT SENSING PORT";1350
AS150C;H_VC;"1-1/2"""" REFRIG.SHUT-OFF VLV ANG ,SOCKET WELD,SC";653,4
AS150H;H_VC;"1-1/2""""NH3 SHUT-OFF VALVE ANGLE,SOCKET WELD,HW";653,4
AS200C;H_VC;"2""""REFRIGE.SHUT-OFF VALVE ANGLE,SOCKET WELD,SC";751,68
AS200H;H_VC;"2"""" AMMONIA SHUT-OFF VALVE ANGLE,SW,HW";751,68
AS251C;H_VC;"2-1/2""""REFRIG.SHUT-OFF VLV ANGLE,SOCKET WELD,SC";1007,64
AS251H;H_VC;"2-1/2""""NH3 SHUT-OFF VALVE ANGLE,SOCKET WELD,HW";1007,64
ASB050C;H_VC;"1/2""""SHUT-OFF VLV,ANGLE ,BLT BONNET,SW,SC";284,04
ASB050H;H_VC;"1/2"""" SHUT-OFF VALVE, ANGLE, 4 BLT, SW, HW";284,04
ASB075C;H_VC;"3/4""""SHUT-OFF VLV,ANGLE ,BLT BONNET,SW.SC";336,96
ASB075H;H_VC;"3/4""""SHUT-OFF VALVE,ANGLE,BOLTED BLT,SW,HW";336,96
ASB100C;H_VC;"1""""SHUT-OFF VALVE,ANGLE ,BLT BONNET,SW.SC";355,32
ASB100H;H_VC;"1""""SHUT-OFF VLV,ANGLE ,BOLTED BONNET,SW,HW";355,32
ASB125C;H_VC;"1-1/4""""SHUTOFF VLV,ANGLE ,BOLT BONNT,SW,SC";487,08
ASB125H;H_VC;"1-1/4""""SHUTOFF VLV,ANGLE,BOLT BONNT,SW,HW";487,08
ASE050C;H_VC;"1/2""""SHUT-OFF VLV, ANG, EXT.NECK,BLT.BNT,SW,SC";408,24
ASE050H;H_VC;"1/2""""SHUT-OFF VLV, ANL,EXT.NECK,BLT. BNT,SW,HW";408,24
ASE075C;H_VC;"3/4""""SHUT-OFF VALVE,ANG, EXT.NECK,BLT.BNT,SW,SC";465,48
ASE075H;H_VC;"3/4""""SHUT-OFF VALVE,ANG,EXT.NECK,BLT. BONNET,SW,HW";465,48
ASE100C;H_VC;"1""""SHUT-OFF VALVE,ANG, EXT.NECK, BLT.BONNET,SW,SC";552,96
ASE100H;H_VC;"1""""SHUT-OFF VALVE,ANGLE, EXT.NECK,BLT. BONNET,SW,HW";552,96
ASE125C;H_VC;"1-1/4""""SHUT-OFF VLV,ANG,EXT.NECK,BLT.BNT,SW,SC";686,88
ASE125H;H_VC;"1-1/4""""SHUT-OFF VLV,ANG, EXT.NECK,BLT. BNT,SW,HW";686,88
ASE150C;H_VC;"1-1/2""""SHUT-OFF VLV,ANG,EXT.NECK,BLT.BONNET,SW,SC";880,2
ASE150H;H_VC;"1-1/2""""SHT-OFF VLV,ANG,EXT.NECK,BLT. BONNET,SW,HW";880,2
ASE200C;H_VC;"2""""SHUT-OFF VALVE,ANG, EXT.NECK,BLT. BONNET,SW,SC";982,8
ASE200H;H_VC;"2""""SHUT-OFF VALVE,ANG, EXT.NECK,BLT. BONNET,SW,HW";982,8
ASE251C;H_VC;"2-1/2"""" SHUT-OFF VLV,ANG.EXT.NECK,BLT. BNT,SW,SC";1294,92
ASE251H;H_VC;"2-1/2"""" SHUT-OFF VAVLE, ANG.EXT.NCK,BLT.BNT,SW,HW";1294,92
AT038C;H_VC;"3/8""""REFRIG SHUT-OFF VLV ANGLE,THREADED,SEAL CAP";238,68
AT038H;H_VC;"3/8""""NH3 SHUT-OFF VALVE ANGLE,THREADED,HW";238,68
AT051C;H_VC;"1/2""""REFRIG.SHUT-OFF VLV ANGLE,THD,SEAL CAP";244,08
AT051H;H_VC;"1/2""""NH3 SHUT-OFF VALVE ANGLE,THREADED,HW";244,08
AT076C;H_VC;"3/4""""REFRIG SHUT-OFF VLV ANGLE,THREADED,SEAL CAP";278,64
AT076H;H_VC;"3/4""""NH3 SHUT-OFF VALVE ANGLE,THREADED,HW";278,64
ATB050C;H_VC;"1/2""""SHUT-OFF VLV,ANGLE,BLT BON,THD.,SC";281,88
ATB050H;H_VC;"1/2""""SHUT-OFF VALVE,ANGLE,BLTD,BON,THD,HW";281,88
ATB075C;H_VC;"3/4""""SHUT-OFF VLV,ANGLE ,BLTD BON,THD.SC";335,88
ATB075H;H_VC;"3/4""""SHUT-OFF VLV,ANGLE,BLTD BONN,THD,HW";335,88
ATB100C;H_VC;"1""""SHUT-OFF VLV,ANGLE,BLT BONNET,THD.,SC";351
ATB100H;H_VC;"1""""SHUT-OFF VALVE,ANGLE,BLTD BONN,THD,HW";351
ATB125C;H_VC;"1-1/4""""SHUTOFF VLV,ANGL ,BOLT BONNT THD,SC";487,08
ATB125H;H_VC;"1-1/4""""SHUTOFF VLV,ANGL,BOLT BONNT,THD,HW";487,08
ATE050C;H_VC;"1/2"""" SHT-OFF VLV, ANGLE,EXT.NECK,BLT.BONNET,THD,SC";406,08
ATE050H;H_VC;"1/2"""" SHUT-OFF VLV, ANG, EXTNECK,BLT.BNT,THD.HW";406,08
ATE075C;H_VC;"3/4"""" SHUT-OFF VLV,ANG,EXT.NCK,BLT.BNT,THD.SC";463,32
ATE075H;H_VC;"3/4"""" SHUT-OFF VLV,ANG,EXT.NCK,BLT.BNT,THD,HW";463,32
ATE100C;H_VC;"1"""" SHUT-OFF VALVE,ANGLE,EXT.NECK,BLT.BONNET,THD,SC";550,8
ATE100H;H_VC;"1"""" SHUT-OFF VALVE,ANGLE,EXT.NECK,BLT.BONNET,THD,HW";550,8
ATE125C;H_VC;"1-1/4"""" SHUT-OFF VLV,ANGLE.EXT.NCK,BLT.BNT,THD,SC";686,88
ATE125H;H_VC;"1-1/4"""" SHUT-OFF VALVE, ANG,EXT.NCK,BLT.BNT,THD,HW";686,88
AW1000C;H_VC;"10"""" REFRIG. SHUT-OFF VALVE ANGLE, BW, SC";16957,08
AW1000H;H_VC;"10"""" REFRIG. SHUT-OFF VALVE, ANGLE, BW, HW";16957,08
AW1200C;H_VC;"12"""" REFRIG. SHUT-OFF VALVE ANGLE, BW, SC";24724,44
AW1200H;H_VC;"12"""" REFRIG. SHUT-OFF VALVE, ANGLE, BW, HW";24724,44
AW1400C;H_VC;"14""""REFRIG.SHUT-OFF VALVE ANGLE,BW,SC";49565,52
AW1400H;H_VC;"14""""NH3 SHUT-OFF VALVE,ANGLE,BW,HW";49565,52
AW150C;H_VC;"1-1/2"""" ANGLE SHUT-OFF VALVE, BW, SC";693,36
AW150H;H_VC;"1-1/2"""" ANGLE SHUT-OFF VALVE, BW,HW";693,36
AW1600C;H_VC;"16""""REFRIG.SHUT-OFF VALVE ANGLE,WELED,SC";68543,28
AW1600H;H_VC;"16"""" REFRIG.SHUT-OFF VLV,ANGLE BW,HW";68543,28
AW1800C;H_VC;"18""""REFRIG.SHUT-OFF VALVE ANGLE,BW,SC";83232,36
AW1800H;H_VC;"18"""" REFRIG.SHUT-OFF VLV. ANGLE BW, HW";83232,36
AW200C;H_VC;"2"""" REF SHUT-OFF VLV ANGLE,BW,SEAL CAP";778,68
AW200H;H_VC;"2"""" AMMONIA SHUT-OFF VALVE ANGLE,BW,HW";778,68
AW251C;H_VC;"2-1/2""""REFRIG SHUT-OFF VALVE ANGLE,WLDD,SEAL CAP";1034,64
AW251H;H_VC;"2-1/2""""NH3 SHUT-OFF VALVE ANGLE,BW,HW";1034,64
AW301C;H_VC;"3""""REFRIG SHUT-OFF VALVE ANGLE,BW,SC";1494,72
AW301H;H_VC;"3"""" AMMONIA SHUT-OFF VALVE ANGLE,BW,HW";1494,72
AW402C;H_VC;"4"""" REFRIG. SHUT-OFF VALVE ANGLE, WELDED, SC";1933,2
AW402H;H_VC;"4"""" REFRIG. SHUT-OFF VALVE ANGLE, BW, HANDWHEEL";1933,2
AW500C;H_VC;"5"""" REFRIG. SHUT-OFF VALVE ANGLE, WELDED, SC";3261,6
AW500H;H_VC;"5"""" REFRIG. SHUT-OFF VALVE ANGLE, BW, HW";3261,6
AW600C;H_VC;"6"""" REFRIG SHUT-OFF VALVE, ANGLE, WELDED, SC";3771,36
AW600H;H_VC;"6"""" REFRIG SHUT-OFF VALVE, ANGLE, WELDED, HANDWHEEL";3771,36
AW800C;H_VC;"8"""" REFRIG. SHUT-OFF VALVE ANGLE, WELDED, SEAL CAP";7988,76
AW800H;H_VC;"8"""" REFRIG. SHUT-OFF VALVE ANGLE, BW, HW";7988,76
AWB050C;H_VC;"1/2"""" SHUT-OFF VLV,ANG,BLT.BNT, BW,SC";311,04
AWB050H;H_VC;"1/2"""" SHUTOFF VALVE, ANGLE, BW, 4BOLT, HW";311,04
AWB075C;H_VC;"3/4"""" SHUT-OFF VLV,ANG,4-BLT.BW,SC";366,12
AWB075H;H_VC;"3/4"""" SHUTOFF VLV,ANG,HW,BW,4BOLT";366,12
AWB100C;H_VC;"1"""" ANGLE SHUT-OFF,BLT.BNT.BW,SC";384,48
AWB100H;H_VC;"1"""" SHUT-OFF VLV,ANGLE,HW,BW,4BOLT";384,48
AWB125C;H_VC;"1-1/4"""" ANG. SHUT-OFF VLV,BLT.BNT,BW,SC";533,52
AWB125H;H_VC;"1-1/4"""" ANG. SHUT-OFF VLV, BW, HW,";533,52
AWE050C;H_VC;"1/2"""" SHUT-OFF VLV,ANGLE BW EXT NECK,SC";435,24
AWE075C;H_VC;"3/4"""" SHUT-OFF VLV,ANG,BW,SC,EXT NECK,4-BLT";494,64
AWE075H;H_VC;"3/4"""" SHUT-OFF VLV,ANGLE BW EXT NECK,HW";494,64
AWE100C;H_VC;"1"""" SHUT-OFF VALVE,ANGLE,EXTENDED NECK,BW,SC";581,04
AWE100H;H_VC;"1"""" SHUT-OFF VALVE, ANGLE, EXTENDED NECK, BW, HW";581,04
AWE125C;H_VC;"1-1/4"""" SOV,ANGLE BW EXTENDED NECK,SEAL CAP";734,4
AWE150C;H_VC;"1-1/2"""" SHUT-OFF VLV,ANGLE BW,EXT NECK,SC";900,72
AWE150H;H_VC;"1-1/2"""" SHUT-OFF VALVE,ANGLE,EXTENDED NECK,BW,HW";900,72
AWE200C;H_VC;"2"""" SHUT-OFF VALVE,ANGLE.EXTENDED.NECK,BW,SC";1006,56
AWE200H;H_VC;"2"""" SHUT-OFF VALVE,ANG.EXT.NECK,BW,HW";1006,56
AWE251C;H_VC;"2-1/2""""NH3 ANG. SHUT-OFF,EXT NECK WELDED,SC";1324,08
AWE251H;H_VC;"2-1/2""""NH3 SHUT-OFF,ANGLE,EXT NECK,WELDED,HW";1324,08
AWE301C;H_VC;"3"""" SHUT-OFF VALVE,ANG,EXTENDED NECK,BW,SC";1802,52
AWE301H;H_VC;"3""""SHUT-OFF VALVE,ANG.EXT NECK,BW,HW";1802,52
AWE402C;H_VC;"4"""" SHUT-OFF VALVE, ANG.,EXTENDED  NECK,BW,SC";2355,48
AWE402H;H_VC;"4"""" SHUT-OFF VALVE, ANGLE, EXT.NECK,BW,HW";2355,48
BT1;H_VC;"EZ-FITTING, 1/2"""" MPT INLET X 3/4"""" OUTLET";234,36
BT2;H_VC;"EZ-FITTING, 3/4"""" MPT INLET X 1"""" OUTLET";359,64
BW1;H_VC;"EZ-FITTING, 1/2"""" BW INLET X 3/4"""" OUTLET";236,52
CHCK5DW/4042;H_VC;"1-1/2""""(40MM)SLF-EQ.SUC.STOP,WELD-IN 1-1/2""""BW, 51BAR";3389,04
CHCK5DW/5052;H_VC;"2"""" (50MM) SELF-EQ GAS SUC.STOP VLV WELD-IN-2"""" BW, 51BAR";3561,84
CHCK5DW/6062;H_VC;"2-1/2""""(65MM)SLF-EQ. GAS SUC.STOP VLV WELD-IN-2-1/2"""" BW, 51 BAR";4429,08
CHCK5DW/7072;H_VC;"3""""(80MM) SELF-EQ. GAS SUC.STOP VLV WELD-IN-LINE, 51 BAR";5249,88
COV;H_VC;TOP METAL CVR HANSEN HLL SERIES OF REF FLT SWTH;212,76
EZB/150;H_VC;EZ-SRV CARTRIDGE RELIEF VLV, BARE;467,64
EZB/150-BT1;H_VC;"EZ-SRV CARTRIDGE RELF VLV, 1/2"""" MPT W/ FITTING";702
EZB/150-BT2;H_VC;"EZ-SRV CARTRIDGE RELF VLV, 3/4"""" MPT W/FITTING";819,72
EZB/150-BW1;H_VC;"EZ-SRV CARTRIDGE RELF VLV, 1/2"""" BW W/ FITTING";702
EZB/150-BW2;H_VC;"EZ-SRV CARTRIDGE RELIEF VLV, 3/4"""" BW W/ FITTING";819,72
EZB/16E-BW1;H_VC;"EZ-SRV CART RLF,1/2"""" BW W/ FTG,CATIV,MODB&D,EF104";702
EZB/19E-BW2;H_VC;"EZ-SRV CART RLF,3/4"""" BW W/ FTG,CATIV,MODB&D,EF104";819,72
EZB/200;H_VC;EZ-SRV CARTRIDGE RELIEF VLV, BARE;467,64
EZB/200-BT1;H_VC;"EZ-SRV CARTRIDGE RELF VLV, 1/2"""" MPT W/ FITTING";702
EZB/200-BT2;H_VC;"EZ-SRV CARTRIDGE RELF VLV, 3/4"""" MPT W/ FITTING";819,72
EZB/200-BW1;H_VC;"EZ-SRV CARTRIDGE RELF VLV,1/2"""" BW W/ FITTING";702
EZB/200-BW2;H_VC;"EZ-SRV CARTRIDGE RELIEF VLV,3/4"""" BW W/ FITTING";819,72
EZB/225;H_VC;EZ-SRV CARTRIDGE RELIEF VLV, BARE;467,64
EZB/225-BT1;H_VC;"EZ-SRV CARTRIDGE RELF VLV,1/2"""" MPT W/ FITTING";702
EZB/225-BT2;H_VC;"EZ-SRV CARTRIDGE RELF VLV, 3/4"""" MPT W/ FITTING";819,72
EZB/225-BW1;H_VC;"EZ-SRV CARTRIDGE RELF VLV, 1/2"""" BW W/ FITTING";702
EZB/24E-BW2;H_VC;"EZ-SRV CART RLF,3/4"""" BW W/ FTG,CATIV,MODB&D,EF104";819,72
EZB/250;H_VC;EZ-SRV CARTRIDGE RELIEF VLV, BARE;467,64
EZB/250-BT1;H_VC;"EZ-SRV CARTRIDGE RELF VLV, 1/2"""" MPT W/ FITTING";702
EZB/250-BT2;H_VC;"EZ-SRV CARTRIDGE RELF VLV, 3/4"""" MPT W/ FITTING";819,72
EZB/250-BW1;H_VC;"EZ-SRV CARTRIDGE RELF VLV, 1/2"""" BW W/ FITTING";702
EZB/250-BW2;H_VC;"EZ-SRV CARTRIDGE RELIEF VLV,3/4"""" BW W/ FITTING";819,72
EZB/300;H_VC;EZ-SRV CARTRIDGE RELIEF VLV, BARE;467,64
EZB/300-BT1;H_VC;"EZ-SRV CARTRIDGE RELF VLV, 1/2"""" MPT W/ FITTING";702
EZB/300-BT2;H_VC;"EZ-SRV CARTRIDGE RELF VLV,3/4"""" MPT W/ FITTING";819,72
EZB/300-BW1;H_VC;"EZ-SRV CARTRIDGE RELF VLV,1/2"""" BW W/ FITTING";702
EZB/300-BW2;H_VC;"EZ-SRV CARTRIDGE RELF VLV,3/4"""" BW W/ FITTING";819,72
EZB/350;H_VC;EZ-SRV CARTRIDGE RELIEF VLV, BARE;467,64
EZB/350-BT1;H_VC;"EZ-SRV CARTRIDGE RELF VLV, 1/2"""" MPT W/ FITTING";702
EZB/350-BT2;H_VC;"EZ-SRV CARTRIDGE RELF VLV, 3/4"""" MPT W/ FITTING";819,72
EZB/400;H_VC;EZ-SRV CARTRIDGE RELIEF VLV, BARE;467,64
EZB/400-BT1;H_VC;"EZ-SRV CARTRIDGE RELF VLV, 1/2"""" MPT W/ FITTING";702
EZB/400-BW1;H_VC;"EZ-SRV CARTRIDGE RELF VLV,1/2"""" BW W/ FITTING";702
EZB/400-BW2;H_VC;"EZ-SRV CARTRIDGE RELF VLV,3/4"""" BW W/FITTING";819,72
EZB/450;H_VC;EZ-SRV CARTRIDGE RELIEF VLV, BARE;467,64
EZB/450-BT1;H_VC;"EZ-SRV CARTRIDGE RELF VLV,1/2"""" MPT W/FITTING";702
EZB/500;H_VC;EZ-SRV CARTRIDGE RELIEF VLV, BARE;467,64
EZB/500-BT1;H_VC;"EZ-SRV CARTRIDGE RELF VLV, 1/2"""" MPT W/ FITTING";702
EZB/550;H_VC;EZ-SRV CARTRIDGE RELIEF VLV, BARE;467,64
EZB/550-BW1;H_VC;"EZ-SRV CARTRIDGE RELF VLV, 1/2"""" BW W/ FITTING";702
EZB/550-BW2;H_VC;"EZ-SRV CARTRIDGE RELIEF VLV, 3/4"""" BW W/ FITTING";819,72
EZB/600;H_VC;EZ-SRV CARTRIDGE RELIEF VLV, BARE;467,64
EZB/600-BT1;H_VC;"EZ-SRV CARTRIDGE RELF VLV,1/2"""" MPT W/FITTING";702
EZB/600-BT2;H_VC;"EZ-SRV CARTRIDGE RELF VLV, 3/4"""" MPT W/ FITTING";819,72
EZB/600-BW2;H_VC;"EZ-SRV CARTRIDGE RELF VLV, 3/4"""" BW FITTING, 600 PS";819,72
EZC/150;H_VC;EZ-SRV CARTRIDGE RELIEF VLV, BARE;542,16
EZC/150-BT2;H_VC;"EZ-SRV CARTRIDGE RELF VLV,3/4"""" MPT W/ FITTING";901,8
EZC/150-BW2;H_VC;"EZ-SRV CARTRIDGE RELF VLV,3/4"""" BW W/ FITTING";901,8
EZC/200;H_VC;EZ-SRV CARTRIDGE RELIEF VLV, BARE;542,16
EZC/200-BW2;H_VC;"EZ-SRV CARTRIDGE RELF VLV, 3/4"""" BW W/ FITTING";901,8
EZC/225-BW2;H_VC;"EZ-SRV CARTRIDGE RELF VLV,3/4"""" BW W/ FITTING";901,8
EZC/250;H_VC;EZ-SRV CARTRIDGE RELIEF VLV, BARE;542,16
EZC/250-BT2;H_VC;"EZ-SRV CARTRIDGE RELF VLV, 3/4"""" MPT W/ FITTING";901,8
EZC/250-BW2;H_VC;"EZ-SRV CARTRIDGE RELF VLV, 3/4"""" BW W/ FITTING";901,8
EZC/300;H_VC;EZ-SRV CARTRIDGE RELIEF VLV, BARE;542,16
EZC/300-BT2;H_VC;"EZ-SRV CARTRIDGE RELF VLV, 3/4"""" MPT W/ FITTING";901,8
EZC/300-BW2;H_VC;"EZ-SRV CARTRIDGE RELIEF VLV,3/4"""" BW W/ FITTING";901,8
EZC/350;H_VC;EZ-SRV CARTRIDGE RELIEF VLV, BARE;542,16
EZC/350-BT2;H_VC;"EZ-SRV CARTRIDGE RELF VLV, 3/4"""" MPT W/ FITTING";901,8
EZC/400;H_VC;EZ-SRV CARTRIDGE RELIEF VLV, BARE;542,16
EZC/450-BT2;H_VC;"EZ-SRV CARTRIDGE RELF VLV, 3/4"""" MPT W/ FITTING";901,8
EZC/500;H_VC;EZ-SRV CARTRIDGE RELIEF VLV, BARE;542,16
EZC/500-BT2;H_VC;"EZ-SRV CARTRIDGE RELF VLV,3/4"""" MPT W/ FITTING";901,8
EZC/550;H_VC;EZ-SRV CARTRIDGE RELIEF VLV, BARE;542,16
EZC/550-BT2;H_VC;"EZ-SRV CARTRIDGE RELF VLV,3/4"""" MPT W/ FITTING";901,8
EZC/550-BW2;H_VC;"EZ-SRV CARTRIDGE RELF VLV,3/4"""" BW W/ FITTING";901,8
EZC/600-BT2;H_VC;"EZ-SRV CARTRIDGE RELF VLV,3/4"""" MPT W/FITTING";901,8
EZE/150;H_VC;EZ-SRV CARTRIDGE RELIEF VLV, BARE;860,76
EZE/150-BT4;H_VC;"EZ-SRV CARTRIDGE RELF VLV, 1"""" MPT W/ FITTING";1286,28
EZE/200;H_VC;EZ-SRV CARTRIDGE RELIEF VLV, BARE;860,76
EZE/200-BW4;H_VC;"EZ-SRV CARTRIDGE RELF VLV, 1"""" BW W/ FITTING";1286,28
EZE/225;H_VC;EZ-SRV CARTRIDGE RELIEF VLV, BARE;860,76
EZE/225-BT4;H_VC;"EZ-SRV CARTRIDGE RELF VLV 1"""" MPT W/ FITTING";1286,28
EZE/225-BW4;H_VC;"EZ-SRV CARTRIDGE RELF VLV 1"""" BW W/ FITTING";1286,28
EZE/250;H_VC;EZ-SRV CARTRIDGE RELIEF VLV, BARE;860,76
EZE/250-BT4;H_VC;"EZ-SRV CARTRIDGE RELF VLV,1"""" MPT W/ FITTING";1286,28
EZE/250-BW4;H_VC;"EZ-SRV CARTRIDGE RELF VLV,1"""" BW W/ FITTING";1286,28
EZE/300;H_VC;EZ-SRV CARTRIDGE RELIEF VLV, BARE;860,76
EZE/300-BW4;H_VC;"EZ-SRV CARTRIDGE RELF VLV 1"""" BW W/ FITTING";1286,28
EZE/350;H_VC;EZ-SRV CARTRIDGE RELIEF VLV, BARE;860,76
EZE/350-BT4;H_VC;"EZ-SRV CARTRIDGE RELF VLV 1"""" MPT W/ FITTING";1286,28
EZF/150;H_VC;EZ-SRV CARTRIDGE RELIEF VLV, BARE;1584,36
EZF/150-BT5;H_VC;"EZ-SRV CARTRIDGE RELF VLV 1-1/4"""" MPT W/ FITTING";2374,92
EZF/150-BW5;H_VC;"EZ-SRV CARTRIDGE RELF VLV 1-1/4"""" BW W/ FITTING";2374,92
EZF/200-BW5;H_VC;"EZ-SRV CARTRIDGE RELF VLV 1-1/4"""" BW W/FITTING";2374,92
EZF/225-BT5;H_VC;"EZ-SRV CARTRIDGE RELF VLV 1-1/4"""" MPT W/ FITTING";2374,92
EZF/225-BW5;H_VC;"EZ-SRV CARTRIDGE RELF VLV 1-1/4"""" BW W/ FITTING";2374,92
EZF/250;H_VC;EZ-SRV CARTRIDGE RELIEF VLV, BARE;1584,36
EZF/250-BT5;H_VC;"EZ-SRV CARTRIDGE RELF VLV,1-1/4"""" MPT W/ FITTING";2374,92
EZF/250-BW5;H_VC;"EZ-SRV CARTRIDGE RELF VLV,1-1/4"""" BW W/FITTING";2374,92
EZF/300;H_VC;EZ-SRV CARTRIDGE RELIEF VLV, BARE;1584,36
EZF/300-BT5;H_VC;"EZ-SRV CARTRIDGE RELF VLV 1-1/4"""" MPT W/ FITTING";2374,92
EZF/300-BW5;H_VC;"EZ-SRV CARTRIDGE RELF VLV 1-1/4"""" BW W/ FITTING";2374,92
EZF/350;H_VC;EZ-SRV CARTRIDGE RELIEF VLV, BARE;1584,36
EZF/350-BT5;H_VC;"EZ-SRV CARTRIDGE RELF VLV 1-1/4"""" MPT W/ FITTING";2374,92
EZF/350-BW5;H_VC;"EZ-SRV CARTRIDGE RELF VLV 1-1/4"""" BW W/ FITTING";2374,92
EZLQ/100;H_VC;EZ-SRV LIQUID CARTRIDGE RLF VLV, BARE;451,44
EZLQ/100-BT1;H_VC;"EZLQ LIQUID RELF VLV, 1/2"""" MPT W/ FITTING";684,72
EZLQ/100-BT2;H_VC;"EZLQ LIQUID RELF VLV, 3/4"""" MPT W/ FITTING";806,76
EZLQ/100-BW1;H_VC;"EZLQ LIQUID RELF VLV, 1/2"""" BW W/ FITTING";684,72
EZLQ/100-BW2;H_VC;"EZLQ LIQUID RELIEF VALVE, 3/4"""" BW W/ FITTING";806,76
EZLQ/50;H_VC;EZ-SRV LIQUID CARTRIDGE RLF VLV, BARE;451,44
EZLQ/50-BT1;H_VC;"EZLQ LIQUID RELF VLV, 1/2"""" MPT W/ FITTING";684,72
EZLQ/50-BT2;H_VC;"EZLQ LIQUID RELF VLV, 3/4"""" MPT W/ FITTING";806,76
EZLQ/50-BW1;H_VC;"EZLQ LIQUID RELF VLV, 1/2"""" BW W/ FITTING";684,72
EZLQ/50-BW2;H_VC;"EZLQ LIQUID RELF VLV, 3/4"""" BW W/ FITTING";806,76
EZLQ/75;H_VC;EZ-SRV LIQUID CARTRIDGE RLF VLV, BARE;451,44
EZLQ/75-BT1;H_VC;"EZLQ LIQUID RELF VLV, 1/2"""" MPT W/ FITTING";684,72
EZLQ/75-BT2;H_VC;"EZLQ LIQUID RELF VLV, 3/4"""" MPT W/ FITTING";806,76
EZLQ/75-BW1;H_VC;"EZLQ LIQUID RELF VLV, 1/2"""" BW W/ FITTING";684,72
EZLQ/75-BW2;H_VC;"EZLQ LIQUID RELF VLV, 3/4"""" BW W/ FITTING";806,76
G3;H_VC;"NH3/HACBN GAUGE,30""""TO 350PSIG,1/4"""" NPT,3.5"""" DIAM";279,72
G4;H_VC;"NH3/HACBN GAUGE 30""""TO 150PSIG,1/4"""" NPT,3.5"""" DIAM";279,72
G5M-S;H_VC;STAINLESS STEEL HALO GAUGE(BAR/DEGREE)-1 TO12 BAR;443,88
G6M-S;H_VC;HALO GAUGE,-1 TO25 BAR,1/4NPT,100mm STAINLESS STL;443,88
GA1;H_VC;"NH3 TEMP/PRESSGAUGE 30""""TO300PSIG,1/4""""NPT,3.5"""" DIA";279,72
GA1M;H_VC;"NH3 GAUGE-1 TO +11 BAR 1/4""""NPT,90MM DIA FACE";279,72
GA1M-S;H_VC;NH3 GAUGE -1 TO +11 BAR, NPT, 100MM DIA STAINLESS;443,88
GA1-S;H_VC;"NH3 GAUGE -30-300 PSIG,1/4""""NPT,4DIA,SS";443,88
GA2;H_VC;"NH3 GAUGE 30"""" TO 150PSIG 1/4"""" NPT,3.5"""" DIAMETR FAC";279,72
GA2M;H_VC;"NH3 GAUGE -1 TO +21 BAR 1/4"""" NPT,90MM DIAM FACE";279,72
GA2M-S;H_VC;"NH3 GAUGE -1 TO+21BAR,1/4""""NPT,100MM DIA, S/S";443,88
GA2-S;H_VC;"NH3 GAUGE -30-150PSI,1/4""""NPT,4""""DIA,STAINLESS STL.";443,88
GS150C;H_VC;"1-1/2"""" REFRIG SHUT-OFF VLV,GLOBE,SOCKET WELD,SC";653,4
GS150H;H_VC;"1-1/2""""NH3 SHUT-OFF VALVE GLOBE,SOCKET WELD,HW";653,4
GS200C;H_VC;"2"""" REFRIG. SHUT-OFF VALVE GLOBE, SOCKET WELD, SC";751,68
GS200H;H_VC;"2"""" AMMONIA SHUT-OFF VALVE GLOBE, SW, HW";751,68
GS251C;H_VC;"2-1/2""""REFRIG.SHUT-OFF VLV GLOBE,SOCKET WELD,SC";1007,64
GS251H;H_VC;"2-1/2""""NH3 SHUT-OFF VALVE GLOBE,SOCKET WELD,HW";1007,64
GSB051C;H_VC;"1/2""""SHUT-OFF VLV,GLB,BLT.BONNET,SW,SC,T-STYLE";284,04
GSB051H;H_VC;"1/2""""SHUT-OFF VLV,GLB,BLT.BONNET,SW,HW,T-STYLE";284,04
GSB076C;H_VC;"3/4""""SHUT-OFF VLV,GLB,BLT.BONNET,SW,SC,T-STYLE";336,96
GSB076H;H_VC;"3/4""""SHUT-OFF VLV,GLB.,BLT.BONNET,SW,HW,T-STYLE";336,96
GSB101C;H_VC;"1""""SHUT-OFF VLV,GLB,BLT.BONNET,T-STYLE,SW,SC";355,32
GSB101H;H_VC;"1""""SHUT-OFF VLV,GLB,T-STYLE,BLT.BONNET,SW,HW";355,32
GSB126C;H_VC;"1-1/4""""SHUT-OFF VLV,GLB,T-STYLE,BLT.BONNET,SW,SC";487,08
GSB126H;H_VC;"1-1/4""""SHUT-OFF VLV,GLB,T-STYLE,BLT.BONNET,SW,HW";487,08
GSE051C;H_VC;"1/2""""SHUT-OFF VLV,GLB. EXT.NCK,BLT.BNT,T-STY,SW,SC";408,24
GSE051H;H_VC;"1/2"""" SHUT-OFF VLV,GLB.EXT.NCK,BLT.BNT,T-STYL,SW,HW";408,24
GSE076C;H_VC;"3/4""""SHUT-OFF,GLB EXT NCK,BLT BNT,T-STYL SW SC";465,48
GSE076H;H_VC;"3/4"""" SHUT-OFF GLOBE.EXT.NECK,SW,HW";465,48
GSE101C;H_VC;"1""""SHUT-OFF VLV,GLB.EXT.NECK,BLT.BNT,T-STYLE,SW,SC";552,96
GSE101H;H_VC;"1""""SHUT-OFF VLV,GLB.EXT.NCK,BLT.BNT,T-STYLE,SW,HW";552,96
GSE126C;H_VC;"1-1/4""""SHUT-OFF,GLB.EXT.NCK,BLT.BNT,T-STYLE,SW,SC";686,88
GSE126H;H_VC;"1-1/4"""" SHUT-OFF VLV,GLOBE.EXT.NCK SW,HW";686,88
GSE150C;H_VC;"1-1/2""""SHUT-OFF VLV,GLB,EXT.NECK,T-STYLE,SW,SC";880,2
GSE150H;H_VC;"1-1/2""""SHUT-OFF VLV,GLB,EXT.NECK,T-STYLE,SW,HW";880,2
GSE200C;H_VC;"2""""SHUT-OFF VLV,GLB, EXT.NECK,BLT.BNT,T-STYLE,SW,SC";982,8
GSE200H;H_VC;"2""""SHUT-OFF VLV,GLB,EXT.NCK,BLT.BNT,T-STYL SW,HW";982,8
GSE251C;H_VC;"2-1/2"""" SHUT-OFF GLOBE, EXT NECK, SW,SC";1294,92
GSE251H;H_VC;"2-1/2"""" SHUT-OFF,GLOBE. EXT.NCK, SW,HW";1294,92
GT038C;H_VC;"3/8""""REFRIG SHUT-OFF VLV GLOBE,THREADED,SEAL CAP";238,68
GT038H;H_VC;"3/8""""NH3 SHUT-OFF VALVE GLOBE,THREADED, HANDWHEEL";238,68
GT051C;H_VC;"1/2""""REFRIG SHUT-OFF VLV GLOBE,THREADED,SEAL CAP";244,08
GT051H;H_VC;"1/2""""NH3 SHUT-OFF VALVE GLOBE,THD,HW";244,08
GT076C;H_VC;"3/4""""REFRIG SHUT-OFF VLV GLOBE,THREADED,SEAL CAP";278,64
GT076H;H_VC;"3/4""""NH3 SHUT-OFF VALVE GLOBE,THREADED,HANDWHEEL";278,64
GTB051C;H_VC;"1/2"""" SHUTOFF VLV,GLOBE SC,T-STYL,THD,4-BOLT";281,88
GTB051H;H_VC;"1/2"""" SOV,THD,T-STYLE GLOBE HW,4-BOLT";281,88
GTB076C;H_VC;"3/4""""SHUT-OFF VLV,GLOBE SC THD,T-STYLE,4-BOLT";335,88
GTB076H;H_VC;"3/4"""" SHUTOFF VLV,THD,T-STYLE GLOBE HW, 4-BOLT";335,88
GTB101C;H_VC;"SHUT-OFF VLV,T-STYLE 1"""" GLOBE,SC,THD,4-BOLT";351
GTB101H;H_VC;"1"""" SHUT-OFF VLV, T-STYLE GLOBE HW, THD, 4-BOLT";351
GTB126C;H_VC;"VALVE, T-STYLE GLOBE SC 1-1/4"""" THD, 4-BOLT";487,08
GTB126H;H_VC;"VALVE, T-STYLE GLOBE HW 1-1/4"""" THD, 4-BOLT";487,08
GTE051C;H_VC;"1/2""""SHT-OFF VLV, GLB,EXT.NECK,,T-STYLE,THD,SC";406,08
GTE051H;H_VC;"1/2"""" SHT-OFF VLV,GLB,EXT.NECK,,T-STYLE,THD.HW";406,08
GTE076C;H_VC;"3/4"""" SHT-OFF VLV,GLB. EXT.NECK,T-STYLE,THD,SC";463,32
GTE076H;H_VC;"3/4""""SHT-OFF VLV,GLB.EXT.NECK,T-STYLE,THD,HW";463,32
GTE101C;H_VC;"1"""" SHT-OFF VLV,GLB.EXT.NECK,,T-STYLE,THD.SC";550,8
GTE101H;H_VC;"1"""" SHT-OFF VLV,GLB.EXT.NECK.,T-STYLE,THD,HW";550,8
GTE126C;H_VC;"1-1/4"""" SHT-OFF VLV,GLB.EXT.NECK,T-STYLE,THD.SC";686,88
GTE126H;H_VC;"1-1/4"""" SHT-OFF VLV,GLB,EXT.NECK,T-STYLE,THD,HW";686,88
GW1000C;H_VC;"10"""" REFRIG. SHUT-OFF VALVE, GLOBE, WELDED, SC";18315,72
GW1000H;H_VC;"10"""" REFRIG. SHUT-OFF VALVE, GLOBE, BW, HW";18315,72
GW1200C;H_VC;"12"""" REFRIG. SHUT-OFF VALVE GLOBE, WELDED, SC";26690,04
GW1200H;H_VC;"12"""" REFRIG. SHUT-OFF VALVE,GLOBE,BW,HW";26690,04
GW1400C;H_VC;"14"""" REFRIG. SHUT-OFF VALVE, GLOBE, WELDED, SC";53555,04
GW1400H;H_VC;"14"""" REFRIG. SHUT-OFF VALVE, GLOBE, BW, HW";53555,04
GW150C;H_VC;"1-1/2"""" GLOBE SHUT-OFF VALVE BW, SC";693,36
GW150H;H_VC;"1-1/2"""" GLOBE SHUT-OFF VALVE, BW HW";693,36
GW200C;H_VC;"2"""" REFRIG SHUT-OFF VALVE GLOBE, BW, SC";778,68
GW200H;H_VC;"2"""" AMMONIA SHUT-OFF VALVE GLOBE, BW, HANDWHEEL";778,68
GW251C;H_VC;"2-1/2""""REFRIG SHUT-OFF VALVE GLOBE,BW,SC";1034,64
GW251H;H_VC;"2-1/2""""NH3 SHUT-OFF VALVE,GLOBE,BW,HW";1034,64
GW301C;H_VC;"3""""REFRIG SHUT-OFF VLV,GLOBE,BW,SC";1494,72
GW301H;H_VC;"3"""" AMMONIA SHUT-OFF VALVE GLOBE, WELDED, HANDWHEEL";1494,72
GW402C;H_VC;"4"""" REFRIG. SHUT-OFF VALVE GLOBE, BW, SC";1933,2
GW402H;H_VC;"4"""" REFRIG. SHUT-OFF VALVE GLOBE, BW, HANDWHEEL";1933,2
GW500C;H_VC;"5"""" AMMONIA SHUT-OFF VALVE GLBE, WELDED, SEAL CAP";3517,56
GW500H;H_VC;"5"""" AMMONIA SHUT-OFF VALVE GLOBE, BW, HW";3517,56
GW600C;H_VC;"6"""" REFRIG. SHUT-OFF VALVE GLOBE, BW, SC";4071,6
GW600H;H_VC;"6"""" REFRIG. SHUT-OFF VALVE GLOBE, BW, HW";4071,6
GW800C;H_VC;"8"""" REFRIG. SHUT-OFF VALVE GLOBE, WELDED, SEAL CAP";8625,96
GW800H;H_VC;"8"""" REFRIG. SHUT-OFF VALVE GLOBE,BW,HW";8625,96
GWB051C;H_VC;"VALVE, T-STYLE GLOBE SC 1/2"""" BW, 4-BOLT";311,04
GWB051H;H_VC;"1/2"""" SHUTOFF VLV,GLOBE,HW,BW,T-STYLE,4-BOLT";311,04
GWB076C;H_VC;"3/4"""" SHUTOFF VLV,T-STYLE GLOBE,SC,BW,4-BOLT";366,12
GWB076H;H_VC;"3/4"""" SHUTOFF VLV,T-STYLE GLOBE,HW,BW,4-BOLT";366,12
GWB101C;H_VC;"SHUT-OFF VLV,T-STYLE GLOBE SC 1"""" BW, 4-BOLT";384,48
GWB101H;H_VC;"SOV, T-STYLE GLOBE HW 1"""" BW, 4-BOLT";384,48
GWB126C;H_VC;"1-1/4""""SHUT-OFF VLV,GLB.BOLTED BNT.T-STYLE,BW,SC";533,52
GWB126H;H_VC;"SHUT-OFF VALVE,T-STYLE GLOBE HW 1-1/4"""" BW,4-BOLT";533,52
GWE051C;H_VC;"1/2"""" SHUT-OFF VLV,GLOBE EXT NECK,BW,SC";435,24
GWE051H;H_VC;"1/2"""" SHUT-OFF VLV,GLOBE EXT NECK,BW,HW";435,24
GWE076C;H_VC;"3/4"""" T-STYLE GLOBE EXT NECK SOV BW SC 4-BOLT";494,64
GWE076H;H_VC;"3/4"""" T-STYLE GLOBE EXT NECK SOV BW HW 4-BOLT";494,64
GWE101C;H_VC;"1"""" T-STYLE GLOBE EXT NECK SOV, SC BW, 4-BOLT";581,04
GWE101H;H_VC;"1"""" T-STYLE GLOBE EXT NECK SOV,HW BW,4-BOLT";581,04
GWE126H;H_VC;"1-1/4"""" GLOBE BW EXT NECK HANDWHEEL SOV";734,4
GWE150C;H_VC;"1-1/2"""" SHUT-OFF, GLOBE BW,EXT NECK, BOLT BNT,SC";900,72
GWE150H;H_VC;"1-1/2"""" SHUTOFF VLV,GLOBE BW EXT NECK,BLT.BNT,SW,HW";900,72
GWE200C;H_VC;"2"""" SHUT-OFF VLV,GLB.EXT.NECK,T-STYLE,BW,SC";1006,56
GWE200H;H_VC;"2"""" SHUT-OFF VLV,GLB.EXT.NECK,T-STYLE,BW,HW";1006,56
GWE251C;H_VC;"2-1/2"""" SHUT-OFF VALVE,GLB. EXT.NECK,T-STYLE,BW,SC";1324,08
GWE251H;H_VC;"2-1/2"""" SHUT-OFF VLV,GLB,EXT NECK T-STYLE,BW,HW";1324,08
GWE301C;H_VC;"3"""" SHUT-OFF VALVE,GLB.EXT.NECK,T-STYLE,BW,SC";2000,16
GWE301H;H_VC;"3"""" SHUT-OFF VALVE,GLB.EXT.NECK,T-STYLE,BW,HW";1802,52
GWE400C;H_VC;"4"""" T-STYLE. SHUT-OFF,GLOBE,EXT. NECK,BW,SC,CO2";2355,48
GWE402H;H_VC;"4"""" T-STYLE SHUT-OFF, GLB, EXTENDED NECK, BW, HW";2355,48
H1100;H_VC;SEE-LVL LIQ IND,CLEAR LENS,CE-CAT.II,MOD.H,EF110;330,48
H1100C;H_VC;SEE-LVL LIQ.CLR LENS SAD.MILLD HSG,CATII,MODHEF110;363,96
H1100C-N;H_VC;SEE-LVL IND.CLR LEN SADHSG/FRST SHLD.CE-CAT.II,MOD;427,68
H1100C-R;H_VC;SEE-LVL LIQ W/SAD.MILLED HSG,CE-CAT.II,MOD.H,EF110;363,96
H1100C-R/12;H_VC;SEE-LEVEL LIQD INDICATR W/SADDLE MILLED HSG.QTY12;3349,08
H1100C-RN;H_VC;SEE-LVL LIQ IND.SDL HSG/FRTSLD,CE-CAT.II.MODHEF110;427,68
H1100C-RN/12;H_VC;SEE-LVL,LIQ.SAD.HSG/FRST SHLD,CE-CAT11,MOD H.EF110;4989,6
H1100-N;H_VC;SEE-LVL LIQ IND.CLEAR LENS FST SH,CATII,MODH,EF110;395,28
H1100-R;H_VC;SEE-LEVEL LIQUID INDICATOR,CE-CAT.II,MOD.H,EF110;330,48
H1100-R/12;H_VC;SEE-LEVEL LIQUID INDICATOR (QTY.12);3260,52
H1100-RN;H_VC;SEE-LEVEL LIQ IND./FST SHLD,CE-CAT.II,MOD.H,EF110;395,28
H1100-RN/12;H_VC;SEE LEVEL LIQUID INDICATOR W/FRST SHIELD (QTY 12);4610,52
H5600A/150-P;H_VC;"NH3 PRESSURE-RELF VLV,EYE,1/2"""" X 3/4"""",SET@150 PSI";643,68
H5600A/150-PI;H_VC;"NH3 PRESSURE-RELF VLV,EYE,1/2"""" X 3/4"""",SET@150 PSI,INSIGHT";1105,92
H5600A/175-P;H_VC;"PRESSURE-RELF VLV,EYE,1/2"""" X 3/4"""",SET@175 PSI,ACT";643,68
H5600A/200-P;H_VC;"NH3 PRESSURE-RELIEF VLV,EYE,1/2"""" X 3/4"""",SET@200PSI";643,68
H5600A/225-P;H_VC;"NH3 PRESS-RLF VLV,EYE,1/2"""" X 3/4"""",SET@225PSI";643,68
H5600A/250-P;H_VC;"NH3 PRESS-RLF VLV,EYE,1/2"""" X 3/4"""",SET@250PSI";643,68
H5600A/250-PI;H_VC;"NH3 PRESS-RLF VLV,EYE,1/2"""" X 3/4"""",SET@250PSI,INSIGHT";1105,92
H5600A/275-P;H_VC;"NH3 PRESS-RLF VLV,EYE,1/2"""" X 3/4"""",SET@275PSI";643,68
H5600A/300-P;H_VC;"NH3 PRESSURE-RELF VLV,EYE,1/2"""" X 3/4"""",SET@300 PSI";643,68
H5600A/300-PI;H_VC;"NH3 PRESSURE-RELF VLV,EYE,1/2"""" X 3/4"""",SET@300 PSI,INSIGHT";1105,92
H5600A/350-P;H_VC;"NH3 PRESS RLF VLV,EYE,1/2"""" X 3/4"""",SET@350 PSI";643,68
H5600A/400-P;H_VC;"NH3 PRESSURE-RELIEF VLV,EYE,1/2""""X3/4"""",SET@400 PSI";643,68
H5600A/400-PI;H_VC;"NH3 PRESSURE-RELIEF VLV,EYE,1/2""""X3/4"""",SET@400 PSI,INSIGHT";1105,92
H5600R/150-P;H_VC;"NH3 PRESS RLF VLV,RED,EYE,1/2""""X3/4"""",SET@150PSI";643,68
H5600R/150-PI;H_VC;"NH3 PRESS RLF VLV,RED,EYE,1/2""""X3/4"""",SET@150PSI,INSIGHT";1105,92
H5600R/200-P;H_VC;"NH3 PRES RELIEF VLV,RED,EYE,1/2""""X3/4"""",SET@200 PSI";643,68
H5600R/225-P;H_VC;"NH3 PRESS RELF VLV,RED,EYE,1/2""""X3/4"""",SET@225 PSI";643,68
H5600R/250-P;H_VC;"NH3 PRESS RELIEF VLV,RED,EYE,1/2""""X3/4"""",SET@250PSI";643,68
H5600R/250-PI;H_VC;"NH3 PRESS RELIEF VLV,RED,EYE,1/2""""X3/4"""",SET@250PSI,INSIGHT";1105,92
H5600R/275-P;H_VC;"NH3 PRESS RELIEF VLV,RED,EYE,1/2""""X3/4"""",SET@275PSI";643,68
H5600R/300-P;H_VC;"NH3 PRES RLF VLV,RED,EYE,1/2""""X3/4"""",SET@300 PSI";643,68
H5600R/300-PI;H_VC;"NH3 PRES RLF VLV,RED,EYE,1/2""""X3/4"""",SET@300 PSI,INSIGHT";1105,92
H5600R/350-P;H_VC;"NH3 PRES RELF VLV,RED,EYE,1/2""""X3/4"""",SET@350 PSI";643,68
H5600R/350-PI;H_VC;"NH3 PRES RELF VLV,RED,EYE,1/2""""X3/4"""",SET@350 PSI,INSIGHT";1105,92
H5600R/400-P;H_VC;"NH3 PRESSURE RELIEF VLV,EYE,1/2"""" X 3/4"""",REDUCED";643,68
H5601/150-P;H_VC;"NH3 PRESSURE-RELIEF VLV,EYE,1/2""""X 1"""",SET@150 PSI";648
H5601/150-PI;H_VC;"NH3 PRESSURE-RELIEF VLV,EYE,1/2""""X 1"""",SET@150 PSI,INSIGHT";1110,24
H5601/200-P;H_VC;"NH3 PRESSURE-RELIEF VLV,EYE,1/2""""X1"""",SET@200 PSI";648
H5601/225-P;H_VC;"PRESS RELIEF VLV 1/2""""X1"""",EYE,SET@225 PSI";648
H5601/225-PI;H_VC;"PRESS RELIEF VLV 1/2""""X1"""",EYE,SET@225 PSI,INSIGHT";1110,24
H5601/250-P;H_VC;"NH3 PRESSURE-RELIEF VLV,EYE,1/2""""X1"""",SET@250 PSI";648
H5601/250-PI;H_VC;"NH3 PRESSURE-RELIEF VLV,EYE,1/2""""X1"""",SET@250 PSI,INSIGHT";1110,24
H5601/275-P;H_VC;"NH3 PRESSURE-RELIEF VLV,EYE,1/2""""X1"""",SET@275 PSI";648
H5601/300-P;H_VC;"NH3 PRESSURE-RELIEF VLV,EYE,1/2""""X1"""",SET@300 PSI";648
H5601/300-PI;H_VC;"NH3 PRESSURE-RELIEF VLV,EYE,1/2""""X1"""",SET@300 PSI,INSIGHT";1110,24
H5601/350-P;H_VC;"NH3 PRESSURE-RELIEF VLV,EYE,1/2"""" X 1"""",SET@350 PSI";648
H5602/150-P;H_VC;"NH3 PRESSURE-RELIEF VLV,EYE,3/4""""X1"""",SET@150 PSI";775,44
H5602/150-PI;H_VC;"NH3 PRESSURE-RELIEF VLV,EYE,3/4""""X1"""",SET@150 PSI,INSIGHT";1237,68
H5602/200-P;H_VC;"NH3 PRESSURE-RELIEF VLV,EYE,3/4""""X1"""",SET@200 PSI";775,44
H5602/225-P;H_VC;"NH3 PRESSURE RELF VLV,EYE,3/4"""" X 1"""",SET@225 PSI";775,44
H5602/225-PI;H_VC;"NH3 PRESSURE RELF VLV,EYE,3/4"""" X 1"""",SET@225 PSI,INSIGHT";1237,68
H5602/250-P;H_VC;"NH3 PRESSURE-RELIEF VLV,EYE,3/4""""X1"""",SET@250 PSI";775,44
H5602/250-PI;H_VC;"NH3 PRESSURE-RELIEF VLV,EYE,3/4""""X1"""",SET@250 PSI,INSIGHT";1237,68
H5602/275-P;H_VC;"NH3 PRESSURE RELF VLV,EYE,3/4""""X1"""",SET@275 PSI";775,44
H5602/300-P;H_VC;"NH3 PRESSURE-RELIEF VLV,EYE,3/4""""X1"""",SET@300 PSI";775,44
H5602/300-PI;H_VC;"NH3 PRESSURE-RELIEF VLV,EYE,3/4""""X1"""",SET@300 PSI,INSIGHT";1237,68
H5602/350-P;H_VC;"NH3 PRESSURE-RELIEF VLV,EYE,3/4""""X1"""",SET@350 PSI";775,44
H5602R/150-P;H_VC;"NH3 PRESS-RELF VLV,RED.CAP,EYE,3/4""""x1"""",SET@150PSI";775,44
H5602R/150-PI;H_VC;"NH3 PRESS-RELF VLV,RED.CAP,EYE,3/4""""x1"""",SET@150PSI,INSIGHT";1237,68
H5602R/200-P;H_VC;"NH3 PRESS RLF VLV,RED.CAP,EYE,3/4"""" X 1"""",SET@200PSI";775,44
H5602R/225-P;H_VC;"NH3 PRESS-RLF VLV,3/4"""" X 1"""",RED.CAP,EYE,SET@225PSI";775,44
H5602R/250-P;H_VC;"NH3 PRESS-RLF VLV,RED.CAP,EYE,3/4"""" X 1"""",SET@250PSI";775,44
H5602R/250-PI;H_VC;"NH3 PRESS-RLF VLV,RED.CAP,EYE,3/4"""" X 1"""",SET@250PSI,INSIGHT";1237,68
H5602R/275-P;H_VC;"NH3 PRESS-RLF VLV,3/4"""" X 1"""",RED.CAP,EYE,SET@250PSI";775,44
H5602R/300-P;H_VC;"NH3 PRESS-RLF VLV,RED,EYE,3/4"""" X 1"""",SET@300 PSI";775,44
H5602R/300-PI;H_VC;"NH3 PRESS-RLF VLV, RED, EYE, 3/4"""" X 1"""",SET@300 PSI,INSIGHT";1237,68
H5602R/350-P;H_VC;"NH3 PRESS.RLF VLV,RED,EYE,3/4"""" X 1"""",SET@350PSI";775,44
H5602R/350-PI;H_VC;"NH3 PRESS.RLF VLV, RED, EYE, 3/4"""" X 1"""", SET@350PSI,INSIGHT";1237,68
H5602R/400-P;H_VC;"NH3 PRESS.-RLF VLV(R) 3/4""""X 1"""",EYE,SET@400#";775,44
H5604/150-P;H_VC;"NH3 PRES RELIEF VLV,EYE,1-1/4""""X1-1/2"""",SET@150 PSI";1750,68
H5604/150-PI;H_VC;"NH3 PRES RELIEF VLV,EYE,1-1/4""""X1-1/2"""",SET@150 PSI,INSIGHT";2214
H5604/200-P;H_VC;"NH3 PRES-RELF VLV,EYE,1-1/4""""X1-1/2"""",SET@200 PSI";1750,68
H5604/225-P;H_VC;"NH3 PRES-RELF VLV,EYE,1-1/4""""X1-1/2"""",SET@225 PSI";1750,68
H5604/225-PI;H_VC;"NH3 PRES-RELF VLV,EYE,1-1/4""""X1-1/2"""",SET@225 PSI,INSIGHT";2138,4
H5604/250-P;H_VC;"NH3 PRES-RELF VLV,EYE,1-1/4""""X1-1/2"""",SET@250 PSI";1750,68
H5604/250-PI;H_VC;"NH3 PRES-RELF VLV,EYE,1-1/4""""X1-1/2"""",SET@250 PSI,INSIGHT";2214
H5604/275-P;H_VC;"NH3 PRES-RELF VLV,EYE,1-1/4""""X1-1/2"""",SET@275 PSI";1750,68
H5604/300-P;H_VC;"NH3 PRES-RELF VLV,EYE,1-1/4"""" X 1-1/2"""",SET@300 PSI";1750,68
H5604/300-PI;H_VC;"NH3 PRES-RELF VLV,EYE,1-1/4"""" X 1-1/2"""",SET@300 PSI,INSIGHT";2214
H5604/350-P;H_VC;"NH3 PRES-RLF VLV,EYE,1-1/4""""X1-1/2"""",SET@350 PSI";1750,68
H5604/400-P;H_VC;"NH3 PRES-RLF VLV 1-1/4""""X1-1/2"""",EYE,SET@400 PSI";1750,68
H5613/150-P;H_VC;"NH3 PRESSURE-RELIEF VLV,EYE,1""""X1-1/4"""",SET@150 PSI";1098,36
H5613/150-PI;H_VC;"NH3 PRESSURE-RELIEF VLV,EYE,1""""X1-1/4"""",SET@150 PSI,INSIGHT";1560,6
H5613/200-P;H_VC;"NH3 PRES-RELIEF VLV,EYE,1""""X1-1/4"""",SET@200PSI";1098,36
H5613/225-P;H_VC;"NH3 PRES-RELIEF VLV,EYE,1""""X1-1/4"""",SET@225PSI";1098,36
H5613/250-P;H_VC;"NH3 PRES-RELIEF VLV,EYE,1""""X1-1/4"""",SET@250PSI";1098,36
H5613/250-PI;H_VC;"NH3 PRES-RELIEF VLV,EYE,1""""X1-1/4"""",SET@250PSI,INSIGHT";1560,6
H5613/275-P;H_VC;"NH3 PRES-RELIEF VLV,EYE,1""""X1-1/4"""",SET@275PSI";1098,36
H5613/300-P;H_VC;"NH3 PRESS-RELIEF VLV,EYE,1""""X1-1/4""""SET@300 PSI";1098,36
H5613/300-PI;H_VC;"NH3 PRESS-RELIEF VLV,EYE,1""""X1-1/4""""SET@300 PSI,INSIGHT";1560,6
H5613/350-P;H_VC;"NH3 PRESS-RLF VLV,EYE,1""""X1-1/4"""",SET@350 PSI";1098,36
H5613/350-PI;H_VC;"NH3 PRESS-RLF VLV,EYE,1""""X1-1/4"""",SET@350 PSI,INSIGHT";1560,6
H5613/400-P;H_VC;"NH3 PRESS-RELIEF VLV,1""""X1-1/4"""",EYE,SET@400PSIG";1098,36
H5632R/150-P;H_VC;"NH3 RELIEF VLV,MID-FLO,EYE,3/4""""X1"""",SET@150PSI";775,44
H5632R/150-PI;H_VC;"NH3 RELIEF VLV,MID-FLO,EYE,3/4""""X1"""",SET@150PSI,INSIGHT";1237,68
H5632R/200-P;H_VC;"NH3 RELIEF VALVE,RED,EYE,3/4""""X1"""",SET@200PSI";775,44
H5632R/225-P;H_VC;"NH3 RELIEF VLV,MID-FLO,EYE,3/4"""" X 1"""",SET@225PSI";775,44
H5632R/250-P;H_VC;"NH3 RELIEF VLV,MID-FLO,EYE,3/4"""" X 1"""",SET@250PSI";775,44
H5632R/250-PI;H_VC;"NH3 RELIEF VLV,MID-FLO,EYE,3/4"""" X 1"""",SET@250PSI,INSIGHT";1237,68
H5632R/275-P;H_VC;"NH3 RELIEF VLV,MID-FLO,EYE,3/4"""" X 1"""",SET@275PSI";775,44
H5632R/300-P;H_VC;"NH3 PRESS.RELF.VLV,RED,EYE,3/4"""" X 1"""",SET@300PSI";775,44
H5632R/300-PI;H_VC;"NH3 PRESS.RELF.VLV,RED,EYE,3/4"""" X 1"""",SET@300PSI,INSIGHT";1237,68
H5632R/350-P;H_VC;"NH3 RELIEF VLV,MID-FLO,EYE,3/4""""X1"""",SET@350PSI";775,44
H5632R/350-PI;H_VC;"NH3 RELIEF VLV,MID-FLO,EYE,3/4""""X1"""",SET@350PSI,INSIGHT";1237,68
H5632R/400-P;H_VC;"RLF VLV,MID-FLO,EYE,3/4""""X1"""",SET@400PSI";775,44
H5633R/150-P;H_VC;"NH3 RELIEF VLV,M-FLO,EYE,1""""X 1-1/4"""",SET@150PSI";1098,36
H5633R/150-PI;H_VC;"NH3 RELIEF VLV,M-FLO,EYE,1""""X 1-1/4"""",SET@150PSI,INSIGHT";1560,6
H5633R/200-P;H_VC;"NH3 RELIEF VLV,M-FLO,EYE,1"""" X 1-1/4"""",SET@200PSI";1098,36
H5633R/225-P;H_VC;"NH3 RELIEF VLV,RED,EYE,1""""X1-1/4"""",SET@225PSI";1098,36
H5633R/250-P;H_VC;"NH3 RELIEF VLV,RED,EYE,1""""X1-1/4"""",SET@250PSI";1098,36
H5633R/250-PI;H_VC;"NH3 RELIEF VLV,RED,EYE,1""""X1-1/4"""",SET@250PSI,INSIGHT";1560,6
H5633R/275-P;H_VC;"NH3 RELIEF VLV,RED,EYE,1""""X1-1/4"""",SET@275PSI";1098,36
H5633R/300-P;H_VC;"NH3 RELIEF VLV,RED,PE,1"""" X 1-1/4"""",SET@300PSI";1098,36
H5633R/300-PI;H_VC;"NH3 RELIEF VLV,RED,PE,1"""" X 1-1/4"""",SET@300PSI,INSIGHT";1560,6
H5633R/350-P;H_VC;"NH3 RELIEF VLV,MID-FLO,PE,1""""X1-1/4"""",SET@350PSI";1098,36
H5633R/350-PI;H_VC;"NH3 RELIEF VLV,MID-FLO,EYE,1""""X1-1/4"""",SET@350PSI,INSIGHT";1560,6
H5633R/400-P;H_VC;"RELIEF VLV,MID FLO,1""""X1-1/4"""",EYE,SET@400PSI";1098,36
H5634R/150-P;H_VC;"NH3 RELIEF VLV,M-FLO,EYE,1-1/4""""X1-1/2"""",SET@150PSI";1750,68
H5634R/150-PI;H_VC;"NH3 RELIEF VLV,M-FLO,EYE,1-1/4""""X1-1/2"""",SET@150PSI,INSIGHT";2214
H5634R/200-P;H_VC;"NH3 RELIEF VLV,M-FLO,EYE,1-1/4""""X1-1/2"""",SET@200PSI";1750,68
H5634R/225-P;H_VC;"NH3 RELIEF VLV,M-FLO,EYE,1-1/4""""X1-1/2"""",SET@225 PSI";1750,68
H5634R/250-P;H_VC;"NH3 RELIEF VLV,M-FLO,EYE,1-1/4""""X1-1/2"""",SET@250 PSI";1750,68
H5634R/250-PI;H_VC;"NH3 RELIEF VLV,M-FLO,EYE,1-1/4""""X1-1/2"""",SET@250 PSI,INSIGHT";2214
H5634R/275-P;H_VC;"NH3 RELIEF VLV,M-FLO,EYE,1-1/4""""X1-1/2"""",SET@275 PSI";1750,68
H5634R/300-P;H_VC;"NH3 RELIEF VLV,MFLOW,EYE,1-1/4""""X1-1/2"""",SET@300 PSI";1750,68
H5634R/300-PI;H_VC;"NH3 RELIEF VLV,MFLOW,EYE,1-1/4""""X1-1/2"""",SET@300 PSI,INSIGHT";2214
H5634R/350-P;H_VC;"NH3 RELIEF VLV,M-FLOW,EYE,1-1/4""""X1-1/2"""",SET@350PSI";1750,68
H5634R/400-P;H_VC;"RLF VLV, MID-FLOW,1-1/4""""X1-1/2"""",EYE,SET@400PSI";1750,68
H7771;H_VC;"1/4"""" GAUGE VLV ANGLE,MPT X FPT SS STEM, SC";132,84
H7771H;H_VC;"1/4""""GAUGE VLV ANGLE,MPT X FPT SS STEM,W/BAR HANDLE";151,2
H7771HW;H_VC;"1/4"""" GAUGE VLV ANGLE,BW X FPT,SS STEM,BAR HANDLE";151,2
H7771W;H_VC;"1/4"""" GAUGE VLV ANGLE,BW X FPT SS STEM, SC";151,2
H7772;H_VC;"1/4""""GAUGE VLV,ANGLE FPT X FPT,SS STEM,SC";142,56
H7772H;H_VC;"1/4""""GAUGE VLV,ANGLE FPT X FPT SS STEM,W/BAR HANDLE";152,28
H7773;H_VC;"3/8""""GAUGE VLV,ANGLE MPT X FPT SS STEM,W/SEALCAP";190,08
H7773H;H_VC;"3/8""""GAUGE VLV,ANGLE MPT X FPT S.S.STEM,W/BAR HANDL";197,64
H7774;H_VC;"3/8""""GAUGE VLV,ANGLE FPT X FPT,SS STEM,SC";194,4
H7774H;H_VC;"3/8""""GAUGE VLV,ANGLE FPT X FPT S.S.STEM,W/BAR HANDL";197,64
H7777;H_VC;"1/2"""" MPT X 3/8""""FPT,GAUGE VLV.ANGLE SS STEM,W/SC";200,88
H7778;H_VC;"1/2""""MPT X1/4""""FPT GAUGE VLV, ANGLE,SS STEM,W/SEAL C";200,88
H8021;H_VC;"1/2""""(13MM) 3-WAY DUAL SHUT-OFF VLV, 1/2"""" FPT CONN.";435,24
H8021S;H_VC;"1/2""""(13MM)3-WAY DUAL SHUT-OFF VLV,1/2"""" SW CONN";522,72
H8021W;H_VC;"1/2""""(13MM)3-WAY DUAL SHUT-OFF VLV,1/2"""" BW CONN";522,72
H8022;H_VC;"3/4""""(20MM)3-WAY DUAL SHUT-OFF VLV,3/4"""" FPT CONN";456,84
H8022S;H_VC;"3/4""""(20MM)3-WAY DUAL SHUT-OFF VLV,3/4"""" SW CONN";544,32
H8022W;H_VC;"3/4""""(20MM)3-WAY DUAL SHUT-OFF VLV,3/4"""" BW CONN";544,32
H8024;H_VC;"1""""(25MM) 3-WAY DUAL SHUTOFF VLV 1""""FPT CONN";721,44
H8024S;H_VC;"1""""(25MM)3-WAY DUAL SHUT-OFF VLV,1"""" SW CONN";861,84
H8024W;H_VC;"1""""(25MM)3-WAY DUAL SHUT-OFF VLV,1"""" BW CONN";861,84
H8025;H_VC;"1-1/4""""(32mm) 3-WAY SHUT-OFF VALVE,CAT I,MODA,EF106";1003,32
H8025S;H_VC;"1-1/4""""(32MM)3-WAY DUAL SHUT-OFF VLV,1-1/4""""SW CONN";1204,2
H8025W;H_VC;"1-1/4""""(32MM)3-WAY DUAL SHUT-OFF VLV,1-1/4""""BW CONN";1204,2
H9490;H_VC;"1/4"""" TRANSDUCER VLV, ANGLE, MPT X FPT SS STEM,W/SC";257,04
H957;H_VC;"1/4"""" GAUGE VLV,GLOBE FPT X FPT STAINLESS BARE STEM";152,28
H957C;H_VC;"1/4""""GAUGE VLV GLOBE FPT X FPT,SS STEM,SC";158,76
H957H;H_VC;"1/4""""GAUGE VLV,GLOBE FPT X FPT SS STEM,W/BAR HANDLE";162
H958C;H_VC;"3/8""""GAUGE VLV,GLB,FPT X FPT SS STEM,W/SEALCAP";189
H958H;H_VC;"3/8""""GAUGE VLV,GLB FPT X FPT S.S.STEM,W/BAR HANDLE";200,88
H965;H_VC;"1/4"""" GAUGE VLV ANGLE MPT X FPT STAINLESS BARE STEM";126,36
H967;H_VC;"1/4"""" GAUGE VLV ANGLE FPT X FPT STAINLESS BARE STEM";131,76
HA2A-11;H_VC;SMALL BACK PRESSURE REG. HIGH CAPACITY, RANGE A;653,4
HA2A-13;H_VC;SMALL BACK PRESSURE REG. HIGH CAPACITY, RANGE B;653,4
HA2A-16;H_VC;SMALL BACK PRESSURE REG. HIGH CAPACITY, RANGE D;653,4
HA2A-17;H_VC;SMALL BACK PRESSURE REG. HIGH CAPACITY, RG.C;952,56
HA2AK-11;H_VC;SMALL BACK PRESSURE REG,HIGH CAP,RG.A.;775,44
HA2AK-13;H_VC;SMALL BACK PRESSURE REG,HIGH CAP,RG.B;775,44
HA2B-11;H_VC;"5/32"""" SMALL BACK PRESSURE REG.RGE A";497,88
HA2B-13;H_VC;"5/32"""" SMALL BACK PRESSURE REG. RGE B.";497,88
HA2B-15;H_VC;"5/32"""" SMALL BACK PRESSURE REG. RGE V.";815,4
HA2B-16;H_VC;"5/32"""" SMALL BACK PRESSURE REG.,RG.D";497,88
HA2B-17;H_VC;SMALL BACK PRESSURE REG. RANGE C;798,12
HA2BK-11;H_VC;"5/32"""" SMALL RESEATING RELIEF REGULATOR, RANGE A:";621
HA2BK-11SPEC;H_VC;"5/32""""SMALL RESEAT RELIEF REG.RG.A,SPEC SET PT";621
HA2BK-13;H_VC;"5/32"""" SMALL RESEATING RELIEF REGULATOR, RANGE B";621
HA2BK-13SPEC;H_VC;"5/32""""SMALL RESEAT RELIEF REG RG B,SPEC SET PT";621
HA2BK-15;H_VC;"5/32"""" SMALL RESEATING RELIEF REGULATOR RANGE V";938,52
HA2BK-16;H_VC;"5/32"""" SMALL RESEATING RELIEF REGULATOR,RG.D";621
HA2BK-16SPEC;H_VC;"5/32"""" SMALL RESEAT RELIEF REG.RG. D,SPEC SET PT";621
HA2BK-17;H_VC;"5/32""""SMALL RESEATING RELIEF REGULATOR, RG.C";919,08
HA2BK-17SPEC;H_VC;"5/32""""SMALL RESEAT RELIEF REG.RG.C, SPEC SET PT";919,08
HA2BL-11;H_VC;"5/32"""" SMALL DIFFERENTIAL PRES. REGULATOR RANGE A";875,88
HA2BL-13;H_VC;"5/32"""" SMALL DIFFERENTIAL PRES. REGULATOR RANGE B";875,88
HA2BM-11;H_VC;"5/32"""" ELECT MOTOR COMP. SMALL REGULATOR, RANGE A";2285,28
HA2BO-11;H_VC;"5/32"""" SMALL OUTLET PRESSURE REGULATOR RANGE V";1067,04
HA2BO-13;H_VC;"5/32"""" SMALL OUTLET PRESSURE REGULATOR, RANGE B";1067,04
HA2BOE-11;H_VC;"5/32""""SMALL OUTLET PRESS.REG W/EXT. EQUALIZR,RG V";1067,04
HA2BOE-13;H_VC;"5/32"""" SMALL OUTLET PRES REG. W/EXT EQUALIZER,RG B";1067,04
HA2BOP-11;H_VC;"5/32"""" SMALL PNEUM OUTLET PRESS REGULATOR, RANGE V";1252,8
HA2BP-11;H_VC;"5/32"""" SMALL PNEUMATIC PRESSURE REGULATOR, RANGE A";684,72
HA4A/01;H_VC;"3/4"""" (20MM) PRESSURE REGULATOR RANGE A";773,28
HA4A/03;H_VC;"3/4"""" (20MM) PRESSURE REGULATOR RANGE B";773,28
HA4A/05;H_VC;"3/4"""" (20MM) PRESSURE REGULATOR RANGE V";1090,8
HA4A/06;H_VC;"3/4""""(20MM)PRESSURE REGULATOR , RANGE D";773,28
HA4A/21;H_VC;"1"""" (25MM) PRESSURE REGULATOR RANGE A";966,6
HA4A/23;H_VC;"1"""" (25MM) PRESSURE REGULATOR RANGE B";966,6
HA4A/25;H_VC;"1"""" (25MM) PRESSURE REGULATOR RANGE V";1284,12
HA4A/26;H_VC;"1""""(25MM) PRESSURE REGULATOR, RANGE D";966,6
HA4A/31;H_VC;"1-1/4""""(32MM) PRESSURE REGULATOR, RANGE A";1280,88
HA4A/33;H_VC;"1-1/4"""" (32MM) PRESSURE REGULATOR, RANGE B";1280,88
HA4A/35;H_VC;"1-1/4"""" (32MM) PRESSURE REGULATOR RANGE V";1599,48
HA4A/41;H_VC;"1-1/2"""" (40MM) PRESSURE REGULATOR RANGE A";1833,84
HA4A/43;H_VC;"1-1/2""""(40MM) PRESSURE REGULATOR RANGE B";1833,84
HA4A/45;H_VC;"1-1/2"""" (40MM) PRESSURE REGULATOR, RANGE V";2152,44
HA4A/46;H_VC;"1-1/2"""" (40MM) PRESSURE REGULATOR, RANGE D";1833,84
HA4A/51;H_VC;"2"""" (50MM) PRESSURE REGULATOR RANGE A";2129,76
HA4A/53;H_VC;"2"""" (50MM) PRESSURE REGULATOR RANGE B";2129,76
HA4A/55;H_VC;"2"""" (50MM) PRESSURE REGULATOR RANGE V";2448,36
HA4A/56;H_VC;"2"""" (50MM) PRESSURE REGULATOR RANGE D";2129,76
HA4A/61;H_VC;"2-1/2""""(65MM)PRESSURE REGULATOR RANGE A";2725,92
HA4A/63;H_VC;"2-1/2"""" (65MM) PRESSURE REGULATOR RANGE B";2725,92
HA4A/65;H_VC;"2-1/2"""" (65MM) PRESSURE REGULATOR RANGE V";3045,6
HA4A/66;H_VC;"2-1/2""""(65MM)PRESSURE REGULATOR RANGE D";2725,92
HA4A/71;H_VC;"3""""(80MM) PRESSURE REGULATOR RANGE A";3855,6
HA4A/73;H_VC;"3""""(80MM) PRESSURE REGULATOR RANGE B";3855,6
HA4A/75;H_VC;"3"""" (80MM) PRESSURE REGULATOR RANGE V";4176,36
HA4A/76;H_VC;"3"""" (80MM) PRESSURE REGULATOR RANGE D";3855,6
HA4A/81;H_VC;"4""""(100MM) PRESSURE REGULATOR RANGE A";5738,04
HA4A/83;H_VC;"4"""" (100MM) PRESSURE REGULATOR RANGE B";5738,04
HA4A/85;H_VC;"4"""" (100MM) PRESSURE REGULATOR RANGE V";6055,56
HA4A/86;H_VC;"4"""" (100MM) PRESSURE REGULATOR RANGE D";5738,04
HA4A/A1;H_VC;"3/4""""(20MM) PRES REG 25% REDUCED PORT RG.A";773,28
HA4A/A3;H_VC;3/4(20MM) PRESSURE REGULATOR 25% RED.PORT.,RANGE B;773,28
HA4A/B1;H_VC;"3/4""""(20MM)PRES REG 50% RED PORT RG A";773,28
HA4A/B3;H_VC;"3/4""""(20MM)PRES.REG.50%RED. RG B:30 TO 300 PSIG";773,28
HA4A/B5;H_VC;"3/4""""(20MM)PRES REG 50% REDUCED PORT RANGE V";1090,8
HA4A/B6;H_VC;"3/4""""(20MM)PRESS REGULATOR 50% REDUCED PORT RANGE D";773,28
HA4A-4/31;H_VC;"1-1/4""""(32MM)PRESSURE REGULATOR (4 BOLT) RANGE A";1409,4
HA4A-4/33;H_VC;"1-1/4""""(32MM)PRESSURE REGULATOR (4-BOLT) RANGE B";1409,4
HA4A-4/35;H_VC;"1-1/4""""(32MM)PRESSURE REGULATOR (4 BOLT) RANGE V";1728
HA4AB/01;H_VC;"3/4""""(20MM)REG WITH WIDE OPEN FEATURE, RANGE A";1318,68
HA4AB/03;H_VC;"3/4""""(20MM)REG. WITH WIDE OPEN FEATURE, RANGE B";1318,68
HA4AB/05;H_VC;"3/4""""(20MM)BACK PRESS REG W/WIDE OPEN FEATURE,RG.V";1636,2
HA4AB/06;H_VC;"3/4""""(20MM)REG WITH WIDE OPEN FEATURE, RANGE D";1318,68
HA4AB/21;H_VC;"1""""(25MM)REGULATOR WITH WIDE OPEN FEATURE, RANGE A";1512
HA4AB/23;H_VC;"1""""(25MM)REGULATOR WITH WIDE OPEN FEATURE, RANGE B";1512
HA4AB/25;H_VC;"1""""(25MM)REGULATOR W/WIDE OPENING FEATURE,RANGE V";1829,52
HA4AB/26;H_VC;"1""""(25MM)REGULATOR WITH WIDE OPEN FEATURE, RANGE D";1512
HA4AB/31;H_VC;"1-1/4""""(32MM)REG W/ WIDE OPEN FEATURE,RG A";1826,28
HA4AB/33;H_VC;"1-1/4""""(32MM)REG W/WIDE OPEN FEATURE, RANGE B";1826,28
HA4AB/35;H_VC;"1-1/4""""(32MM)REG W/ WIDE OPENING FEATURE, RANGE V";2143,8
HA4AB/36;H_VC;"1 1/4"""" (32MM) PRESS REG WIDE OPEN RANGE D";1826,28
HA4AB/41;H_VC;"1-1/2""""(40MM)REG W/ WIDE OPEN FEATURE,RG. A";2379,24
HA4AB/43;H_VC;"1-1/2""""(40MM)REG W/ WIDE OPEN FEAT,RANGE B";2379,24
HA4AB/45;H_VC;"1-1/2""""(40MM)REG W\ WIDE OPEN FEATURE, RANGE V";2804,76
HA4AB/51;H_VC;"2""""(50MM)PRESS REGULATOR,WIDE OPEN,RG A";2675,16
HA4AB/53;H_VC;"2""""(50MM)REGULATOR WITH WIDE OPEN FEATURE, RANGE B";2675,16
HA4AB/55;H_VC;"2""""(50MM)REGULATOR W/WIDE OPEN FEATURE,RANGE V";2992,68
HA4AB/61;H_VC;"2-1/2""""(65MM)REG W/ WIDE OPEN FEATURE,RG. A";3271,32
HA4AB/63;H_VC;"2-1/2""""(65MM)REG.W/ WIDE OPEN FEATURE,RANGE B";3271,32
HA4AB/65;H_VC;"2-1/2""""(65MM)REG.W/ WIDE OPEN FEATURE,RANGE V";3588,84
HA4AB/66;H_VC;"2-1/2""""(65MM)REG W/WIDE OPEN FEATURE RG. D";3271,32
HA4AB/71;H_VC;"3""""(80MM)REGULATOR WITH WIDE OPEN FEATURE, RANGE A";4401
HA4AB/73;H_VC;"3""""(80MM)REGULATOR WITH WIDE OPEN FEATURE, RANGE B";4401
HA4AB/75;H_VC;"3""""(80MM)REGULATOR WITH WIDE OPEN FEATURE,RANGE V";4718,52
HA4AB/76;H_VC;"3""""(80mm)REG. W/WIDE OPEN FEATURE,RG D";4401
HA4AB/81;H_VC;"4""""(100MM)REGULATOR WITH WIDE OPEN FEATURE, RANGE A";6283,44
HA4AB/83;H_VC;"4""""(100MM)REGULATOR WITH WIDE OPEN FEATURE, RANGE B";6283,44
HA4AB/85;H_VC;"4""""(100MM)REGULATOR WITH WIDE OPEN FEATURE, RANGE V";6600,96
HA4AB/86;H_VC;"4""""(100MM)REGULATOR W/ WIDE OPEN FEATURES, RANGE D";6283,44
HA4AB/A1;H_VC;"3/4""""(20MM)REG W/WIDE OPEN FEAT,RG.A,25% RED.PORT";1318,68
HA4AB/B1;H_VC;"3/4""""(20MM)REG.W/WIDE OPEN FEATR,50% RED.PORT,RG.A";1318,68
HA4AB/B3;H_VC;"3/4""""(20MM)REG.W/WIDE OPEN 50% RED.PORT,RG.B";1318,68
HA4AB-4/31;H_VC;"1-1/4"""" PRESS REG WIDE OPEN FEAT,RG A (4-BOLT)";1955,88
HA4AB-4/35;H_VC;"1-1/4""""(32MM)REG.W/WIDE OPEN FEAT.RG.V(4-BOLT)";2273,4
HA4ABE/61;H_VC;"2 1/2"""" (65MM) PRESS REG ELEC W/O WITH  EXT PILOT R";3429
HA4ABE/71;H_VC;"3""""(80MM)PRESS REG RG.A,ELEC WO,EXT PILOT CONNCTR";4558,68
HA4ABK/01;H_VC;"3/4""""(20MM)RESEATING RLF REG W/WIDE OPEN FEAT.RG A";1441,8
HA4ABK/03;H_VC;"3/4""""RESEATING RELIEF REG W/ WIDE OPEN FEAT,RG.B";1441,8
HA4ABK/21;H_VC;"1""""(25MM)RESEATING RLF REG. W/WIDE OPEN FEAT. RG A";1632,96
HA4ABK/23;H_VC;"1""""RESEATING RELF.VLV.W/WIDE OPEN FEATURE,RG.B";1632,96
HA4ABK/31;H_VC;"1-1/4""""(32MM)RESEATING RLF REG,WIDE OPEN FEAT,RG.A";1949,4
HA4ABK/33;H_VC;"1-1/4""""(32MM)RESEATING RLF REG W/WIDEOPEN FEAT,RG B";1949,4
HA4ABK/41;H_VC;"1-1/2""""(40MM)RES.RELIEF REG,RG.A,WIDE OPEN FEATURE";2502,36
HA4ABK/43;H_VC;"1-1/2""""(40MM)PRES.RELIEF REG,RG.B,WIDE OPEN FEATURE";2502,36
HA4ABK/51;H_VC;"2""""(50MM)RES. RELIEF REG,RG.A,WIDE OPEN FEATURE";2797,2
HA4ABK/61;H_VC;"2-1/2""""(65mm) RES RELIEF REG,RG.A,WIDE OPEN FEATURE";3395,52
HA4ABK/A1;H_VC;"3/4""""(20MM)RESEAT RLF REG. W/WIDE OPEN,25%RED.RG.A";1441,8
HA4ABK/B1;H_VC;"3/4""""(20MM)RESEAT RLF REG. W/WIDE OPEN,50% RED.RG.A";1441,8
HA4ABL/01;H_VC;"3/4""""(20MM)DIFFERENTIAL PRES. REGULATOR,W/WIDE OPEN";1697,76
HA4ABL/21;H_VC;"1""""(25MM)DIFF PRESS REG,RG.A,W/WIDE OPEN";1890
HA4ABL/31;H_VC;"1-1/4""""(32MM)DIFF PRES. REG,W/WIDE OPEN, RANGE A";2202,12
HA4ABL/41;H_VC;"1-1/2""""(40MM)DIFF PRES. REG,W/WIDE OPEN, RANGE A";2758,32
HA4ABL/51;H_VC;"2""""(50MM)DIFF PRESS REG,W/WIDE OPEN,RG A";3053,16
HA4ABL/53;H_VC;"2""""(50MM)DIFF PRESS REG W/WIDE OPEN RG B";3053,16
HA4ABL/61;H_VC;"2-1/2""""(65MM)DIFF PRES. REG,W/WIDE OPEN,RANGE A";3650,4
HA4ABL/63;H_VC;"2-1/2""""(65MM) DIFF PRESS REG WITH WIDE OPEN RANGE B";3650,4
HA4ABL/71;H_VC;"3""""(80MM)DIFF PRESS REG,W/WIDE OPEN,RG A";4780,08
HA4ABL/73;H_VC;"3""""(80MM)DIFF PRESS REG.,W/WIDE OPEN RG. B";4780,08
HA4ABL/81;H_VC;"4""""(100MM)DIFF PRESS REG,W/WIDE OPEN,RANGE A";6661,44
HA4ABL/A1;H_VC;"3/4""""(20MM)DIF.PRES.REG.W/ WD OPEN FEAT,25% RED.PT";1697,76
HA4ABL/B1;H_VC;"3/4""""(20MM)DIFF.PRES.REG.W/ WIDE OPEN FEAT,50%RED";1697,76
HA4ABLNO/41;H_VC;1-1/2(40MM)DIFF PRESS NORMALLY OPEN WIDE OPEN RG.A;3071,52
HA4ABLNO/81;H_VC;"4"""" (100MM) DIFF PRESS NORMALLY OPEN WIDE OPEN RG.A";6974,64
HA4ABLS/21;H_VC;"1""""(25MM)DIFF PRESS REG.RG.A,WIDE OPEN, ELEC SO";2435,4
HA4ABLS/71;H_VC;"3""""(80MM)DIFFERENTIAL PRESS.REG.W/ WIDE OPEN FEATUR";5326,56
HA4ABNO/81;H_VC;"4"""" (100MM) PRESS REG NORMALLY OPEN WIDE OPEN RG.A";6597,72
HA4ABP/21;H_VC;"1""""(25MM)PNEUM PRESS REG. W/WIDE OPEN FEAT RG.A";1698,84
HA4ABP/31;H_VC;"1-1/4""""(32MM)PNEUM PRESS REG. W/WIDE OPEN FEAT,RG A";2012,04
HA4ABP/71;H_VC;"3""""(80MM)PNEUM PRESS REG. W/WIDE OPEN,RANGE A";4590
HA4ABX/63;H_VC;"2-1/2""""(65MM) REG WIDE OPEN,RG.B EXPLOSION PRF 115V";4546,8
HA4AD/01;H_VC;"3/4""""(20MM)DUAL PRESSURE REG. RANGE A/A";1901,88
HA4AD/02;H_VC;"3/4""""(20MM)DUAL PRESSURE REG. RANGE A/B";1901,88
HA4AD/05;H_VC;"3/4""""(20MM)DUAL PRESSURE REGULATOR RG.V/V";2536,92
HA4AD/06;H_VC;"3/4""""(20MM)DUAL PRESS REG RG.A/V";2219,4
HA4AD/21;H_VC;"1""""(25MM)DUAL PRESSURE REG. RANGE A/A";2095,2
HA4AD/22;H_VC;"1""""(25MM)DUAL PRESSURE REG. RANGE A/B";2095,2
HA4AD/24;H_VC;"1""""(25MM)DUAL PRESSURE REG. RANGE B/B";2095,2
HA4AD/26;H_VC;"1""""(25MM) DUAL PRESSURE REG. RANGE V/A";2412,72
HA4AD/28;H_VC;"1"""" (25MM) DUAL PRESSURE REGULATOR RANGE D/D";2095,2
HA4AD/31;H_VC;"1-1/4""""(32MM)DUAL PRESSURE REG. RANGE A/A";2409,48
HA4AD/32;H_VC;"1-1/4"""" (32MM) DUAL PRESSURE REGULATOR RANGE A/B";2409,48
HA4AD/34;H_VC;"1-1/4""""(32MM)DUAL PRESSURE REG. RANGE B/B";2409,48
HA4AD/35;H_VC;"1-1/4""""(32MM)DUAL PRESSURE REG RANGE V/V";3141,72
HA4AD/36;H_VC;"1-1/4""""(32MM) DUAL PRESSURE REG RANGE V/A";2824,2
HA4AD/41;H_VC;"1-1/2""""(40MM)DUAL PRESSURE REG. RANGE A/A";2962,44
HA4AD/42;H_VC;"1-1/2""""(40MM) DUAL PRESSURE REG RANGE A/B";2962,44
HA4AD/44;H_VC;"1-1/2""""(40MM)DUAL PRESSURE REG. RANGE B/B";2962,44
HA4AD/45;H_VC;"1-1/2""""(40MM) DUAL PRESSURE REG RANGE V/V";3597,48
HA4AD/46;H_VC;"1-1/2""""(40MM)DUAL PRESSURE REG. RANGE V/A";3279,96
HA4AD/51;H_VC;"2""""(50MM)DUAL PRESSURE REG. RANGE A/A";3258,36
HA4AD/52;H_VC;"2""""(50MM)DUAL PRESSURE REG. RANGE A/B";3258,36
HA4AD/56;H_VC;"2""""(50MM)DUAL PRESSURE REGULATOR RANGE V/A";3575,88
HA4AD/61;H_VC;"2-1/2""""(65MM)DUAL PRESSURE REG. RANGE A/A";3854,52
HA4AD/62;H_VC;"2-1/2""""(65MM)DUAL PRESSURE REG. RANGE A/B";3854,52
HA4AD/66;H_VC;"2-1/2""""(65MM)DUAL PRESSURE REG. RANGE V/A";3977,64
HA4AD/71;H_VC;"3""""(80MM)DUAL PRESSURE REG. RANGE A/A";4984,2
HA4AD/72;H_VC;"3""""(80MM)DUAL PRESSURE REG. RANGE A/B";4984,2
HA4AD/76;H_VC;"3""""(80MM)DUAL PRESSURE REGULATOR RANGE V/A";5301,72
HA4AD/78;H_VC;"3"""" (80MM) DUAL PRESSURE REG RANGE D/D";4984,2
HA4AD/81;H_VC;"4""""(100MM)DUAL PRESSURE REG. RANGE A/A";6866,64
HA4AD/82;H_VC;"4""""(100MM)DUAL PRESSURE REG. RANGE A/B";6866,64
HA4AD/86;H_VC;"4""""(100MM)DUAL PRESSURE REGULATOR RANGE V/A";7184,16
HA4AD/A1;H_VC;"3/4""""(20MM)DUAL PRES REG. 25% RED PORT, RANGE A/A";1901,88
HA4AD/A4;H_VC;"3/4""""(20MM)DUAL PRES REG. 25% REDUCED PORT,RG B/B";1901,88
HA4AD/B1;H_VC;"3/4""""(20MM)DUAL PRES REG. 50% RED PORT, RANGE A/A";1901,88
HA4AD/B4;H_VC;"3/4""""(20MM)DUAL PRESS REG. 50% RED.PORT,RG.B/B";1901,88
HA4AD-4/31;H_VC;"1-1/4""""(32MM)DUAL PRESS REG,RG A/A,(4-BOLT)";2536,92
HA4ADB/01;H_VC;"3/4""""(20MM)DUAL PRESS REG.W/ WD OPEN FEAT., RGE A/A";2447,28
HA4ADB/21;H_VC;"1""""(25MM)DUAL PRESS REG.W/ WIDE OPEN,RG.A/A";2640,6
HA4ADB/31;H_VC;"1-1/4""""(32MM)DUAL PRESS REG W/WIDEOPEN FEAT,RGE:A/A";2954,88
HA4ADB/41;H_VC;"1-1/2""""(40MM)DUAL PRESS REG W/WIDEOPEN FEAT,RGE:A/A";3507,84
HA4ADB/51;H_VC;"2""""(50MM)PRES REG. W/WIDE OPEN FEAT,RG.A/A";3803,76
HA4ADB/61;H_VC;"2-1/2""""DUAL PRES REG W/ WIDE OPEN FEATURE,RANGE";4399,92
HA4ADB/71;H_VC;"3""""(80MM)DUAL PRESS REG,W/ WIDE OPEN,RG.A/A";5529,6
HA4ADB/81;H_VC;"4""""(100mm)DUAL PRESS REG W/WD OPEN FEAT,RGE A/A";7412,04
HA4ADB/82;H_VC;"4""""(100MM)DUAL PRESS REG W/WD OPEN FEAT,RGE A/B";7412,04
HA4ADB/A1;H_VC;"3/4""""(20MM) DUAL PRESS REG. ELEC.  25% PORT";2447,28
HA4ADB/B1;H_VC;"3/4"""" (20mm) DUAL PRESS REG W/ELEC S/O & 50%";2447,28
HA4ADD/01;H_VC;"3/4"""" (20MM) THREE PRES. REGULATOR RANGE A/A/A";3030,48
HA4ADD/21;H_VC;"1""""(25MM) THREE PRES. REGULATOR RG. A/A/A";3223,8
HA4ADD/31;H_VC;"1-1/4""""(32mm)THREE PRES. REG.RG.A/A/A";3538,08
HA4ADD/41;H_VC;"1-1/2""""(40MM) THREE PRES. REGULATOR RG. A/A/A";4091,04
HA4ADD/51;H_VC;"2""""(50MM) THREE PRESS REGULATOR, RG A/A/A";4386,96
HA4ADD/61;H_VC;"2-1/2"""" (65MM) THREE PRESS REGULATOR RG.A/A/A";4983,12
HA4ADD/71;H_VC;"3""""(80MM)THREE PRESSURE REG.RG. A/A/A";6112,8
HA4ADD/81;H_VC;"4""""(100MM) THREE PRES REG. RG. A/A/A";7995,24
HA4ADE/61;H_VC;"2-1/2""""(65MM)DUAL PRESS REG RG.A/A,EXT EQUAL";4012,2
HA4ADK/01;H_VC;"3/4""""DUAL RESEATING RELIEF REGULATOR, RG.A/A";2025
HA4ADK/21;H_VC;"1"""" DUAL RESEATING RELIEF REGULATOR RANGE A/A";2217,24
HA4ADK/22;H_VC;"1""""(25MM) DUAL RESEATING RELIEF REGULATOR RANGE A/B";2217,24
HA4ADK/41;H_VC;"1-1/2"""" DUAL RESEATING RELIEF REGULATOR,RG. A/A";3085,56
HA4ADK/42;H_VC;"1-1/2""""(40MM) DUAL RESEATING RELIEF REG RANGE A/B";3085,56
HA4ADK/72;H_VC;"3""""(80MM)DUAL RESEATING RELIEF REG RANGE A/B";5107,32
HA4ADK/82;H_VC;"4""""(100MM)DUAL RESEATING RELIEF REG RANGE A/B";6988,68
HA4ADK/A2;H_VC;"3/4""""DUAL RESEATING RELF, RG A/B 25% RED";2025
HA4ADK/B1;H_VC;"3/4""""DUAL RESEATING RELIEF REG. RG. A/A 50% RED.";2025
HA4ADM/01;H_VC;"3/4""""(20MM)ELECT MTR COMP. DUAL REG,RANGE A/A";3688,2
HA4ADM/06;H_VC;"3/4"""" (20MM) ELECTRIC MOTOR COMP. DUAL REG, RG.V/A";4008,96
HA4ADM/21;H_VC;"1""""(25MM)ELECT MOTOR COMP. DUAL REG, RANGE A/A";3881,52
HA4ADM/31;H_VC;"1-1/4""""(32MM)ELEC.MOTOR COMP. DUAL REG, RANGE A/A";4195,8
HA4ADM/41;H_VC;"1-1/2""""(40MM)ELEC.MOTOR COMP. DUAL REG,RANGE A/A";4748,76
HA4ADM/45;H_VC;"1-1/2""""(40MM)ELEC.MOTOR COMP,DUAL,REG. RG.V/V";5383,8
HA4ADM/51;H_VC;"2""""(50MM)ELECT MOTOR COMP. DUAL REG,RANGE A/A";5044,68
HA4ADM/61;H_VC;"2-1/2""""(65MM)ELEC.MOTOR COMP. DUAL REG, RANGE A/A";5640,84
HA4ADM/65;H_VC;"2-1/2""""(65MM)ELEC.MOTOR COMP. DUAL REG, RANGE V/V";6275,88
HA4ADM/67;H_VC;"2-1/2""""(65MM)ELEC.MOTOR COMP. DUAL REG,RANGE V/B";5958,36
HA4ADM/71;H_VC;"3""""(80MM)ELECT MOTOR COMP. DUAL REG.,RG.A/A";6770,52
HA4ADM/76;H_VC;"3""""(80MM)ELECT MTR COMP DUAL REGULATOR,RGE V/A";7088,04
HA4ADM/77;H_VC;"3""""(80MM)ELECT.MOTOR COMP. DUAL REG,RG. V/B";7088,04
HA4ADM/81;H_VC;"4""""(100MM)ELECT MOTOR COMP. DUAL REG, RANGE A/A";8652,96
HA4ADM/86;H_VC;"4""""(100MM)ELECTRIC MOTOR COMP. DUAL REG,RANGE V/A";8970,48
HA4ADM/B1;H_VC;"3/4""""(20MM)ELECT.MTR.DUAL REG.RG.A/A,50%RED.";3688,2
HA4ADM-4/31;H_VC;"1-1/4""""(32MM)ELEC MOTR COMP DUAL REG(4-BOLT)RG A/A";4324,32
HA4ADP/01;H_VC;"3/4""""(20MM) PNEUM.DUAL REG. RANGE A/A";2090,88
HA4ADP/21;H_VC;"1""""(25MM) PNEUMATIC DUAL REG. RANGE A/A";2280,96
HA4ADP/22;H_VC;"1""""(25MM)PNEUMATIC DUAL PRESS REG RANGE A/B";2280,96
HA4ADP/25;H_VC;"1""""(25MM) PNEUMATIC DUAL REG. RANGE V/V";2919,24
HA4ADP/26;H_VC;"1""""(25MM)PNEUMATIC DUAL REGULATOR, RANGE V/A";2599,56
HA4ADP/31;H_VC;"1-1/4""""(32MM)PNEUMATIC DUAL REG RANGE A/A";2597,4
HA4ADP/35;H_VC;"1-1/4""""(32MM)PNEUMATIC DUAL REGULATOR RANGE V/V";3234,6
HA4ADP/36;H_VC;"1-1/4""""(32MM)PNEUMATIC DUAL REGULATOR, RANGE V/A";2916
HA4ADP/41;H_VC;"1-1/2""""(40MM)PNEUMATIC DUAL REG RANGE A/A";3150,36
HA4ADP/51;H_VC;"2""""(50MM) PNEUMATIC DUAL REG. RANGE A/A";3446,28
HA4ADP/52;H_VC;"2""""(40MM) PNEUMATIC DUAL REG.RG.A/B";3446,28
HA4ADP/61;H_VC;"2-1/2""""(65MM)PNEUMATIC DUAL REG RANGE A/A";4043,52
HA4ADP/62;H_VC;"2-1/2""""(65MM)PNEUMATIC DUAL REG RANGE A/B";4043,52
HA4ADP/71;H_VC;"3""""(80MM)PNEUM. DUAL REGULATOR RANGE A/A";5173,2
HA4ADP/72;H_VC;"3""""(80MM)PNEUM.DUAL PRESSURE REGULATOR, RANGE A/B";5173,2
HA4ADP/81;H_VC;"4""""(100MM) PNEUMATIC DUAL REG. RANGE A/A";7053,48
HA4ADP-4/31;H_VC;"1-1/4""""(4-BOLT)PNEUMATIC DUAL REGULATOR, RANGE A/A";2724,84
HA4ADP-4/36;H_VC;"1-1/4""""(4-BOLT)PNEUMATIC DUAL REGULATOR, RANGE V/A";3044,52
HA4ADPK/42;H_VC;"1-1/2"""" PNEU,DUAL REG. W/ K HP PILOT RG. A/B";3271,32
HA4ADPK/62;H_VC;"2-1/2"""" PNEU,DUAL REG. W/ K HP PILOT RG. A/B";4164,48
HA4ADPK/71;H_VC;"3""""PNEU,DUAL REG.W/K HP PILOT,RG.A/A";5295,24
HA4ADPK/72;H_VC;"3""""PNEU,DUAL REG.W/K HP PILOT,RG.A/B";5295,24
HA4ADPK/82;H_VC;"4"""" PNEU DUAL REG. W/ K HP PILOT RG. A/B";7176,6
HA4ADPK/86;H_VC;"4"""" PNEU DUAL REG. W/ K HP PILOT RG. V/A";7495,2
HA4ADS/01;H_VC;"3/4""""(20MM)DUAL REG W/ ELECTRIC SHUT-OFF,RG A/A";2447,28
HA4ADS/21;H_VC;"1""""(25MM)DUAL PRESS REG. W/ ELECT SHUT-OFF,RGE A/A";2640,6
HA4ADS/22;H_VC;"1""""(25MM)DUAL PRESS REG W/ELEC SHUT-OFF RANGE A/B";2640,6
HA4ADS/24;H_VC;"1""""(25MM)DUAL PRESS REG W/ELEC SHUT-OFF RANGE B/B";2640,6
HA4ADS/26;H_VC;"1""""(25MM)DUAL PRESS REG. W/ELECTRIC SHUT-OFF,RG.V/A";2958,12
HA4ADS/31;H_VC;"1-1/4""""(32MM)DUAL PRES.REG. W/ELEC SHUT-OFF,RG.A/A";2954,88
HA4ADS/36;H_VC;"1-1/4""""(32MM)DUAL PRES REG. W/ELEC SHUT-OFF,RG.V/A";3272,4
HA4ADS/41;H_VC;"1-1/2""""(40MM)DUAL PRES REG. W/ELEC SHUT-OFF,RG.A/A";3507,84
HA4ADS/44;H_VC;"(NO BOM)1-1/2""""(40MM)DUAL PRESS.REG.W/ELEC SO,RGB/B";3507,84
HA4ADS/51;H_VC;"2""""(50MM)DUAL PRESS REG. W/ELEC SHUT-OFF,RG.A/A";3803,76
HA4ADS/52;H_VC;"2""""(50MM)DUAL PRESS REG. W/ELEC SHUT-OFF,RG.A/B";3803,76
HA4ADS/61;H_VC;"2-1/2""""(65MM)DUAL PRESS REG W/ELEC SHUT-OFF,RG A/A";4399,92
HA4ADS/64;H_VC;"2-1/2""""(65MM)DUAL PRES REG. W/ ELEC SHUT-OFF RG.B/B";4399,92
HA4ADS/71;H_VC;"3""""(80MM)DUAL PRESS REG. W/ELEC SHUT-OFF,RG A/A";5529,6
HA4ADS/81;H_VC;"4""""(100MM)DUAL PRESS REG.W/ ELEC-SHUT OFF,RG.A/A";7412,04
HA4ADS/B1;H_VC;"3/4""""(20MM)DUAL REG.ELEC SHUT-OFF,RG.A/A,50% PORT";2447,28
HA4ADSP/71;H_VC;"3""""(80MM)DUAL REGULATOR ELEC SHUT-OFF PNEU COMP";5720,76
HA4AE/31;H_VC;"1-1/4"""" PRESSURE REG. RG.A, W/ EXTERNAL EQUAL";1774,44
HA4AE/33;H_VC;"1-1/4"""" PRESSURE REG. RG. B , W/ EXTERNAL EQUAL";1774,44
HA4AE/41;H_VC;"1-1/2"""" PRESSURE REG RG.A, W/ EXTERNAL EQUAL";2329,56
HA4AE/51;H_VC;"2""""(50MM)PRESSURE REG. RG.A W/EXTERNAL EQUAL";2624,4
HA4AE/53;H_VC;"2""""(50MM) PRESSURE REG. RG.B, W/EXTERNAL EQUAL";2624,4
HA4AK/01;H_VC;"3/4""""(20MM)RESEATING RELIEF REG RANGE A";896,4
HA4AK/03;H_VC;"3/4""""(20MM)RESEATING RELIEF REG RANGE B";896,4
HA4AK/06;H_VC;"3/4""""(20MM) RESEATING RELIEF REG, RG. D";896,4
HA4AK/21;H_VC;"1""""(25MM) RESEATING RELIEF REG. RANGE A";1089,72
HA4AK/23;H_VC;"1""""(25MM)RESEATING RELIEF REGULATOR RANGE B";1089,72
HA4AK/26;H_VC;"1""""(25MM) RESEATING RELIEF REG. RANGE D";1089,72
HA4AK/31;H_VC;"1-1/4""""(32MM) RESEATING RELIEF REG. RANGE A";1404
HA4AK/33;H_VC;"1-1/4""""(32MM) RESEATING RELIEF REG. RANGE B";1404
HA4AK/41;H_VC;"1-1/2""""(40MM)RESEAT RELIEF REG. RANGE A:";1956,96
HA4AK/43;H_VC;"1-1/2""""(40MM)RESEAT RELIEF REG. RANGE B:";1956,96
HA4AK/51;H_VC;"2""""(50MM) RESEATING RELIEF REG. RANGE A:";2252,88
HA4AK/53;H_VC;"2""""(50MM) RESEATING RELIEF REG. RANGE B:";2252,88
HA4AK/61;H_VC;"2-1/2""""(65MM) RESEATING RELIEF REG. RANGE A:";2849,04
HA4AK/63;H_VC;"2-1/2""""(65mm)RESEATING RELIEF REG., RANGE B";2849,04
HA4AK/71;H_VC;"3""""(80MM) RESEATING RELIEF REG. RANGE A:";3978,72
HA4AK/73;H_VC;"3""""(80""""MM)RESEATING RELIEF REGULATOR, RANGE B";3978,72
HA4AK/76;H_VC;"3"""" (80MM) RESEATING RELIEF REGULATOR, RANGE D";3978,72
HA4AK/81;H_VC;"4""""(100MM)RESEATING RELIEF REG. RANGE A:";5861,16
HA4AK/83;H_VC;"4""""(100MM)RESEATING RELIEF REG. RANGE B:";5861,16
HA4AK/A1;H_VC;"3/4""""(20MM)RESEAT RELF REG,25%RED,RG.A";896,4
HA4AK/A3;H_VC;"3/4""""(20MM)RESEAT RELF REGw/25%RED. RG.B";896,4
HA4AK/B1;H_VC;"3/4""""(20MM)RESEAT RELIEF REG 50%RED PORT,RG A";896,4
HA4AK/B3;H_VC;"3/4""""(20MM) RESEAT RELIEF REG 50% REDUCED PORT RG.B";896,4
HA4AK-4/31;H_VC;"1-1/4""""(32MM)4-BLT RESEAT RELIEF REG.RG.A";1530,36
HA4AKS/01;H_VC;"3/4""""(20MM)RESEATING RELF W/ ELEC SHUT-OFF, RG.A";1441,8
HA4AKS/21;H_VC;"1""""(25MM)RESEAT RELIEF REG. W/ELECT SHUT-OFF,RG.A";1632,96
HA4AKS/31;H_VC;"1-1/4""""(32MM)RESEAT RELIEF REG,ELECT SO,RG.A";1949,4
HA4AKS/61;H_VC;"2-1/2""""(65MM)RESEATING RELF REG,W/ELEC,RG.A";3395,52
HA4AKS/81;H_VC;"4""""(80MM)RESEATING RELF W/ ELEC SHUT-OFF, RG.A";6405,48
HA4AKS/A1;H_VC;"3/4""""(20MM)RESEATING RELF,ELEC SO,RG.A,25%VPORT";1441,8
HA4AL/01;H_VC;"3/4""""(20MM)DIFFERENTIAL PRES. REGULATOR RANGE A";1149,12
HA4AL/03;H_VC;"3/4""""(20MM) DIFFERENTIAL PRESSURE REGULATOR RANGE B";1149,12
HA4AL/21;H_VC;"1""""(25MM) DIFFERENTIAL PRESSURE REGULATOR RANGE A";1342,44
HA4AL/23;H_VC;"1""""(25MM) DIFF.PRESS REG. RANGE B: 30 TO 300 PSIG";1342,44
HA4AL/31;H_VC;"1-1/4""""(32MM)DIFFERENTIAL PRES. REGULATOR RANGE A";1656,72
HA4AL/41;H_VC;"1-1/2""""(40MM)DIFFERENTIAL PRES. REGULATOR RANGE A";2209,68
HA4AL/51;H_VC;"2""""(50MM)DIFFERENTIAL PRESSURE REGULATOR, RANGE A";2505,6
HA4AL/61;H_VC;2-1/2(65MM)DIFFERENTIAL PRES. REGULATOR RANGE A;3101,76
HA4AL/71;H_VC;"3""""(80MM)DIFFERENTIAL PRESSURE REGULATOR RANGE A";4231,44
HA4AL/81;H_VC;"4""""(100MM) DIFF. PRESSURE REGULATOR, RANGE A";6113,88
HA4AL/A1;H_VC;"3/4""""(20MM)DIFF PRES. REG.W/25% RED.PORT,RG.A";1149,12
HA4AL/B1;H_VC;"3/4""""(20MM)DIF""""L PRES.REG. W/50% RED.PORT RGE A";1149,12
HA4AL/B3;H_VC;"3/4""""(20MM)DIFFERENTIAL PRESS REG RG.B 50% RED PORT";1149,12
HA4AL-4/31;H_VC;"1-1/4""""(32MM)DIFF.PRESS REG. RGE.A(4-BOLT)";1787,4
HA4ALE/01;H_VC;"3/4""""(20MM)DIFF PRESS. W/EXTERNAL EQUAL.RANGE A";1307,88
HA4ALE/21;H_VC;"1""""(25MM)DIFF PRESS REG W/EXTERNAL EQUAL RG.A";1500,12
HA4ALE/31;H_VC;"1-1/4""""(32MM)DIFF PRESS REG W/EXTERNAL EQUAL RG.A";1815,48
HA4ALE/41;H_VC;"1-1/2""""(40mm)DIFF PRESS REG.W/EXT EQUAL.RANGE A";2368,44
HA4ALE/A1;H_VC;"3/4""""(20MM)DIFF.PRESS REG. W/EXT.CONN.W/25% REDUCED";1307,88
HA4ALE/B1;H_VC;"3/4""""(20MM)DIFF PRESS REG W/EXT.CONN W/50% RED";1307,88
HA4ALK/01;H_VC;"3/4""""(20MM)DIFF. PRESS. REG. RESEATING RELF, RG.A";1273,32
HA4ALS/21;H_VC;"REGULATOR,1"""" DIFFR. W/OPEN R/A";1890
HA4ALS/31;H_VC;"1-1/4""""(32MM)DIFFERENTL REG W/ELECTRC SHUTOFF,RNG A";2205,36
HA4ALS/41;H_VC;"1-1/2""""(40MM)DIFF PRESS REG,W/ELECTRIC SHUTOFF,RG.A";2758,32
HA4ALS/51;H_VC;"2""""(50MM)DIFFERENTL PRESS.REG. W/ELECTRC SHUTOFF,RG";3053,16
HA4ALS/61;H_VC;"2-1/2""""(65mm)PRESS REG W/ELEC SHUT-OFF/DIFF PRESS";3650,4
HA4ALS/71;H_VC;"3"""" (80MM) PRESS REG W/ELEC SHUT-OFF/DIFF PRESS";4780,08
HA4ALS/81;H_VC;"4""""(100MM)DIFF PRESS REG. W/ ELEC SHUT-OFF,RG.A";6661,44
HA4AM/01;H_VC;"3/4""""(20MM) ELECT.MOTOR COMP. REGULATOR, RANGE A";2559,6
HA4AM/21;H_VC;"1""""(25MM)ELECT.MOTOR COMP. REGULATOR, RANGE A";2752,92
HA4AM/25;H_VC;"1""""(25mm)ELECT.MTR.COMP.REG.RG.V";3070,44
HA4AM/31;H_VC;"1-1/4""""(32MM) ELECT. MOTOR COMP REGULATOR, RANGE A";3067,2
HA4AM/35;H_VC;"1-1/4""""(32MM) ELECT. MOTOR COMP REGULATOR,RG V";3384,72
HA4AM/41;H_VC;"1-1/2""""(40MM) ELECT. MOTOR COMP REGULATOR, RANGE A";3620,16
HA4AM/51;H_VC;"2""""(50MM)ELECT MOTOR COMP REGULATOR, RANGE A";3916,08
HA4AM/55;H_VC;"2""""(50mm)ELECT MOTOR COMP REG. RANGE V";4233,6
HA4AM/61;H_VC;"2-1/2""""(65MM)ELEC MTR COMP. REGULATOR, RANGE A";4512,24
HA4AM/63;H_VC;"2-1/2""""(65MM)ELECT MOTOR COMP REGULATOR,RG.B";4512,24
HA4AM/71;H_VC;"3""""(80MM) ELECTRIC MOTOR COMP. REGULATOR, RANGE A";5641,92
HA4AM/75;H_VC;"3""""(80MM) ELECTRIC MOTOR COMP REGULATOR, RANGE V";5959,44
HA4AM/81;H_VC;"4""""(100MM) ELECTRIC MOTOR COMP. REGULATOR, RANGE A";7524,36
HA4AM/85;H_VC;"4""""(100MM) ELECTRIC MOTOR COMP. REG, RG. V";7841,88
HA4AM/B1;H_VC;"3/4""""(20MM)ELECT MOTOR COMP REG 50% REDUCED RG.A";2559,6
HA4AM/B5;H_VC;"3/4""""(20MM)ELECT.MTR.COMP.G.,REG.V,50%REDUCED";2877,12
HA4AM-4/31;H_VC;"1-1/4""""(32MM)ELEC.MTR COMP. REG,RG. A(4-BOLT)";3195,72
HA4AMS/01;H_VC;"3/4""""(20MM)ELEC.MTR COMP.REG W/ELEC SHUT-OFF,RG.A";3105
HA4AMS/21;H_VC;"1""""(25MM)ELECT MOTOR COMP. REG,W/ELECT SHUTOFF RGA";3298,32
HA4AMS/31;H_VC;"1-1/4""""(32MM)ELEC.MOT.COMP.REG W/ ELEC SHUTOFF,RGA";3614,76
HA4AMS/41;H_VC;"1-1/2""""(40MM)ELEC.MOT.COMP.REG. W/ELEC SHUT-OFF,RGA";4165,56
HA4AMS/45;H_VC;"1-1/2""""(40MM)ELEC.MOT.COMP.REG W/ELEC SHUT-OFF,RG.V";4486,32
HA4AMS/51;H_VC;"2""""(50MM)ELECT.MTR COMP.REG W/ELEC SHUT-OFF,RG.A";4462,56
HA4AMS/61;H_VC;"2-1/2""""(65MM)ELEC.MOT.COMP.REG W/ELEC SHUT-OFF,RG.A";5059,8
HA4AMS/71;H_VC;"3""""(80MM)ELEC MTR COMP.REG W/ELEC SHUT-OFF,RG.A";6189,48
HA4AMS/81;H_VC;"4""""(100MM)ELEC.MTR COMP.REG W/ELEC SHUT-OFF,RG.A";8069,76
HA4AMS/85;H_VC;"4""""(100MM)ELEC.MOTOR COMP.REG W/ELEC SHUT-OFF,RG.V";8388,36
HA4AMS/B1;H_VC;"3/4""""(20MM)ELEC,MTR.COMP.W/ELEC SHUT-OFF,50%RED";3105
HA4AO/01;H_VC;"3/4"""" (20MM) OUTLET PRESSURE REGULATOR, RANGE V";1342,44
HA4AO/03;H_VC;"3/4""""(20MM) OUTLET PRESSURE REGULATOR RANGE B";1342,44
HA4AO/21;H_VC;"1""""(25MM) OUTLET PRESSURE REGULATOR RANGE V";1535,76
HA4AO/23;H_VC;"1""""(25MM) OUTLET PRESSURE REGULATOR RANGE B";1535,76
HA4AO/31;H_VC;"1-1/4""""(32MM) OUTLET PRESSURE REGULATOR RANGE V";1850,04
HA4AO/33;H_VC;"1-1/4""""(32MM) OUTLET PRESSURE REGULATOR RANGE B";1850,04
HA4AO/41;H_VC;"1-1/2""""(40MM) OUTLET PRESSURE REGULATOR RANGE V";2403
HA4AO/43;H_VC;"1-1/2""""(40MM) OUTLET PRESSURE REGULATOR RANGE B";2403
HA4AO/51;H_VC;"2""""(50MM) OUTLET PRESSURE REGULATOR RANGE V";2698,92
HA4AO/53;H_VC;"2"""" (50MM) OUTLET PRESSURE REGULATOR RANGE B";2698,92
HA4AO/61;H_VC;"2-1/2""""(65MM) OUTLET PRESSURE REGULATOR RANGE V";3295,08
HA4AO/63;H_VC;"2-1/2"""" (65MM) OUTLET PRESSURE REGULATOR, RANGE B";3295,08
HA4AO/71;H_VC;"3""""(80MM) OUTLET PRESSURE REGULATOR RANGE V";4424,76
HA4AO/73;H_VC;"3""""(80MM) OUTLET PRESSURE REGULATOR RANGE B";4424,76
HA4AO/81;H_VC;"4""""(100MM) OUTLET PRESSURE REGULATOR RANGE V";6307,2
HA4AO/83;H_VC;"4""""(100MM)OUTLET PRESSURE REGULATOR, RANGE B";6307,2
HA4AO/A1;H_VC;"3/4""""(20MM) OUTLET PRES REG W/25% RED. RG.V";1342,44
HA4AO/A3;H_VC;"3/4""""(20MM)OUTLET PRES REG. 25% REDUCED PORT,RG:B";1342,44
HA4AO/B1;H_VC;"3/4""""(20MM)OUTLET PRES REG. 50% REDUCD PORT,RG V";1342,44
HA4AO/B3;H_VC;"3/4""""(20MM)OUTLET PRESS REG. 50% RED PORT,RG.B";1342,44
HA4AO-4/31;H_VC;"1-1/4""""(32MM)OUTLET PRESS. REG.(4-BOLT) RANGE V";1976,4
HA4AO-4/33;H_VC;"1-1/4""""(32MM)OUTLET REGULATOR RANGE B (4-BOLT)";1976,4
HA4AOA/73;H_VC;"3"""" (80MM) INLET/OUTLET REGULATOR RG. A/B";5259,6
HA4AOAMS/61;H_VC;"2-1/2""""(65mm)INLET/OUTLET MOTOR COMP, RG. V/A";6824,52
HA4AOAS/01;H_VC;"3/4"""" INLET/OUTLET REG. W/ELEC SHUT-OFF, RG.A/V";3085,56
HA4AOAS/21;H_VC;"1""""INLET/OUTLET REG.W/ELEC.SHUT-OFF,RG.A/V";3277,8
HA4AOAS/31;H_VC;"1-1/4""""INLET/OUTLET REG.W/ELECT SHUT-OFF,RG.A/V";3592,08
HA4AOAS/34;H_VC;"1-1/4""""INLET/OUTLET REG.W/ELECT SHUT-OFF,RG.B/B";3592,08
HA4AOAS/41;H_VC;"1-1/2""""(40MM)OUTLET REG. W/ELECT.SHUT-OFF.RG.A/V";4145,04
HA4AOAS/43;H_VC;"1-1/2""""(40mm)INLET/OUTLET REG.W/ELECT SO,RG A/B";4145,04
HA4AOAS/44;H_VC;"1-1/2""""(40mm)INLET/OUTLET REG.W/ELECT SO,RG B/B";4145,04
HA4AOAS/51;H_VC;"2""""(50MM)OUTLET REG.W/ELEC. SHUT-OFF RG. A/V";4442,04
HA4AOAS/61;H_VC;"2-1/2"""" INLET/OUTLET REG.W/ELEC SHUT-OFF,RG.A/V";5038,2
HA4AOAS/63;H_VC;"2-1/2""""(65MM)INLET/OUTLET REG.W/ELEC SO,RG.A/B";5038,2
HA4AOAS/71;H_VC;"3""""INLET/OUTLET REG. W/ELECT. SHUT-OFF RG. A/V";6168,96
HA4AOAS/81;H_VC;"4"""" INLET/OUTLET REG. W/ELECT. SHUT-OFF RG.A/V";8048,16
HA4AOB/41;H_VC;"1-1/2""""(40MM)OUTLET REG.W/WIDE OPEN FEATURE,RNG V";2949,48
HA4AOB/43;H_VC;"1-1/2""""(40MM)OUTLET REG.W/ WIDE OPEN,RG. B";2949,48
HA4AOB/53;H_VC;"2""""(50MM)OUT. PRESS REG. W/WIDE OPEN FEAT,RGE B";3244,32
HA4AOB/61;H_VC;"2-1/2"""" (65MM) OUTLET REGULATOR W/WIDE OPEN RANGE V";3841,56
HA4AOB/73;H_VC;"3""""(75MM)OUTLET PRESSURE REG,RG B,WIDE OPEN";4971,24
HA4AOE/01;H_VC;"3/4"""" OUTLET PRESS.REG.W/ EXT EQUALIZER,RANGE V";1497,96
HA4AOE/03;H_VC;"3/4""""(20MM)OUTLET PRESS.REG. W/EXT.EQUAL.,RG.B";1497,96
HA4AOE/21;H_VC;"1""""(25MM)OUTLT. PRES.REG. W/ EXTERNAL EQUAL,RGE V";1691,28
HA4AOE/23;H_VC;"1""""(25MM)OUTLET PRES.REG.W/ EXTERNAL EQUALIZER,RG.B";1691,28
HA4AOE/31;H_VC;"1-1/4""""(32MM)OUT PRES.REG. W/EXT.EQUAL RG V";2005,56
HA4AOE/41;H_VC;"1-1/2""""OUTLET PRES.REG W/ EXTERN EQUALIZ RGE V";2558,52
HA4AOE/51;H_VC;"2""""(50MM)OUTLT PRES.REG.W/ EXT EQUALZR RG V";2855,52
HA4AOE/61;H_VC;"2-1/2""""(65MM)OUT. PRES. REG. W/EXTERN EQUAL RGE V";3451,68
HA4AOE/71;H_VC;"3""""(80MM)OUTLET PRES.REG.W/ EXT EQUALIZER,RG.V";4581,36
HA4AOE/A1;H_VC;"3/4""""(20MM)PRES REG.W/ EXT.EQUAL.25%RED.PLUG,RG.V";1497,96
HA4AOE/B1;H_VC;"3/4""""20MM OUTPRES.REG.W/EXT EQUAL,RGE V,50% RED PT";1497,96
HA4AOEPS/01;H_VC;"3/4"""" OUTLET PRESS REG,EXT,PNEU,SHUT-OFF, RG.V";2232,36
HA4AOES/01;H_VC;"3/4""""(20MM)REG.W/ELECT.S/O W/EXTERN EQLZ,RGE V";1888,92
HA4AOES/03;H_VC;"3/4""""(20MM)OUT PRES.REG.W/EX EQU.&ELEC.SHUT-OFF,RGB";1888,92
HA4AOES/21;H_VC;"1""""(25MM)OUT REG.W/ELECT SHUT-OFF W/EXT.EQUAL RGE.V";2235,6
HA4AOES/23;H_VC;"1""""(25MM)OUT REG.W/ELECT SHUT-OFF W/EXT.EQUAL RG.B";2235,6
HA4AOES/31;H_VC;"1-1/4""""(32MM)OUT REG. RG.V,W/ELECT SO,W/EXT.EQ";2552,04
HA4AOES/33;H_VC;"1-1/4""""(32MM)OUT REG. RG.B,ELECT SO,W/EXT.EQ";2552,04
HA4AOES/41;H_VC;"1-1/2""""(40MM)OUT REG.W/ELEC. SHUT-OFF,W/ EXT.EQ. RG";3103,92
HA4AOES/43;H_VC;"1-1/2""""(40mm)OUT REG.W/ELEC SHUT-OFFW/EXT EQ,RG.B";3103,92
HA4AOES/51;H_VC;"2""""(50MM)OUTLET REG.W/ELECT SHUT-OFF,W/EXT.EQUALIZE";3244,32
HA4AOES/53;H_VC;"2""""(50MM)OUTLET REG.W/ELEC SHUT-OFF,W/EXT.EQ,RG.B";3244,32
HA4AOES/61;H_VC;"2-1/2""""(65MM)OUT REG.W/ELEC. SHUT-OFF,W/EXT.EQ.RG.V";3997,08
HA4AOES/81;H_VC;"4""""(100MM)OUT REG W/ELEC SHUT-OFF W/EXT EQ RG.V";7007,04
HA4AOES/A1;H_VC;"3/4""""(20MM)OUTLET REG.W/ELEC.,W/EXT.EQUAL,25% RED";2043,36
HA4AOES/B1;H_VC;"3/4""""(20MM)REG.W/ELEC.S.OFF W/EXT.EQ.RG.V,50%RED";2043,36
HA4AOES/B3;H_VC;"3/4""""(20MM)REG W/ELEC SHUT-OFF W/EXT EQ RG.B 50%RED";2043,36
HA4AOESX/01;H_VC;"3/4""""(20mm)OUTLET PRES.,W/ELEC/RG. V,EXP 115V";3317,76
HA4AOESX/21;H_VC;"1""""(25mm)OUTLET PRESS W/ELEC,RG.V,EXPL PROOF,115V";3512,16
HA4AOESX/41;H_VC;"1-1/2""""(40MM)OUT PRES REG ELEC,RG.V, EXPL 115V";4379,4
HA4AOESX/51;H_VC;"2"""" (50MM) OUT PRES REG ELEC RG.V EXPL PROOF 115V";4676,4
HA4AOESX/61;H_VC;"2-1/2""""(65MM)OUTLET PRESS,ELEC RG.V EXP 115V";5273,64
HA4AOESX/71;H_VC;"3""""(80MM)OUTLET PRESS,ELEC RG.V EXP 115V";6403,32
HA4AOLE/01;H_VC;"3/4""""(20mm)DIFF OUTLET REG W/EXT EQUAL RG.V";1720,44
HA4AOLE/33;H_VC;"1-1/4""""(32MM)DIFF.OUTLET REG.W/EXT.EQUAL,RG. B";2228,04
HA4AOLE/A1;H_VC;"3/4""""(20mm)DIFF OUTLET REG. W/EXT EQ.25%RED., RG V";1720,44
HA4AOMS/61;H_VC;"2-1/2""""OUTLET MOTOR COMP.W/ELEC.SHUT-OFF,RG.V";5628,96
HA4AOMS/71;H_VC;"3""""OUTLET MOTOR COMP.W/ELEC.SHUT-OFF,RG.V";6758,64
HA4AOMS/A1;H_VC;"3/4""""OUTLET MTR.COMP.W/ELEC.SHUT-OFF,25%RED.RG.V";3675,24
HA4AOP/01;H_VC;"3/4""""(20MM)PNEUMATIC COMP.OUTLET REGULATOR, RG V.";1529,28
HA4AOP/21;H_VC;"1""""(25MM)PNEUMATIC COMP OUTLET REG.,RG.V";1721,52
HA4AOP/41;H_VC;"1-1/2""""(40MM) PNEUMATIC COMP OUTLET REGULATOR, RG V";2590,92
HA4AOP/71;H_VC;"3""""(80MM) PNEUMATIC COMP. OUTLET REGULATOR RANGE V";4612,68
HA4AOP/81;H_VC;"4"""" (100MM) PNEUMATIC COMP OUTLET REGULATOR RANGE V";6492,96
HA4AOP/A1;H_VC;"3/4""""(20mm)PNEUM OUTLET REG. RG.V,25% REDUCED PORT";1529,28
HA4AOPS/01;H_VC;"3/4""""(20MM)PNEUM.OTLT PRESS.REG.W/ELEC-SHUTOFF,RG.V";2074,68
HA4AOPS/21;H_VC;"1""""(25MM)PNEUM,OUTLT PRES REG.W/ELEC SHUT-OFF, RG.V";2266,92
HA4AOPS/31;H_VC;"1-1/4"""" (32MM) HA4AOPS PRESS REG, RG V, OUTLET W/ P";2582,28
HA4AOPS/41;H_VC;"1-1/2""""(40mm)PNEUM OUTLET PRES .ELEC SHUT-OFF,RG.V";3136,32
HA4AOS/01;H_VC;"3/4""""(20MM)OUTLET REG.W/ELECT. SHUT-OFF, RANGE V";1887,84
HA4AOS/03;H_VC;"3/4""""(20MM)OUTLET REG. W/ELECT. SHUT-OFF, RANGE B";1887,84
HA4AOS/06;H_VC;"3/4""""(20MM)PRESS REG RG D, ELEC S/O & OUTLET PRES";1887,84
HA4AOS/21;H_VC;"1""""(25MM)OUTLET REG W/ ELECTRIC SHUT-OFF, RANGE V";2081,16
HA4AOS/23;H_VC;"1""""(25MM)OUTLET REG.W/ELECTRIC SHUT-OFF, RANGE B";2081,16
HA4AOS/31;H_VC;"1-1/4""""(32MM)OUTLET REG.W/ELECT SHUT-OFF, RANGE V";2395,44
HA4AOS/33;H_VC;"1-1/4""""(32MM)OUTLET REG.W/ELECT SHUT-OFF, RANGE B";2395,44
HA4AOS/36;H_VC;"1-1/4""""(32mm)OUTLET REG. W/ELECT SHUT-OFF, RG.D";2395,44
HA4AOS/41;H_VC;"1-1/2""""(40MM)OUTLET REG.W/ELECT SHUT-OFF, RANGE V";2948,4
HA4AOS/43;H_VC;"1-1/2""""(40MM)OUTLET REG.W/ELECT SHUT-OFF, RANGE B";2948,4
HA4AOS/51;H_VC;"2"""" (50MM) OUTLET REG. W/ELECTRIC SHUT-OFF, RG V";3244,32
HA4AOS/53;H_VC;"2""""(50MM)OUTLET REG.W/ELECTRIC SHUT-OFF, RANGE B";3244,32
HA4AOS/56;H_VC;"2""""(50MM)OUTLET REG. W/ELEC SHUT-OFF,RANGE D";3244,32
HA4AOS/61;H_VC;"2-1/2""""(65MM)OUTLET REG.W/ELECT SHUT-OFF, RANGE V";3840,48
HA4AOS/63;H_VC;"2-1/2""""(65MM)OUTLET REG.W/ELECT SHUT-OFF, RANGE B";3840,48
HA4AOS/71;H_VC;"3""""(80MM)OUTLET REG.W/ELECTRIC SHUT-OFF, RANGE V";4970,16
HA4AOS/73;H_VC;"3""""(80MM)OUTLET REG. W/ELECTRIC SHUT-OFF, RANGE B";4970,16
HA4AOS/81;H_VC;"4""""(100MM)OUTLET REG.W/ELECTRIC SHUT-OFF, RANGE V";6852,6
HA4AOS/83;H_VC;"4""""(100MM)OUTLET REG.W/ELECTRIC SHUT-OFF, RANGE B";6852,6
HA4AOS/A1;H_VC;"3/4""""(20MM)OUTLET REG.W/ELECT.SHT-OFF, RG. V,25%RED";1887,84
HA4AOS/A3;H_VC;"3/4""""(20MM)OUT REG.W/ELECT. SHT-OFF,RGE B,25% RED.P";1887,84
HA4AOS/B1;H_VC;"3/4""""(20MM)OUTLET REG.W/ELEC SHUT-OFF,RG,V,50%RED.P";1887,84
HA4AOS/B3;H_VC;"3/4""""(20MM)OUTLET REG.W/SHUT- OFF RG B 50% RED PORT";1887,84
HA4AOS-4/31;H_VC;"1-1/4""""(32MM)OUTLET REG.W/ELEC SHUT-OFF,RG V(4-BOLT";2522,88
HA4AOSB/01;H_VC;"3/4""""(20MM)OUTLET REG.ELEC SHUT-OFF,WIDE OPEN.RG.V";2128,68
HA4AOSB/21;H_VC;"1""""(25mm)OUTLET REG W/ELEC SHUT-OFF WIDE OPEN RG V";2319,84
HA4AOSB/23;H_VC;"1""""(25mm)OUTLET REG.W/ELEC SHUT-OFF,WIDE OPEN,RG.B";2319,84
HA4AOSB/26;H_VC;"1""""(25mm) OUTLET REG W/ELEC SHUT-OFF WIDE OPEN RG.D";2319,84
HA4AOSB/31;H_VC;"1-1/4""""(32MM)OUTLET REG,RG.V,ELEC SO,WIDE OPEN";2635,2
HA4AOSB/81;H_VC;"4""""(100MM)OUTLET,ELEC SHUT-OFF,WIDE OPEN, RANGE V";7093,44
HA4AOSX/01;H_VC;"3/4""""(20MM)OUTLET REG.W/ELEC,W/EXT EXP,115V,RG.V";3163,32
HA4AOSX/21;H_VC;"1""""(25MM) OUTLET REG ELEC,W/EXT EXP 115V RG V";3353,4
HA4AOSX/23;H_VC;"1""""(25MM) OUTLET REG ELEC,W/EXT EXP 115V RG.B";3353,4
HA4AOSX/31;H_VC;"1-1/4"""" (32MM) OUTLET REG ELEC W/EXT EXP 115V RG V";3670,92
HA4AOSX/53;H_VC;"2""""(50MM)OUTLET REG ELEC,W/EXT EXP, 115V, RG.B";4519,8
HA4AOSX/A1;H_VC;"3/4""""(20MM)OUTLET REG,ELEC,115V,RG.V,25%RED,EXT EXP";3163,32
HA4AOSX/B1;H_VC;"3/4""""(20MM)OUTLET REG ELEC 50% RED,EXT EXP,115V,RGV";3163,32
HA4AP/01;H_VC;"3/4""""(20MM) PNEUM COMP. PRESSURE REGULATOR RANGE A";960,12
HA4AP/21;H_VC;"1""""(25MM) PNEUMATIC PRESSURE REGULATOR RANGE A";1153,44
HA4AP/31;H_VC;"1-1/4""""(32MM)PNEUMATIC PRESSURE REGULATOR, RANGE A";1467,72
HA4AP/41;H_VC;"1-1/2""""(40MM) PNEUM. PRESSURE REGULATOR RANGE A";2020,68
HA4AP/51;H_VC;"2""""(50MM) PNEUMATIC PRESSURE REGULATOR RANGE A";2316,6
HA4AP/61;H_VC;"2-1/2""""(65MM) PNEUMATIC PRESSURE REGULATOR RANGE A";2912,76
HA4AP/71;H_VC;"3""""(80MM) PNEUMATIC PRESSURE REGULATOR RANGE A";4042,44
HA4AP/81;H_VC;"4""""(100MM) PNEUMATIC PRESSURE REGULATOR RANGE A";5924,88
HA4AP/B1;H_VC;"3/4""""(20MM)PNEUM COMP. PRESS REG RG.A,50% RED VPORT";960,12
HA4AP-4/31;H_VC;"1-1/4""""(32mm)PNEUMATIC PRESS. REG,(4-BOLT)RANGE A";1596,24
HA4APS/01;H_VC;"3/4""""(20MM)PENUM PRESS REG. W/ ELEC SHUT-OFF,RG.A";1506,6
HA4APS/21;H_VC;"1""""(25MM)PENUM PRESS.REG. W/ELECTRIC SHUT-OFF,RANGE";1698,84
HA4APS/31;H_VC;"1-1/4""""(32MM)PNEUM PRESS REG.W/ELEC SHUT-OFF RG A";2012,04
HA4APS/41;H_VC;"1-1/2""""(40MM)PNEUMTC PRES REG.W/ELEC.SHUT-OFF RG A";2568,24
HA4APS/51;H_VC;"2""""(50MM)PNEUM.PRESSURE REG.W/ELEC.SHUT-OFF,RG.A";2862
HA4APS/61;H_VC;"2-1/2""""(65MM)PNEUM PRESS. REG.W/ELEC.SHUT-OFF RG.A";3460,32
HA4APS/71;H_VC;"3""""(80MM)PNEUM. PRES REG. W/ELEC. SHUT-OFF RGE A";4590
HA4APS/81;H_VC;"4""""(100MM)PNEUM. PRES. REG W/ELECT SHUT-OFF RGE A";6470,28
HA4APSB/21;H_VC;"1""""(25MM)PNEUM.PRES.REG.W/ELEC SHUT-OFF,OPEN,RG A";1938,6
HA4APSB/31;H_VC;"1-1/4""""(32mm)PNEUM PRES REG.ELEC SHUT-OFF,OPEN,RG.A";2255,04
HA4APSB/81;H_VC;"4""""(100mm)PHEUN.PRES.REG.w/SHUT-OFF,OPEN RG.A";6713,28
HA4AR/01;H_VC;"3/4""""(20MM) MAIN REGULATOR ONLY FOR REMOTE PILOT";773,28
HA4AR/21;H_VC;"1""""(25MM) MAIN REGULATOR ONLY FOR REMOTE PILOT";966,6
HA4AR/41;H_VC;"1-1/2""""(40MM) MAIN REGULATOR ONLY FOR REMOTE PILOT";1833,84
HA4AR/51;H_VC;"2""""(50MM) MAIN REGULATOR ONLY FOR REMOTE PILOT";2129,76
HA4AR/61;H_VC;"2-1/2""""(65MM) MAIN REGULATOR ONLY FOR REMOTE PILOT";2725,92
HA4AR/71;H_VC;"3""""(80MM) MAIN REGULATOR ONLY FOR REMOTE PILOT";3855,6
HA4AR/81;H_VC;"4""""(100MM) MAIN REGULATOR ONLY FOR REMOTE PILOT";5738,04
HA4AR/B1;H_VC;"3/4""""(20MM)50%RED PORT MAIN REG.FOR REMOTE PILOT";773,28
HA4AS/01;H_VC;"3/4""""(20MM) REG. WITH ELECTRIC SHUT-OFF, RANGE A";1318,68
HA4AS/03;H_VC;"3/4""""(20MM) REG. WITH ELECTRIC SHUT-OFF, RANGE B";1318,68
HA4AS/05;H_VC;"3/4""""(20MM) REG. WITH ELECTRIC SHUT-OFF, RANGE V";1636,2
HA4AS/21;H_VC;"1""""(25MM) REG. WITH ELECTRIC SHUT-OFF,RG A";1512
HA4AS/23;H_VC;"1""""(25MM) REG. WITH ELECYTRIC SHUT-OFF, RANGE B";1512
HA4AS/25;H_VC;"1""""(25MM) REG. WITH ELECTRIC SHUT-OFF, RANGE V";1829,52
HA4AS/31;H_VC;"1-1/4""""(32MM) REG.WITH ELECTRIC SHUT-OFF, RANGE A";1826,28
HA4AS/33;H_VC;"1-1/4""""(32MM)REG.W/ ELECTRIC SHUT-OFF,RG.B";1826,28
HA4AS/35;H_VC;"1-1/4""""(32MM)REG.W/ ELECTRIC SHUT-OFF RANGE V";2143,8
HA4AS/41;H_VC;"1-1/2""""(40MM)PRESS REG.W/ ELECTRIC SHUT-OFF RG. A";2379,24
HA4AS/43;H_VC;"1-1/2""""(40MM)REG.W/ ELECTRIC SHUT-OFF,RG.B";2379,24
HA4AS/45;H_VC;"1-1/2""""(40MM)REG.W/ ELECTRIC SHUT-OFF, RANGE V";2804,76
HA4AS/51;H_VC;"2""""(50MM) REGULATOR WITH ELECT. SHUT-OFF, RANGE A";2675,16
HA4AS/53;H_VC;"2""""(50MM) REGULATOR WITH ELECT. SHUT-OFF, RANGE B";2675,16
HA4AS/55;H_VC;"2""""(50MM) REGULATOR WITH ELECT. SHUT-OFF, RANGE V";2992,68
HA4AS/61;H_VC;"2-1/2""""(65MM)REG.W/ ELECTRIC SHUT-OFF RANGE A";3271,32
HA4AS/63;H_VC;"2-1/2""""(65MM)REG.W/ ELECTRIC SHUT-OFF,RG.B";3271,32
HA4AS/65;H_VC;"2-1/2""""(65MM)PRESS REG W/ ELECTRIC SHUT-OFF,RANGE V";3588,84
HA4AS/71;H_VC;"3""""(80MM) REGULATOR WITH ELECT. SHUT-OFF, RANGE A";4401
HA4AS/73;H_VC;"3""""(80MM)REGULATOR WITH ELECTRIC SHUT-OFF, RANGE B";4401
HA4AS/75;H_VC;"3""""(80MM) REGULATOR WITH ELECT. SHUT-OFF, RANGE V";4718,52
HA4AS/76;H_VC;"3""""(80MM) REGULATOR WITH ELECT. SHUT-OFF, RANGE D";4401
HA4AS/81;H_VC;"4""""(100MM)PRES REG. WITH ELECTRIC SHUT-OFF, RANGE A";6283,44
HA4AS/83;H_VC;"4""""(100MM)REG.W/ELECTRIC SHUT-OFF, RANGE B";6283,44
HA4AS/85;H_VC;"4""""(100MM)REGULATOR,W/ELECTRIC SHUT-OFF, RANGE V";6600,96
HA4AS/86;H_VC;"4""""(100MM)PRES REG. WITH ELEC SHUT-OFF, RG D";6283,44
HA4AS/A1;H_VC;"3/4""""(20MM)REG.W/ELECT SHUT-OFF,RG A,25%RED.PORT";1318,68
HA4AS/A3;H_VC;"3/4""""(20MM)REG W/ELEC SHUTOFF,W/25%RED.PORT,RG.B";1318,68
HA4AS/B1;H_VC;"3/4""""(20MM)REG.W""""ELECT SHUT-OFF,RG.A,50%RED PORT";1318,68
HA4AS/B3;H_VC;"3/4""""(20MM)REG.W/ELEC SHUTOFF,RG B,50%RED.PORT";1318,68
HA4AS/B5;H_VC;"3/4""""(20MM)REG.W/ELEC SHUT-OFF, RG.V,50%RED PORT";1636,2
HA4AS-4/31;H_VC;"1-1/4""""(32MM)REG.W/ ELECTRIC SHUT-OFF(4-BOLT)";1955,88
HA4ASB/01;H_VC;"3/4""""(20MM)REG.W/ELEC SHUT-OFF,WIDE OPEN,RG A";1559,52
HA4ASB/03;H_VC;"3/4""""(20MM)REG.W/ELEC SHUT-OFF,WIDE OPEN,RG B";1559,52
HA4ASB/21;H_VC;"1"""" (25MM) REG W/ELECT SHUT-OFF,WIDE OPEN,RG: A";1752,84
HA4ASB/31;H_VC;"1-1/4""""(32MM)REG W/ELEC. SHUT-OFF,WIDE OPEN,RG A";2067,12
HA4ASB/35;H_VC;"1-1/4""""(32MM)REG W/ELEC SHUT-OFF,WIDE OPEN,RG.V";2384,64
HA4ASB/41;H_VC;"1-1/2""""(40MM)REG W/ELEC. SHUT-OFF,WIDE OPEN,RG A";2620,08
HA4ASB/46;H_VC;"1 1/2"""" (40MM) REG W/ ELECT SHUT-OFF , WIDE OPEN, R";2620,08
HA4ASB/51;H_VC;"2"""" (50MM) REG WITH ELEC SHUT-OFF,WIDE OPENING RG.A";2916
HA4ASB/53;H_VC;"2"""" (50MM) REG WITH ELEC SHUT-OFF,WIDE OPEN,RG.B";2916
HA4ASB/61;H_VC;"2-1/2""""(65MM)REG.W/ELECT. SHUT,OFF,WIDE OPEN.RG A";3512,16
HA4ASB/71;H_VC;"3""""(80MM) REG W/ELECTRIC SHUT-OFF,WIDE OPENING RG.A";4641,84
HA4ASB/81;H_VC;"4""""REG.W/ELECT.SHUT-OFF,W/WIDE OPEN,RG.A";6524,28
HA4ASB/A1;H_VC;"3/4""""(20MM)REG.W/ELEC. S/O WD OPEN 25% RED.PT,RGE.A";1559,52
HA4ASB/B1;H_VC;"3/4""""(20MM)REG.W/ELEC.SHUTOFF WIDEOPEN,50%RED.PORT,";1559,52
HA4ASB-4/31;H_VC;"1-1/4""""REG.W/ELEC SHUT-OFF W/WIDE OPEN RGE.A,4-BLT";2195,64
HA4ASNO/01;H_VC;"3/4""""(20MM) REG W/ELEC SO, RG.A NORMALLY OPEN";1632,96
HA4ASNO/21;H_VC;"1""""(25MM) REG W/ ELEC SHUT-OFF, RG.A NORMALLY OPEN";1826,28
HA4ASX/21;H_VC;"1""""(25MM)REG.W/ELEC SO,RG.A,EXPL PROOF,115V";2787,48
HA4ASX/35;H_VC;"1-1/4""""(32MM)REG.W/ELEC SO,RG.V,EXPL PROOF,115V";3420,36
HA4ASX/45;H_VC;"1-1/2""""(40MM)REG.W/ELEC SO,RG.V,EXPL PROOF,115V";3974,4
HA4ASX/51;H_VC;"2""""(50MM)REG W/ELEC SHUT RG.A, 115V EXP PROOF";3950,64
HA4ASX/61;H_VC;"2-1/2""""(65mm)REG W/ELEC SHUT RGA, EXP 115V";4546,8
HA4ASX/65;H_VC;"2-1/2""""(65MM) REG ELEC SHUT-OFF RG V EXP PROOF 115V";4867,56
HA4ASX/71;H_VC;"3""""(80MM)PRESS REG W/ELEC SHUT-OFF RG.A EXP PROOF";5676,48
HA4ASX/73;H_VC;"3""""(80MM) REG W/ELEC SHUT RG.B 115V EXP PROOF";5676,48
HA4ASX/75;H_VC;"3""""(80MM) REG,ELEC SHUTOFF RG.V W/EXPL PROOF 115V";5996,16
HA4ASX/81;H_VC;"4""""(100MM) REG W/ELEC SHUT RG A 115V EXP PROOF";7557,84
HA4ASX/85;H_VC;"4""""(100mm)REG W/ ELEC SHUT RG.V, EXP PRF 115V";7877,52
HA4W/0101;H_VC;"3/4""""(20mm) PRESS REG.WELD IN LINE,RG A 3/4""""SW CON";1128,6
HA4W/0121;H_VC;"3/4"""" (20mm) PRESS REG.WELD-IN-LINE,RG.A 1"""" SW CONN";1128,6
HA4W/0301;H_VC;"3/4""""(20mm)PRESS REG WELD-IN-LINE RG.B 3/4"""" SW CONN";1128,6
HA4W/2121;H_VC;"1""""(25mm)REGULATOR RG. A WELD IN-LINE 1""""SW CONN";1375,92
HA4W/2131;H_VC;"1""""(25MM)REGULATOR RG A. WELD-IN-LINE 1-1/4 SW CONN";1375,92
HA4W/2321;H_VC;"1""""(25mm)REGULATOR RG. B WELD IN-LINE 1"""" SW CONN";1375,92
HA4W/2331;H_VC;"1""""(25MM)REGULATOR RG B. WELD-IN-LINE 1-1/4 SW CONN";1375,92
HA4W/3131;H_VC;"1 1/4""""(32MM)PRESS  RG A WELD IN LINE1-1/4"""" SW CON";1735,56
HA4W/3331;H_VC;"1-1/4""""(32MM)PRESS REG,RG B WELD-IN 1-1/4"""" SW CON";1735,56
HA4W/4141;H_VC;"1-1/2"""" (40MM) PRESS REG RG.A W/1-1/2"""" WELD-IN-LINE";2388,96
HA4W/4151;H_VC;"1-1/2""""(40MM)PRESS REG. RG.A WELD-IN-LINE 2""""SW CONN";2388,96
HA4W/51;H_VC;"5""""(125MM)PRES.REG.BW.RG.A";10251,36
HA4W/5151;H_VC;"2"""" (50MM) PRESS REG RG A WELD IN LINE 2"""" SW CONN";2750,76
HA4W/53;H_VC;"5""""(125MM) PRESSURE REG. BUTT WELD END, RANGE B";10251,36
HA4W/5351;H_VC;"2"""" (50MM)PRESS REG RG.B WELD IN LINE 2"""" SW CONN";2750,76
HA4W/55;H_VC;"5""""(125MM) PRESSURE REGULATOR BW, RANGE V";10567,8
HA4W/61;H_VC;"6""""(150MM)PRESS. REG. RG.A, BW";17400,96
HA4W/6161;H_VC;"2-1/2""""(65mm)PRES. WELD IN-LINE,RG.A,2-1/2"""" SW CON";3611,52
HA4W/63;H_VC;"6""""(150MM) PRESSURE REG. BUTT WELD END, RANGE B";17400,96
HA4W/6361;H_VC;"2-1/2""""(65mm)PRESS REG.RG.B,WELD-IN 2-1/2"""" SW CON";3611,52
HA4W/65;H_VC;"6""""(150MM) PRESSURE REGULATOR BW, RANGE V";17719,56
HA4W/7172;H_VC;"3"""" (80MM) PRESS REG, RG A WELD-IN 3"""" BW";4982,04
HA4W/7372;H_VC;"3""""(80MM)PRESS REG RG.B WELD-IN-LINE 3""""BW CONN";4982,04
HA4W/8182;H_VC;"4"""" (100MM) PRESS REG WELD IN LINE RG A, 4"""" BW CONN";7248,96
HA4W/8382;H_VC;"4"""" (100MM) PRESS REG WELD IN LINE RG B, 4"""" BW CONN";7248,96
HA4WB/3131;H_VC;"1-1/4""""(32MM)PRESS REG RG.A WIDE OPEN,1-1/4"""" SW CO";2279,88
HA4WB/4141;H_VC;"1-1/2""""(40MM)PRESS REG RG.A WIDE OPEN 1-1/2"""" SW";2934,36
HA4WB/4151;H_VC;"1-1/2""""(40MM)PRESS ELEC WIDE OPEN 2""""SW WELD-IN-LINE";2934,36
HA4WB/51;H_VC;"5""""(125MM)REG.W/WIDE OPN FEATURE,BW END,RANGE A";10796,76
HA4WB/5151;H_VC;"2""""(50MM)WIDE OPEN, RGA, WELD-IN SW 2"""" CON";3297,24
HA4WB/53;H_VC;"5""""(125MM)REG W/WIDE OPEN FEATURE,BW,RG B";10796,76
HA4WB/5351;H_VC;"2""""(50MM)REG WIDE OPEN,RG B WELD-IN-LINE 2"""" SW CONN";3297,24
HA4WB/56;H_VC;"5""""(125MM)PRESS REG W/WIDE OPEN FEATURE,BW,RG.D";10796,76
HA4WB/61;H_VC;"6""""(150MM)REG W/WIDE OPEN FEATURE,BW,RG A";17946,36
HA4WB/7172;H_VC;"3"""" (80MM) REG WIDE OPEN, RG.A, WELD-IN-LINE, 3"""" BW";5529,6
HA4WB/8182;H_VC;"4""""(100MM)REG WIDE OPEN,RG.A,WELD-IN-LINE,4"""" BW";7795,44
HA4WBK/3131;H_VC;"1-1/4(32MM)REG,RG.A,WIDE OPEN,RESEAT RLF,1-1/4""""SW";2403
HA4WBK/4141;H_VC;"1-1/2""""(40MM)REG,RG.A,WIDE OPEN,RESEAT RLF,1-1/2""""SW";3057,48
HA4WBK/5151;H_VC;"2"""" (50MM) REG, RG.A, WIDE OPEN, RESEAT RLF, 2"""" SW";3419,28
HA4WBL/51;H_VC;"5""""(125MM)DIFFERENTL PRESS REG. W/WIDE OPEN,BW,RG.A";11174,76
HA4WBL/53;H_VC;"5"""" (125MM) DIFF PRESS REG W/WIDE OPEN, BW RANGE B";11174,76
HA4WBL/61;H_VC;"6""""(150MM)DIFF.PRESS.REG.W/WIDE OPEN,BW END.RG.A";18325,44
HA4WBL/7172;H_VC;"3""""(80MM)PNEUM DIFF PRES REG,WIDE OPEN,RG.A,3"""" BW";5906,52
HA4WBL/8182;H_VC;"4""""(100MM)PNEUM DIFF PRES REG,WIDE OPEN,RG.A,4"""" BW";8173,44
HA4WBLNO/51;H_VC;"5""""(125MM)DIFF PRESS,WIDEOPEN,NORMALLY OPEN,BW,RG.A";11487,96
HA4WD/0101;H_VC;"3/4""""(20mm)DUAL PRES RG.A WELD IN-LINE 3/4""""SW CONN";2257,2
HA4WD/2121;H_VC;"1""""(25MM) DUAL PRESSURE REG WELD-IN-LINE 1"""" SW CONN";2504,52
HA4WD/4141;H_VC;"1-1/2"""" (40MM) DUAL PRESS REG, RG A, WELD IN LINE";3518,64
HA4WD/51;H_VC;"5""""(125MM)DUAL PRESS REG. BW END,RG.A/A";11381,04
HA4WD/5151;H_VC;"2""""(50mm) DUAL PRES RG.A,WELD-IN-LINE 2"""" SW CONN";3879,36
HA4WD/55;H_VC;"5""""(125mm)DUAL PRESS REG. BW END RANGE V/V";12018,24
HA4WD/56;H_VC;"5""""(125MM) DUAL PRESS REG.BW END, RG V/A";11697,48
HA4WD/61;H_VC;"6""""(150MM)DUAL PRES REG. BW END,RG.A/A";18529,56
HA4WD/6161;H_VC;"2-1/2""""(65MM) DUAL PRESS REG, WELD-IN LINE 2-1/2 SW";4739,04
HA4WD/64;H_VC;"6""""(150MM)DUAL PRESS REG. BUTT WELD END,RG B/B";18529,56
HA4WD/65;H_VC;"6""""(150MM)DUAL PRES REG. BW END,RG V/V";19166,76
HA4WD/7172;H_VC;"3""""(80MM) DUAL PRESSURE REG WELD-IN-LINE 3"""" BW CONN";6110,64
HA4WD/8182;H_VC;"4""""(100MM)DUAL PRESS REG,RG A/A,WELD-IN,4"""" BW CONN";8378,64
HA4WD/B101;H_VC;"3/4""""(20MM)DUAL REG RG.A,WELDIN,50%RED,3/4"""" SW CON";2257,2
HA4WDD/51;H_VC;"5"""" THREE PRESSURE REGULATOR, RANGE A/A/A";12507,48
HA4WDD/61;H_VC;"6"""" THREE PRESSURE REGULATOR, RANGE A/A/A";19658,16
HA4WDD/8182;H_VC;"4""""(100MM)THREE PRES REG,RG A/A/A,WELD-IN,4""""BW CONN";9507,24
HA4WDK/6161;H_VC;"2-1/2""""(65MM)DUAL PRESS,RESEAT RELIEF,WELD 2-1/2 SW";4863,24
HA4WDM/3131;H_VC;"1-1/4"""" (32MM)DUAL PRESS REG, ELEC COMP,1-1/4""""SW";4649,4
HA4WDM/4141;H_VC;"1-1/2""""(40mm)DUAL PRES REG, ELEC COMP, 1-1/2"""" SW";5306,04
HA4WDM/4151;H_VC;"1-1/2""""(40MM)DUAL PRESS REG,WELD-IN-LINE RG.A 2""""SW";5306,04
HA4WDM/51;H_VC;"5""""(125MM)ELECTRIC MOTOR COMP. DUAL REG, RG.A/A";13166,28
HA4WDM/5151;H_VC;"2"""" (50MM) DUAL REG, MOTOR COMP, 2"""" SW CONN";5666,76
HA4WDM/61;H_VC;"6""""(150MM)ELEC MTR COMP. DUAL REG,RG.A/A";20316,96
HA4WDM/6161;H_VC;"2-1/2"""" (50MM) DUAL REG, MOTOR COMP, 2-1/2"""" SW CONN";6526,44
HA4WDMS/51;H_VC;"5""""(125MM)ELECTRC MOTOR COMP. DUAL REG,W/ELECT.SHUT";13711,68
HA4WDP/51;H_VC;"5""""(125MM)PNEUM COMP.DUAL PRES REG.BW,RG.A/A";11567,88
HA4WDP/61;H_VC;"REGULATOR, 6"""" DUAL PNEUM.R/A-A";18718,56
HA4WDS/2121;H_VC;"1""""(25MM)DUAL PRESS REG. W/ ELECT SO,WELD-IN,RG A/A";3051
HA4WDS/2131;H_VC;"1""""(25MM) DUAL PRESS W/ELEC SHUT-OFF 1-1/4"""" SW CONN";3051
HA4WDS/51;H_VC;"5""""(125MM)DUAL REG.W/ ELECT.SHUT-OFF,RG.A/A";11925,36
HA4WDS/61;H_VC;"6"""" (150MM) DUAL REG.W/ ELECT.SHUT-OFF, RG.A/A";19077,12
HA4WK/0101;H_VC;"3/4""""(20mm)RESEAT RLF RG.A,WELD IN-LINE 3/4""""SW CON";1250,64
HA4WK/2121;H_VC;"1""""(25mm) RESEATING RG.A WELD IN-LINE 1"""" SW CONN.";1497,96
HA4WK/2131;H_VC;"1""""(25MM)RESEAT RLF REG,RG A,WELD-IN 1 1/4"""" SW";1497,96
HA4WK/3131;H_VC;"1-1/4""""(32mm)RESEAT RLF,RGA,WELD-IN 1-1/4""""SW";1857,6
HA4WK/3331;H_VC;"1 1/4""""(32MM)RESEAT RLF, RG B,WELD-IN 1-1/4"""" SW";1857,6
HA4WK/4141;H_VC;"1-1/2""""(40MM)RESEAT RLF RG A, WELD-IN 1 1/2"""" SW";2511
HA4WK/51;H_VC;"5""""(125MM)RES.REL.REG.BW RG A:SET@70 PSIG";10372,32
HA4WK/5151;H_VC;"2"""" (50MM) RESEAT RLF RG.A,WELD-IN,2"""" SW CONN";2871,72
HA4WK/6061;H_VC;"2-1/2""""(65MM)RESEAT REG,LESS PILOT,WELD IN,2-1/2""""SW";3732,48
HA4WK/61;H_VC;"6""""(150MM)RES.REL.REG.BW RG A:SET@70 PSIG";17524,08
HA4WK/6161;H_VC;"2-1/2""""(65mm)RESEAT RELF RG A,WELD IN,2-1/2"""" SW";3732,48
HA4WK/B101;H_VC;"3/4""""(20mm)RESEAT RLF RG.A,50% REDUCED 3/4""""SW CONN";1250,64
HA4WL/0101;H_VC;"3/4""""(20MM)PRESS REG RG.A WELD-IN-LINE 3/4""""SW CONN";1506,6
HA4WL/4141;H_VC;"1-1/2"""" (40MM) DIFF PRESS REG RG.A,1-1/2"""" SW CONN";2766,96
HA4WL/51;H_VC;"5""""(125MM)DIFF PRESS REG.RG A BUTT WELD END";10628,28
HA4WL/61;H_VC;"6""""(150MM)DIFFERENTIAL PRESS REG,RG A,BW";17778,96
HA4WL/8182;H_VC;"4""""(100MM)DIFF PRES REG,WELD IN,RG A,4"""" BW CONN";7626,96
HA4WM/51;H_VC;"5""""(125)ELECT MOTOR COMPENSATED REGULATOR,RG. A";12036,6
HA4WM/61;H_VC;"6""""(150MM)ELECTRIC MOTOR COMP. REGULATOR, RANGE A";19187,28
HA4WMS/51;H_VC;"5""""(125MM)ELECT MOTOR COMPENSATD REG W/ELEC SHUT-OF";12582
HA4WMS/61;H_VC;"6""""(150MM)ELEC MOTOR COMPENSATE REG W/ELEC SHUT-OFF";19732,68
HA4WO/0101;H_VC;"3/4""""(20MM)PRESS REG RG.V,3/4"""" SW WELD-IN-LINE";1697,76
HA4WO/2121;H_VC;"1""""(25MM)PRESS REG. RG.V WELD-IN-LINE 1"""" SW CONN";1942,92
HA4WO/4141;H_VC;"1-1/2""""(40MM)OUTLET PRES RG.V,WELD-IN,1-1/2""""SW CONN";2958,12
HA4WO/51;H_VC;"5""""(125mm)OUTLET PRESSURE REGULATOR, RG. V";10819,44
HA4WO/5151;H_VC;"2""""(50mm)OULET PRES REG.RGV,WELD-IN-LINE 2"""" SW CONN";3317,76
HA4WO/53;H_VC;"5""""(125MM)OUTLET PRESSURE REGULATOR, RANGE B";10819,44
HA4WO/5351;H_VC;"2""""(50mm)OULET PRES REG.RGB,WELD IN-LINE 2"""" SW CONN";3317,76
HA4WO/61;H_VC;"6""""(150MM) OUTLET PRESSURE REGULATOR RANGE V";17970,12
HA4WO/6161;H_VC;"2-1/2""""(65mm)OUTLET PRESS REG RG.V,WELD-IN 2-1/2""""SW";4179,6
HA4WO/63;H_VC;"6"""" (150MM) OUTLET PRESSURE REGULATOR RANGE B";17970,12
HA4WO/7172;H_VC;"3""""(80MM)OUT PRESS REG RG.V WELD-IN-LINE 3"""" BW";5551,2
HA4WO/7372;H_VC;"3""""(80MM)OUT PRESS REG RG.B WELD-IN-LINE 3"""" BW";5551,2
HA4WO/8382;H_VC;"4""""(100MM)OUT PRESS REG RG.B,WELD-IN,4"""" BW CONN";7818,12
HA4WOA/61;H_VC;"6""""INLET/OUTLET REGULATOR,RG.A/V";18803,88
HA4WOAS/3131;H_VC;"1-1/4""""(32MM)IN/OUT PRES RGV WELD-IN ELEC,1-1/4"""" SW";4045,68
HA4WOAS/51;H_VC;"5""""INLET/OUTLET REG.W/ELEC SHUT-OFF,RG.A/V";12563,64
HA4WOE/61;H_VC;"6""""(150MM) OUTLET PRESSURE REG W/EXT EQUALIZED RG.V";17970,12
HA4WOE/B101;H_VC;"3/4""""(20MM) OUT PRES REG,RANGE V,50% RED,3/4"""" SW";1697,76
HA4WOES/51;H_VC;"5""""(125mm)REG,W/ELECT S/O, W/EXTERN EQZ. RG.V";11364,84
HA4WOESX/5151;H_VC;"2""""(50MM) REG W/ELEC S/O EXT EQZ EXPL PRF 115V RG.V";5139,72
HA4WOS/2121;H_VC;"1""""(25mm)OULET ELEC RG.V WELD INLINE 1"""" SW CONN";2489,4
HA4WOS/2321;H_VC;"1""""(25mm)OULET ELEC RG.B WELD INLINE 1"""" SW CONN";2489,4
HA4WOS/2331;H_VC;"1"""" (25MM) OUTLET PRESS REG RG B. 1-1/4"""" SW CONN";2489,4
HA4WOS/3131;H_VC;"1-1/4""""(32MM)OUTLET PRES RG V. WELD-IN 1/4"""" SW";2850,12
HA4WOS/51;H_VC;"5""""(125mm)OUTLET REG.W/ELEC SHUT-OFF RG V";11364,84
HA4WOS/5151;H_VC;"2"""" (50MM) OUTLET REG W/ELEC SHUT-OFF WELD-IN 2"""" SW";3864,24
HA4WOS/7172;H_VC;"3""""(80MM)OUTLET PRES REG RG.A, ELEC SO,3"""" BW";6097,68
HA4WOS/7372;H_VC;"3""""(80MM)OUTLET PRES REG RG B,ELEC SO,3"""" BW";6097,68
HA4WP/51;H_VC;"5""""(125MM)PNEUM COMPEN. PRESS. REGULATOR,RG.A";10438,2
HA4WPS/51;H_VC;"5""""(125MM)PNEU.COMP.PRESURE REG W/ELEC SHUTOFF,RG A";10984,68
HA4WPSX/2121;H_VC;"1""""(125MM)PNEU.COMP REG,RG.A,ELEC SO,EXPL PRF,115V";3383,64
HA4WR/5;H_VC;"5""""(125MM)REMOTE OPERATED PRESSURE REGULATOR";10251,36
HA4WR/6;H_VC;"6"""" (150MM) REMOTE OPERATED PRESSURE REGULATOR";17400,96
HA4WR/8182;H_VC;"4""""(100MM)MAIN REG W/REMOTE PILOT 4""""BW WELD-IN-LINE";7248,96
HA4WS/0101;H_VC;"3/4""""(20mm)ELEC SHUT,RG.A,WELD IN-LINE 3/4""""SW CON";1674
HA4WS/2121;H_VC;"1""""(25mm)REG ELEC WELD IN-LINE RG.A. 1"""" SW CONN.";1922,4
HA4WS/3131;H_VC;"1-1/4""""(32mm)ELEC WELD IN-LINE RG.A 1-1/4"""" SW CONN";2279,88
HA4WS/4141;H_VC;"1-1/2""""(40MM)PRES REG RG.A,ELEC,1-1/2"""" SW CONN";2934,36
HA4WS/4151;H_VC;"1-1/2""""(40MM)REG ELEC WELD-IN-LINE RG.A,2"""" SW CONN";2934,36
HA4WS/51;H_VC;"5""""(125MM) REG.W/ELECT SHUT-OFF,BW.END,RGE.A";10796,76
HA4WS/5151;H_VC;"2""""(50MM)REGULATOR RG.A ELEC SO WELD-IN 2"""" SW CONN";3297,24
HA4WS/55;H_VC;"5""""(125MM)REGULATOR W/ELECTRIC SHUT-OFF,RANGE V";11116,44
HA4WS/61;H_VC;"6""""(150MM)REG.WITH ELEC SHUT-OFF,BW END,RG A";17946,36
HA4WS/6161;H_VC;"2-1/2""""(65mm)ELEC ,WELD IN-LINE,RG.A,2-1/2"""" SW CONN";4156,92
HA4WS/63;H_VC;"6""""(150MM)REG.W/ELECT. SHUT-OFF,BW END,RG.B";17946,36
HA4WS/7172;H_VC;"3""""(80mm)PRESS REG.RG.A,ELEC.WELD IN-LINE 3""""BW CONN";5529,6
HA4WS/8182;H_VC;"4""""(100mm)PRESS REG. RG.A WELD IN-LINE 4"""" BW CONN";7795,44
HA4WSB/0101;H_VC;"3/4""""(20mm)RG.A ELEC SO,WIDE OPEN,WELD-IN,3/4""""SW";1913,76
HA4WSB/61;H_VC;"6""""(150mm)REG.W/ELEC SHUT-OFF,WIDE OPEN,RG.A";18188,28
HA4WSX/55;H_VC;"5""""(125MM)REG W/ELEC SO,BW,RG.V,EXP PROOF 115V";12389,76
HAP85;H_VC;INTERNAL FLOAT SWITCH 98-HAP85;1325,16
HCK1/0;H_VC;"3/4"""" (20MM) PISTON CHECK VALVE";610,2
HCK1/2;H_VC;"1"""" (25MM) PISTON CHECK VALVE";648
HCK1/3;H_VC;"1-1/4"""" (32MM) PISTON CHECK VALVE";979,56
HCK1/4;H_VC;"1-1/2"""" (40MM) PISTON CHECK VALVE";1245,24
HCK1/5;H_VC;"2""""(50MM) PISTON CHECK VALVE";1347,84
HCK1/6;H_VC;"2-1/2""""(65MM) PISTON CHECK VALVE";1654,56
HCK1/7;H_VC;"3""""(80MM) PISTON CHECK VALVE";2366,28
HCK1/8;H_VC;"4""""(100MM) PISTON CHECK VALVE";3653,64
HCK1W/0001;H_VC;"3/4""""(20MM)PISTON CHK VLV WELD IN-LINE 3/4""""SW CONN";965,52
HCK1W/2021;H_VC;"1""""(25mm)PISTON CHK VLV WELD IN-LINE 1"""" SW CONN";1056,24
HCK1W/2031;H_VC;"1""""(25MM)PISTON CHK VLV WELD IN-LINE 1-1/4"""" SW CONN";1056,24
HCK1W/3031;H_VC;"1-1/4""""(32mm)PISTON CHK WELD IN-LINE 1-1/4""""SW CON.";1431
HCK1W/4041;H_VC;"1-1/2""""(40MM)PISTON CK  WELD IN LINE 1-1/2"""" SW CON";1794,96
HCK1W/5;H_VC;"5""""(125MM) PISTON CHECK VALVE BUTT WELD END";7723,08
HCK1W/5051;H_VC;"2"""" (50MM) PISTON CHECK,WELD-IN LINE, 2"""" SW CONN";1954,8
HCK1W/6;H_VC;"6""""(150MM) PISTON CHECK VALVE BUTT WELD END";12828,24
HCK1W/6061;H_VC;"2-1/2""""(65mm)PISTON CHK VLV, WELD IN 2-1/2""""SW";2519,64
HCK1W/7072;H_VC;"3"""" (80MM) HCK1W WELD IN LINE 3"""" BW CONN";3458,16
HCK1W/8082;H_VC;"4""""(100mm)PISTON CHK VLV WELD IN-LINE 4"""" BW CONN";5118,12
HCK1W-5/0001;H_VC;"3/4""""(20MM)PISTON CHK VLV WELD,3/4""""SW CONN,5#SPRING";965,52
HCK1W-5/2021;H_VC;"1""""(25MM)PISTON CHK VLV,1""""SW CONN,5#SPRING";1056,24
HCK2/3;H_VC;"1-1/4""""(32MM)GAS POWR.SUC.STOP VLV W/1/2"""" SW DISC S";1155,6
HCK2/4;H_VC;"1-1/2""""(40MM) GAS PWRD STOP VLV W/1/2"""" SW DISC STR";1462,32
HCK2/5;H_VC;"2""""(50MM)GAS PWR SUC.STOP VLV,W/ 1/2""""SW DISC STR";1561,68
HCK2/6;H_VC;"2-1/2""""(65MM)GAS POW.SUC.STOP VLV W/1/2""""SW DISC STR";2097,36
HCK2/7;H_VC;"3""""(80MM)GAS PWRD SUC.STOP VLV W/1/2""""SW DISC STR";2690,28
HCK2/8;H_VC;"4""""(100MM)GAS PWRD SUC.STOP VLV W/1/2""""SW DISC STR";4077
HCK2W/4041;H_VC;"1-1/2""""(40mm)GAS PWR STOP WELD IN-LINE 1-1/2""""SW CON";2015,28
HCK2W/4051;H_VC;"1-1/2"""" (40mm) GAS PWR STOP WELD IN-LINE 2"""" SW CONN";2015,28
HCK2W/5;H_VC;"5""""(125MM)GAS POWRD SUC.STOP VLV.BW,1/2""""SW DISC STR";8859,24
HCK2W/5051;H_VC;"2"""" (50MM) HCK2W GAS CHK,WELD IN LINE 2"""" SW CONN";2168,64
HCK2W/6;H_VC;"6""""(150MM)GAS SUCT STOP VLV BW,1/2""""SW DISC STR";14032,44
HCK2W/6061;H_VC;"2-1/2""""(65MM)HCK2W GAS CHECK WELD-IN-LINE 2-1/2"""" SW";2967,84
HCK2W/7072;H_VC;"3""""(80MM) GAS CHECK VALVE 3"""" BW WELD-IN-LINE CONN";3789,72
HCK2W/8082;H_VC;"4"""" WELD IN LINE HCK2 WITH 4"""" BW CONN";5558,76
HCK4-0;H_VC;"3""""(80MM)FLG.IN-LINE CHECK VLV,CATII,MODH,EF101";1252,8
HCK4-0LR;H_VC;"3""""(80MM)GRAVITY DRAIN CK.VLV.CE-CAT.II,MOD.H,EF101";1252,8
HCK4-1;H_VC;"4""""(100MM)FLG.IN-LINE CHK VLV";2041,2
HCK4-1LR;H_VC;"4""""(100MM)GRAVITY DRN CK. VLV";2041,2
HCK4-2;H_VC;"5/8"""" (16MM) FLANGED IN-LINE CHECK VALVE";218,16
HCK4-2-10;H_VC;"5/8"""" FLANGED IN-LINE CHECK VLV WITH 10 PSIG SPRING";218,16
HCK4-2-18;H_VC;"5/8"""" FLANGED IN LINE CHECK VLV WITH 18 PSID SPRING";218,16
HCK4-2-30;H_VC;"5/8"""" FLANGED IN-LINE CHECK VLV 30 PSID";218,16
HCK4-3;H_VC;"3/4"""" (20MM) FLANGED IN-LINE CHECK VALVE";232,2
HCK4-4;H_VC;"1"""" (25MM) FLANGED IN-LINE CHECK VALVE";317,52
HCK4-5;H_VC;"1-1/4""""(32MM)IN-LINE CHECK VLV CE-CAT.I,MOD.A,EF100";461,16
HCK4-6;H_VC;"1-1/4""""(32MM)4-BLT,FLNG CHECK VLV";540
HCK4-7;H_VC;"1-1/2""""(40MM)FLG IN-LINE CK VLV,CATII,MODH,EF101";579,96
HCK4-8;H_VC;"2""""(50MM)FLG IN-LINE CHK. VLV,CAT.II,MOD.H,EF101";669,6
HCK4-8LR;H_VC;"2""""(50MM)GRAVITY DRAIN CK.VLV,CE-CATII,MOD.H,EF101";669,6
HCK4-9;H_VC;"2-1/2""""(65MM) IN-LINE CK.VLV.CE-CAT.II.MOD.H.EF101";936,36
HCK5D/4;H_VC;"1-1/2""""(40MM) SELF-EQ GAS SUC.STOP VLV 1/2""""SW";2594,16
HCK5D/5;H_VC;"2""""(50MM) SELF-EQ  GAS SUC.STOP VLV 1/2""""SW";2691,36
HCK5D/6;H_VC;"2-1/2"""" (65MM) SELF-EQ GAS SUC.STOP VLV W/1/2""""SW";3210,84
HCK5D/7;H_VC;"3""""(80MM) SELF-EQGAS SUC.STOP 1/2""""SW DISC STR";3767,04
HCK5D/8;H_VC;"4""""(100MM)SELF-EQ SUC.STOP W/1/2""""SW DISC STR";5560,92
HCK5DW/4041;H_VC;"1-1/2""""(40MM)SLF-EQ.SUC.STOP,WELD-IN 1-1/2""""SW";3164,4
HCK5DW/5051;H_VC;"2"""" (50MM) SELF-EQ GAS SUC.STOP VLV WELD-IN-LINE";3325,32
HCK5DW/6061;H_VC;"2-1/2""""(65MM)SLF-EQ. GAS SUC.STOP VLV WELD-IN-LINE";4105,08
HCK5DW/7072;H_VC;"3""""(80MM) SELF-EQ. GAS SUC.STOP VLV WELD-IN-LINE";4888,08
HCK5DW/8082;H_VC;"4"""" (100MM) SELF-EQ. GAS SUC.STOP VLV WELD-IN-LINE";7061,04
HCK5W/5;H_VC;"5""""(125MM)GAS POWERD SUC STOP VLV,PILOT ASSY,L/COIL";10236,24
HCK5W/6;H_VC;"6""""(150MM)GAS POWRD SUC STOP VLV,PILOT ASSY,L/COIL";15407,28
HG25;H_VC;"1/8"""" MPT PRESSURE GAUGE";171,72
HG27;H_VC;"1/4"""" MPT PRESSURE GAUGE";240,84
HGV1;H_VC;"1/4"""" LG NECK GAUGE VLV, ANGLE MPTXFPT,SS STEM,W/SC";155,52
HGV1H;H_VC;"1/4""""LG NECK GAUGE VLV,ANG MPT X FPT,SS STM,BAR HAN";160,92
HGV1W;H_VC;"1/4""""LG NECK GAUGE VLV,ANGLE BWXFPT,SS STEM,W/SC";155,52
HGV2;H_VC;"1/4""""LG NECK GAUGE VLV, MPTXFPT,SS,ANGLE,BARE STEM";151,2
HKC051/062;H_VC;"#050 FLANGE, 5/8""""(16 MM) ODS KIT";136,08
HKC101/087;H_VC;"#100 FLANGE, 7/8""""(22 MM) ODS KIT";165,24
HKC101/112;H_VC;"#100 FLANGE, 1-1/8""""(28 MM) ODS KIT";165,24
HKC101/137;H_VC;"#100 FLANGE, 1-3/8""""(35 MM) ODS KIT";165,24
HKC200/162;H_VC;"#200 FLANGE, 1-5/8"""" ODS KIT";236,52
HKC200/212;H_VC;"#200 FLANGE, 2-1/8""""(54 MM) ODS KIT";236,52
HKC250/262;H_VC;"#250 FLANGE 2-5/8""""(65 MM)ODS KIT";390,96
HKC300/312;H_VC;"#300 FLANGE, 3-1/8""""ODS KIT";492,48
HKC400/412;H_VC;"#400 FLANGE, 4-1/8"""" ODS KIT";751,68
HKN050/037;H_VC;"#050 FLANGE, 3/8"""" WN KIT";136,08
HKN050/050;H_VC;"#050 FLANGE, 1/2"""" WN KIT";136,08
HKN050/075;H_VC;"#050 FLANGE, 3/4"""" WN KIT";136,08
HKN100/075;H_VC;"#100 FLANGE, 3/4"""" WN KIT";165,24
HKN100/100;H_VC;"#100 FLANGE, 1"""" WN KIT";165,24
HKN100/125;H_VC;"#100 FLANGE, 1-1/4"""" WN KIT";165,24
HKN100/150;H_VC;"#100 FLANGE, 1-1/2"""" WN KIT";475,2
HKN200/150;H_VC;"#200 FLANGE, 1-1/2"""" WN KIT";236,52
HKN200/200;H_VC;"#200 FLANGE, 2"""" WN KIT";236,52
HKN250/250;H_VC;"#250 FLANGE, 2-1/2"""" WN KIT";390,96
HKN250/300;H_VC;"#250 FLANGE, 3"""" WN KIT";390,96
HKN300/300;H_VC;"#300 FLANGE, 3"""" WN KIT";492,48
HKN400/400;H_VC;"#400 FLANGE, 4"""" WN KIT";751,68
HKS050/025;H_VC;"#050 FLANGE, 1/4"""" SW KIT";95,04
HKS050/037;H_VC;"#050 FLANGE, 3/8"""" SW KIT";95,04
HKS050/050;H_VC;"#050 FLANGE, 1/2"""" SW KIT";95,04
HKS050/075;H_VC;"#050 FLANGE, 3/4"""" SW KIT";95,04
HKS100/075;H_VC;"#100 FLANGE, 3/4"""" SW KIT";119,88
HKS100/100;H_VC;"#100 FLANGE, 1"""" SW KIT";119,88
HKS100/125;H_VC;"#100 FLANGE, 1-1/4"""" SW KIT """"";119,88
HKS100/150;H_VC;"#100 FLANGE, 1-1/2"""" SW KIT";119,88
HKS200/150;H_VC;"#200 FLANGE, 1-1/2"""" SW KIT";189
HKS200/200;H_VC;"#200 FLANGE, 2"""" SW KIT";189
HKS250/150;H_VC;"#250 FLANGE 1-1/2"""" SW";325,08
HKS250/200;H_VC;"#250 FLANGE 2"""" SW";325,08
HKS250/250;H_VC;"#250 FLANGE, 2-1/2"""" SW KIT";325,08
HKS250/300;H_VC;"#250 FLANGE, 3"""" SW KIT";325,08
HKS300/250;H_VC;"#300 FLANGE, 2-1/2"""" SW KIT";368,28
HKS300/300;H_VC;"#300 FLANGE, 3"""" SW KIT";368,28
HKS400/400;H_VC;"#400 FLANGE, 4"""" SW KIT";563,76
HKT050/025;H_VC;"#050 FLANGE, 1/4"""" FPT KIT";95,04
HKT050/037;H_VC;"#050 FLANGE, 3/8"""" FPT KIT";95,04
HKT050/050;H_VC;"#050 FLANGE, 1/2"""" FPT KIT";95,04
HKT050/075;H_VC;"#050 FLANGE, 3/4"""" FPT KIT";95,04
HKT100/075;H_VC;"#100 FLANGE, 3/4"""" FPT KIT";119,88
HKT100/100;H_VC;"#100 FLANGE, 1"""" FPT KIT";119,88
HKT100/125;H_VC;"#100 FLANGE, 1-1/4"""" FPT KIT";119,88
HLL;H_VC;"STANDARD HERM FLOAT SWTCH SIDE & BTM CON 3/4""""FPT/1";1546,56
HLL/HTR1;H_VC;HERM FLOAT SWITCH,SIDE/BTM CONN,W/HEATR 10WATT/115;1961,28
HLL/HTR2;H_VC;STD HERM FLT SWTCH,SIDE/BTM CONN,W/HTR 10WATT/230V;1961,28
HLL050;H_VC;"STANDARD HERM FLOAT SWITCH SIDE&BTM CONN 1/2""""DIFF""""";1546,56
HLL100;H_VC;"STAND HERM FLOAT SWITCH SIDE & BTM CONN 1"""" DIFF""""L.";1546,56
HLLC;H_VC;"STD.HERM.FLOAT SWTCH W/CVR SIDE&BTM CON3/4""""FPT/1""""W";1748,52
HLLC/HTR1;H_VC;STD.HERM.FLOAT SWTCH W/CVR, W/HTR 10 WATT/155 VOLT;2163,24
HLLC/HTR2;H_VC;STD.HERM.FLOAT SWITCH,W/CVR, W/HTR 10 WATT/230V;2163,24
HLLC050;H_VC;"HERM FLOAT SWT,W/METAL COVER,SIDE&BTM.CONN.1/2""""DIF";1748,52
HLLC100;H_VC;"STD HERM FLOAT SWITCH SIDE & BTM CONN 1"""" DIFF";1748,52
HLLCE;H_VC;STD.HERM.FLT SWTCH W/COVR SIDE&BTM.CONN.W/DIN PLUG;1840,32
HLLCE/HTR2;H_VC;STD.HERM.FLT STCH W/CVR SIDE &BOT.CON.W/DIN&230V H;2237,76
HLLE;H_VC;REFRIG FLOAT SWITCH,SIDE & BTM DIN PLUG;1638,36
HLLE050;H_VC;HERM FLOAT SWITCH SIDE 1/2 DIFFERENTIAL W/DIN PLUG;1638,36
HLLSW;H_VC;SWITCH ASSEMBLY FOR HANSEN HLL FLOAT SWITCH TYPES;816,48
HLLSW/HTR1;H_VC;SWITCH ASSM.FOR HLL W/ HTR1 10 WATT/115 VOLT;1231,2
HLLSW/HTR2;H_VC;SWITCH ASSM FOR HLL W/ HEATER 10 WATT/230 VOLT;1231,2
HLLSWE;H_VC;SWTH ASSM.FOR HANSEN HLL/ R/S LL FLT SWTH,W/DINPLU;908,28
HLLSWE/HTR2;H_VC;SWTCH ASMB FOR HLL W/DIN PLUG,HTR 10 WATT/230V;1328,4
HLLSWERS;H_VC;SWITCH ASSY HLL/DIN TO REPLACE R/S;1231,2
HPS;H_VC;"PRES SWTCH RDA,1/8""""NPT, SPDT,1/2""""NPSM PLUG CONN,5A";691,2
HS2/1;H_VC;"5/32"""" SOLEND VLV REF. 1/4"""" THREADED END CONNECTN";386,64
HS2/2;H_VC;"5/32""""SOLEND VLV REF. 3/8"""" THREADED END CONN.";386,64
HS2/3;H_VC;"5/32""""SOLENOID VLV REF. 1/2"""" THREADED CONNECTION";386,64
HS2B/1;H_VC;"5/32"""" BRASS SOLENOID VLV FOR WATER 1/4"""" THREADED";419,04
HS2F/1;H_VC;"5/32"""" SOLENOID VALVE, FLANGED";317,52
HS2FNO/1;H_VC;"5/32"""" SOLENOID VLV,NORMALLY OPEN,FLANGED";630,72
HS2NO/1;H_VC;"5/32"""" SOLENOID VLV,1/4"""" FPT,NORMALLY OPEN";698,76
HS4A/0;H_VC;"3/4""""(20MM) SOLENOID VALVE FOR REFRIGERANT";847,8
HS4A/2;H_VC;"1""""(25MM) SOLENOID VALVE FOR REFRIGERANT";1053
HS4A/3;H_VC;"1-1/4"""" (32MM) SOLENOID VALVE FOR REFRIGERANT";1325,16
HS4A/4;H_VC;"1-1/2""""(40MM)SOLENOID VALVE FOR REFRIGERANT";1887,84
HS4A/5;H_VC;"2""""(50MM) SOLENOID VALVE FOR REFRIGERANT";2101,68
HS4A/6;H_VC;"2-1/2""""(65MM)SOLENOID VALVE FOR REFRIGERANT";2870,64
HS4A/7;H_VC;"3""""(80MM) SOLENOID VALVE FOR REFRIGERANT";4328,64
HS4A/8;H_VC;"4""""(100MM) SOLENOID VALVE FOR REFRIGERANT";6211,08
HS4A/A;H_VC;"3/4""""(20MM) SOLENOID VALVE 25% REDUCED PORT.";847,8
HS4A/B;H_VC;"3/4""""SOLENOID VLV FOR REFRIGERANT/50% REDUCED PORT";847,8
HS4A-4/3;H_VC;"1-1/4""""(32MM)SOLENOID VALVE FOR REFRIGERANT(4-BOLT)";1458
HS4ANO/0;H_VC;"3/4"""" (20MM) NORMALLY OPEN SOLENOID VALVE";1134
HS4ANO/2;H_VC;"1""""(25MM) NORMALLY OPEN SOLENOID VLV";1367,28
HS4ANO/3;H_VC;"1-1/4"""" (32MM) NORMALLY OPEN SOLENOID VALVE";1637,28
HS4ANO/4;H_VC;"1-1/2""""(40MM)NORMALLY OPEN SOLENOID VLV";2199,96
HS4ANO/5;H_VC;"2"""" (50MM) NORMALLY OPEN SOLENOID VALVE";2415,96
HS4ANO/7;H_VC;"3"""" (80MM) NORMALLY OPEN SOLENOID VALVE";4642,92
HS4ANO/8;H_VC;"4"""" (100MM) NORMALLY OPEN SOLENOID VLV";6525,36
HS4AX/0;H_VC;"3/4""""(20MM)SOLENOID VLV W/EXT. EXP 115V";2095,2
HS4AX/2;H_VC;"1""""(25MM) EXPLOSION PROOF SOLENOID VALVE 115V COIL";2333,88
HS4AX/3;H_VC;"1-1/4""""(32MM)SOLENOID VALVE W/EXT. EXP 115v";2598,48
HS4AX/4;H_VC;"1-1/2""""(40mm)SOLENOID VALVE, EXP 115V";3161,16
HS4AX/5;H_VC;"2""""(50mm) SOLENOID VALVE, EXP 115V";3378,24
HS4AX/7;H_VC;"3"""" (80MM) SOLENOID VLV W/ EXP 115V";5604,12
HS4AX/8;H_VC;"4""""(100mm)SOLINOID VALVE, EXP 115V";7484,4
HS4AX/A;H_VC;"3/4""""(20MM)SOLENOID VALVE W/EXT EXP 115V,25%RED.";2154,6
HS4AX/B;H_VC;"3/4""""(20MM) SOLENOID VLV W/EXT EXP 115V 50% REDUCED";2154,6
HS4D/0;H_VC;"3/4"""" (20mm) 2-STEP SOLENOID VALVE";1927,8
HS4D/2;H_VC;"1"""" (25mm) 2-STEP SOLENOID VALVE";1955,88
HS4D/3;H_VC;"1-1/4"""" (32MM) 2-STEP SOLENOID VALVE";2068,2
HS4D/4;H_VC;"1-1/2""""( 40mm) 2-STEP SOLENOID VALVE";2716,2
HS4D/5;H_VC;"2""""(50mm) 2-STEP SOLENOID VALVE";3111,48
HS4D/6;H_VC;"2-1/2""""(65mm) 2-STEP SOLENOID VALVE";3639,6
HS4D/7;H_VC;"3"""" (80MM) 2-STEP SOLENOID VALVE";5600,88
HS4D/8;H_VC;"4""""(100MM) 2-STEP SOLENOID VALVE";7428,24
HS4D/B;H_VC;"3/4""""(20mm)2-STEP SOLENOID VLV,50% RED PORT";1927,8
HS4DW/0001;H_VC;"3/4""""(20mm)2-STEP SOLENOID,WELD IN-LINE 3/4""""SW CON";2280,96
HS4DW/2021;H_VC;"1""""(25mm)2-STEP SOLENOID WELD IN-LINE 1"""" SW CONN";2356,56
HS4DW/3031;H_VC;"1-1/4""""(32mm)2-STEP SOLENOID,WELD-IN 1-1/4"""" SW";2506,68
HS4DW/4041;H_VC;"1-1/2""""(40MM)2-STEP SOLND WELD-IN 1 1/2"""" SW";3246,48
HS4DW/4051;H_VC;"1-1/2""""(40MM)2-STEP SOLENOID WELD-IN 2"""" SW CONN";3246,48
HS4DW/5051;H_VC;"2""""(50mm)2-STEP SOLENOID,WELD IN-LINE 2""""SW CONN.";3693,6
HS4DW/7072;H_VC;"3""""(80MM) 2-STEP SOLENOID W/3"""" BW WELD-IN-LINE CONN";6659,28
HS4DW/8082;H_VC;"4""""(100MM)2-STEP SOLENOID W/4"""" BW WELD-IN-LINE CONN";8848,44
HS4W/0001;H_VC;"3/4""""(20mm)SOL VLV WELD IN-LINE,3/4"""" SW CONN";1223,64
HS4W/0021;H_VC;"3/4"""" (20MM) SOL VLV WELD IN LINE, 1"""" SW CONN";1223,64
HS4W/0031;H_VC;"3/4"""" (20MM) SOLENOID VLV,WELD IN LINE 1 1/4"""" SW CO";1223,64
HS4W/2021;H_VC;"1""""(25mm)SOL VLV FOR REFRG.WELD-IN-LINE,1""""SW CONN.";1464,48
HS4W/2031;H_VC;"1""""(25MM) SOLND VLV, WELD-IN 1-1/4"""" SW CON";1464,48
HS4W/3031;H_VC;"1-1/4""""(32mm)SOLENOID WELD IN-LINE 1-1/4"""" SW CONN";1782
HS4W/4041;H_VC;"1-1/2"""" SOLENOID VALVE WELD IN-LINE 1-1/2"""" SW CONN";2448,36
HS4W/4051;H_VC;"1-1/2"""" SOLENOID VALVE WELD-IN-LINE 2"""" SW CONN";2448,36
HS4W/5;H_VC;"5""""(125MM)SOL VLV FOR REFRIG,BW END";10993,32
HS4W/5051;H_VC;"2""""(50mm)SOLENOID VLV,WELD IN-LINE 2""""SW CONN";2720,52
HS4W/6;H_VC;"6""""(150MM)SOL VALVE FOR REFRIG,BUTT WELD END";17384,76
HS4W/6061;H_VC;"2-1/2""""(65MM)SOL VLV, WELD IN LINE, 2-1/2"""" SW CONN";3759,48
HS4W/7072;H_VC;"3""""(80mm)SOLENOID VLV WELD IN LINE 3""""BW CONN";5459,4
HS4W/8082;H_VC;"4""""(100mm)SOLENOID VLV WELD IN-LINE 4"""" BW CONN";7578,36
HS4WNO/5051;H_VC;"2""""(50mm)NORMALLY OPEN SOLENOID VLV,2""""SW CONN";3032,64
HS4WX/0001;H_VC;"3/4""""(20MM)EXP PROOF SOL 115V WELD-IN-LINE 3/4""""SW";2475,36
HS4WX/3031;H_VC;"1-1/4""""(32MM)EXP PROOF SOL 115V WELD-IN 1-1/4"""" SW";3055,32
HS4WX/4041;H_VC;"1-1/2"""" (40MM) EXP PROOF SOL 115V WELD-IN 1-1/2"""" SW";3720,6
HS4WX/6;H_VC;"6"""" (150MM) EXPLOSION PROOF SOLENOID 115V BUTT WELD";18659,16
HS6/1;H_VC;"5/32"""" (4MM) SOLENOID VALVE FOR REFRIGERANT";353,16
HS6NO/1;H_VC;"5/32"""" (4MM) NORMALLY OPEN SOLENOID VALVE";667,44
HS7/0;H_VC;"3/4"""" (20MM) SOLENOID VALVE FOR REFRIGERANT";734,4
HS7/2;H_VC;"1""""(25MM) SOLENOID VALVE FOR REFRIGERANT";1014,12
HS7/3;H_VC;"1-1/4""""(32MM) SOLENOID VALVE FOR REFRIGERANT";1316,52
HS7NO/0;H_VC;"3/4"""" (20MM) NORMALLY OPEN SOLENOID VALVE";1048,68
HS8A/1;H_VC;"1/2""""(13MM) SOLENOID VALVE FOR REFRIGERANT";488,16
HS8ANO/1;H_VC;"1/2"""" (13MM) NORMALLY OPEN SOLENOID VALVE";786,24
HS8W/1001;H_VC;"1/2""""(13MM) SOLENOID VALVE, 3/4"""" SW CONN";970,92
HS8W/1011;H_VC;"1/2""""(13mm) SOLENOID VALVE, 1/2"""" SW CONN";970,92
HS8W/1022;H_VC;"1/2""""(13MM) SOLENOID VALVE, 1"""" BW CONN";970,92
HS9B/3;H_VC;"1-1/4"""" (32MM) GAS-POWERED SOLENOID VALVE";1939,68
HS9B/4;H_VC;"1-1/2"""" (40MM) GAS POWERED SOLENOID VALVE";2219,4
HS9B/5;H_VC;"2"""" (50MM) GAS POWERED SOLENOID VALVE";2264,76
HS9B/6;H_VC;"2-1/2"""" GAS POWERED SOLENOID VALVE";3040,2
HS9B/7;H_VC;"3"""" (80MM) GAS POWERED SOLENOID VALVE";3994,92
HS9B/8;H_VC;"4"""" (100MM) GAS POWERED SOLENOID VALVE";5626,8
HS9BW/5;H_VC;"5""""(125MM)GAS PWRD SOL. VALVE BUTT WELD END";13061,52
HS9BW/6;H_VC;"6""""(150MM) GAS PWRD SOL VALVE BUTT WELD END";17854,56
HS9BW/7072;H_VC;"3""""(80MM)GAS POWRD SOLENOID WELD-IN-LINE 3"""" BW CONN";6245,64
HS9BW/8082;H_VC;"4""""(100MM) GAS PWR SOLENOID WELD-IN 4"""" BW";7685,28
HSCK125C;H_VC;"1-1/4"""" STOP/CHECK VALVE,SW,SC";966,6
HSCK125H;H_VC;"1-1/4""""HANSEN STOP/CHECK VALVE,SW,HW";966,6
HSCK150C;H_VC;"1-1/2"""" STOP/CHECK VALVE,SW,SC";1043,28
HSCK150H;H_VC;"1-1/2""""STOP/CHECK VALVE,SW,HANDWHEEL";1043,28
HSCK200C;H_VC;"2"""" STOP/CHECK VALVE,SC";1441,8
HSCK250C;H_VC;"2-1/2"""" STOP/CHECK VALVE,BW,SC";1982,88
HSCK300C;H_VC;"3"""" STOP/CHECK VALVE,BW,SC";2553,12
HSCK300H;H_VC;"3"""" STOP/CHECK VALVE, BW , HW";2553,12
HSCK400C;H_VC;"4"""" STOP/CHECK VALVE,BW,SC";3287,52
HSCK400H;H_VC;"4"""" STOP CHECK VALVE, BW, HW";3287,52
HSCK500C;H_VC;"5"""" STOP/CHECK VALVE,BW,SC";5228,28
HSCK600C;H_VC;"6"""" STOP/CHECK VALVE,BW,SC";6606,36
HSCK600H;H_VC;"6"""" STOP CHECK VALVE BW,HW";6606,36
HTR1;H_VC;1/4 NPT TUBULAR HEATR HLL SERIES FLOAT SWITCH:115V;414,72
HTR2;H_VC;1/4 NPT TUBULAR HEATR HLL SERIES FLOAT SWITCH:230V;414,72
MVP100-1/8082;H_VC;"MVP100, 4"""", SOL, SOV, 4"""" BW CONN";16077,96
MVP100-1A/8182;H_VC;"MVP100, 4"""", REG, RG A, SOV, 4"""" BW CONN";16223,76
MVP100-1AD/8182;H_VC;"MVP100, 4"""", REG, RG A/A, SOV, 4"""" BW CONN";17352,36
MVP100-1HCK/8082;H_VC;"MVP100, 4"""", HCK5D, SOV,  4"""" BW CONN";15233,4
MVP100-1MCV/8082;H_VC;"MVP100, 4"""", MCV, SOV, 4"""" BW CONN";22263,12
MVP13-1/1001;H_VC;"MVP13,1/2"""" SOL,SOV,3/4"""" SW CONN";2278,8
MVP13-1/1005;H_VC;"MVP13,1/2"""" SOL,SOV,3/4"""" NPT CONN";2278,8
MVP13-1/1011;H_VC;"MVP13,1/2"""" SOLENOID,SOV,1/2""""SW CONN";2161,08
MVP13-1/1012;H_VC;"MVP13, 1/2"""" SOLENOID, SOV, 1/2"""" BW CONN";2161,08
MVP13-1/1022;H_VC;"MVP13,1/2"""" SOL,SOV,1"""" BW CONN";2386,8
MVP13-1-D/1001;H_VC;"MVP13,1/2"""" SOL,SOV,DRAIN PLUG,3/4"""" SW CONN";2318,76
MVP13-1-D/1011;H_VC;"MVP13,1/2"""" SOL,SOV,DRAIN PLUG,1/2"""" SW CONN";2201,04
MVP13-1-E/1011;H_VC;"MVP13,1/2"""" SOL,SOV,EXT NECK,1/2"""" SW CONN";2385,72
MVP13-1-H/1001;H_VC;"MVP13, 1/2"""" SOL, SOV, HDWL, 3/4"""" SW CONN";2394,36
MVP13-1-H/1011;H_VC;"MVP13, 1/2"""" SOL, SOV, HDWL, 1/2"""" SW CONN";2277,72
MVP13-1MCXVA/1001;H_VC;"MVP13,1/2"""" MCXV,5MM,SOV,3/4""""SW CONN";8210,16
MVP13-1MCXVA/1011;H_VC;"MVP13,1/2"""" MCXV,5MM,SOV,1/2""""SW CONN";8091,36
MVP13-1MCXVB/1001;H_VC;"MVP13,1/2"""" MCXV,7MM,SOV,3/4""""SW CONN";8210,16
MVP13-1MCXVB/1011;H_VC;"MVP13,1/2"""" MCXV,7MM,SOV,1/2""""SW CONN";8091,36
MVP13-1MCXVB/1022;H_VC;"MVP13,1/2"""" MCXV,7MM,SOV,1""""BW CONN";8317,08
MVP13-1MCXVC/1001;H_VC;"MVP13, 1/2"""" MCXV,2MM,SOV, 3/4"""" SW CONN";8210,16
MVP13-1MCXVC/1011;H_VC;"MVP13,1/2"""" MCXV,2MM,SOV,1/2""""SW CONN";8091,36
MVP13-1-NO/1011;H_VC;"MVP13,1/2"""" SOLENOID,SOV,NO,1/2""""SW CONN";2487,24
MVP13-2/1001;H_VC;"MVP13,1/2"""" SOL,HEV,3/4"""" SW CONN";2292,84
MVP13-2/1002;H_VC;"MVP13,1/2"""" SOL,HEV,3/4"""" BW CONN";2292,84
MVP13-2/1011;H_VC;"MVP13,1/2"""" SOL,HEV,1/2"""" SW CONN";2193,48
MVP13-2/1012;H_VC;"MVP13, 1/2"""" SOL, HEV, 1/2"""" BW CONN";2193,48
MVP13-2/1015;H_VC;"MVP13,1/2"""" SOL,HEV,1/2"""" FPT CONN";2193,48
MVP13-2/1022;H_VC;"MVP13, 1/2"""" SOL, HEV, 1"""" BW CONN";2412,72
MVP13-2-D/1001;H_VC;"MVP13,1/2"""" SOL,HEV,DRAIN PLUG,3/4"""" SW CONN";2333,88
MVP13-2-D/1011;H_VC;"MVP13,1/2"""" SOL,HEV,DRAIN PLUG,1/2"""" SW CONN";2384,64
MVP13-3/1001;H_VC;"MVP13,1/2"""" SOL,SCKHEV,3/4"""" SW CONN";2594,16
MVP13-3/1002;H_VC;"MVP13,1/2"""" SOL,SCKHEV,3/4"""" BW CONN";2594,16
MVP13-3/1003;H_VC;"MVP13,1/2"""" SOL,SCKHEV,7/8"""" ODS CONN";2594,16
MVP13-3/1005;H_VC;"MVP13,1/2"""" SOL,SCKHEV,3/4"""" NPT CONN";2594,16
MVP13-3/1011;H_VC;"MVP13,1/2"""" SOL,SCKHEV,1/2"""" SW CONN";2489,4
MVP13-3/1012;H_VC;"MVP13,1/2"""" SOL,SCKHEV,1/2"""" BW CONN";2489,4
MVP13-3/1013;H_VC;"MVP13,1/2"""" SOL,SCKHEV,5/8"""" ODS CONN";2489,4
MVP13-3/1015;H_VC;"MVP13,1/2"""" SOL,SCKHEV,1/2"""" NPT CONN";2489,4
MVP13-3/1022;H_VC;"MVP13,1/2"""" SOL,SCKHEV,1"""" BW CONN";2718,36
MVP13-3-D/1001;H_VC;"MVP13,1/2"""" SOL,SCKHEV,DRAIN PLUG,3/4"""" SW CONN";2634,12
MVP13-3-D/1011;H_VC;"MVP13,1/2"""" SOL,SCKHEV,DRAIN PLUG,1/2"""" SW CONN";2529,36
MVP13-3-D/1022;H_VC;"MVP13,1/2"""" SOL,SCKHEV,DRAIN PLUG,1"""" BW CONN";2758,32
MVP13-4/1001;H_VC;"MVP13,1/2"""" SOL,SCK,3/4"""" SW CONN";2577,96
MVP13-4/1002;H_VC;"MVP13,1/2"""" SOL,SCK,3/4"""" BW CONN";2577,96
MVP13-4/1003;H_VC;"MVP13,1/2"""" SOL,SCK,7/8"""" ODS CONN";2577,96
MVP13-4/1005;H_VC;"MVP13,1/2"""" SOL,SCK,3/4"""" NPT CONN";2577,96
MVP13-4/1011;H_VC;"MVP13,1/2"""" SOL,SCK,1/2"""" SW CONN";2461,32
MVP13-4/1012;H_VC;"MVP13,1/2"""" SOL,SCK,1/2"""" BW CONN";2461,32
MVP13-4/1013;H_VC;"MVP13,1/2"""" SOL,SCK,5/8"""" ODS CONN";2461,32
MVP13-4/1015;H_VC;"MVP13,1/2"""" SOL,SCK,1/2"""" NPT CONN";2461,32
MVP13-4/1022;H_VC;"MVP13,1/2"""" SOL,SCK,1"""" BW CONN";2684,88
MVP13-4-D/1001;H_VC;"MVP13,1/2""""SOL,SCK,DRAIN PLUG,3/4"""" SW CONN";2620,08
MVP13-4-D/1011;H_VC;"MVP13,1/2"""" SOL,SCK,DRAIN PLUG,1/2"""" SW CONN";2500,2
MVP13-5/1011;H_VC;"MVP13,1/2"""" SOL,CHK, 1/2"""" SW CONN";2148,12
MVP13-5MCXVA/1012;H_VC;"MVP13,1/2"""" MCXV,5MM,CHK,1/2""""BW CONN";8091,36
MVP13-6/1001;H_VC;"MVP13,1/2"""" SOL,BLANK,3/4"""" SW CONN";1906,2
MVP13-7MCXVA/1001;H_VC;"MVP13,1/2"""" SOL,MCXV,5MM,3/4""""SW CONN";9200,52
MVP13-7MCXVA/1011;H_VC;"MVP13,1/2"""" SOL,MCXV,5MM,1/2""""SW CONN";9093,6
MVP13-7MCXVA/1022;H_VC;"MVP13,1/2"""" SOL,MCXV,5MM,1""""BW CONN";9315
MVP13-7MCXVA-D/1001;H_VC;"MVP13,1/2""""SOL,MCXV,5MM,DRAIN PLUG,3/4""""SW";9241,56
MVP13-7MCXVA-D/1022;H_VC;"MVP13,1/2"""" SOL,MCXV,5MM,DRAIN PLUG,1""""BW CONN";9356,04
MVP13-7MCXVB/1001;H_VC;"MVP13,1/2"""" SOL,MCXV,7MM,3/4""""SW CONN";9200,52
MVP13-7MCXVB/1011;H_VC;"MVP13,1/2"""" SOL,MCXV,7MM,1/2""""SW CONN";9093,6
MVP13-7MCXVC/1001;H_VC;"MVP13,1/2"""" SOLENOID,MCXV,2MM,3/4""""SW CONN";9200,52
MVP13-7MCXVC/1011;H_VC;"MVP13,1/2"""" SOLENOID,MCXV,2MM,1/2""""SW CONN";9093,6
MVP13-7MCXVC-D/1001;H_VC;"MVP13,1/2"""" SOL,2MM,DRAIN PLUG,SOV,3/4""""SW CONN";9392,76
MVP20-1/0001;H_VC;"MVP20, 3/4"""" SOL, SOV, 3/4"""" SW CONN";2799,36
MVP20-1/0002;H_VC;"MVP20, 3/4"""" SOL, SOV, 3/4"""" BW CONN";2799,36
MVP20-1/0021;H_VC;"MVP20, 3/4"""" SOL, SOV, 1"""" SW CONN";2899,8
MVP20-1/0022;H_VC;"MVP20, 3/4"""" SOL, SOV, 1"""" BW CONN";2899,8
MVP20-1/0031;H_VC;"MVP20, 3/4"""" SOL, SOV, 1-1/4"""" SW CONN";3274,56
MVP20-1/0032;H_VC;"MVP20, 3/4"""" SOL, SOV, 1-1/4"""" BW CONN";3274,56
MVP20-1/0042;H_VC;"MVP20, 3/4"""" SOL, SOV, 1-1/2"""" BW CONN";3819,96
MVP20-1/A001;H_VC;"MVP20, 3/4"""" SOL, SOV, 25% RED, 3/4"""" SW CONN";2799,36
MVP20-1/A021;H_VC;"MVP20, 3/4"""" SOL, SOV, 25% RED, 1"""" SW CONN";2899,8
MVP20-1/B001;H_VC;"MVP20, 3/4"""" SOL,SOV,50% RED, 3/4"""" SW CONN";2799,36
MVP20-1A/0101;H_VC;"MVP20, 3/4"""" REG RG. A, SOV, 3/4"""" SW CONN";2911,68
MVP20-1A/0102;H_VC;"MVP20, 3/4"""" REG RG. A, SOV, 3/4"""" BW CONN";2911,68
MVP20-1A/0121;H_VC;"MVP20, 3/4"""" REG RG. A, SOV, 1"""" SW CONN";3018,6
MVP20-1A/0122;H_VC;"MVP20, 3/4"""" REG RG. A, SOV, 1"""" BW CONN";3018,6
MVP20-1A/0131;H_VC;"MVP20,3/4"""" REG RG A,SOV,1-1/4"""" SW CONN";3413,88
MVP20-1A/0142;H_VC;"MVP20, 3/4"""" REG RG. A, SOV,1-1/2"""" BW CONN";3986,28
MVP20-1A/0501;H_VC;"MVP20, 3/4"""" REG RG. V, SOV, 3/4"""" SW CONN";3229,2
MVP20-1A/A101;H_VC;"MVP20,3/4""""REG RG.A,SOV,25%RED,3/4""""SW CONN";2911,68
MVP20-1A/A121;H_VC;"MVP20,3/4"""" REG RG.A,SOV,25% RED,1"""" SW CONN";3018,6
MVP20-1A/A131;H_VC;"MVP20,3/4"""" REG RG.A,SOV,25% RED,1-1/4"""" SW CONN";3413,88
MVP20-1A/A142;H_VC;"MVP20,3/4"""" REG RG.A,SOV,25% RED,1-1/2"""" BW CONN";3986,28
MVP20-1A/B101;H_VC;"MVP20,3/4"""" REG RG.A,SOV,50% RED,3/4"""" SW CONN";2911,68
MVP20-1A/B121;H_VC;"MVP20,3/4"""" REG.RGA,SOV,50%RED,1""""SW CONN";3018,6
MVP20-1A/B131;H_VC;"MVP20,3/4"""" REG RG.A,SOV,50% RED,1-1/4"""" SW CONN";3413,88
MVP20-1A/B142;H_VC;"MVP20,3/4"""" REG RG. A,SOV,50% RED,1-1/2"""" BW CONN";3986,28
MVP20-1A/B501;H_VC;"MVP20,3/4"""" REG RG.V,SOV,50% RED,3/4"""" SW CONN";3229,2
MVP20-1AB/0101;H_VC;"MVP20, 3/4"""" REG RG.A, WO, SOV,3/4"""" SW CONN";3457,08
MVP20-1AB/0102;H_VC;"MVP20, 3/4"""" REG RG.A WO,SOV,3/4"""" BW CONN";3457,08
MVP20-1AB/0121;H_VC;"MVP20, 3/4"""" REG RG.A WO, SOV, 1"""" SW CONN";3564
MVP20-1AB/0122;H_VC;"MVP20, 3/4"""" REG RG.A WO, SOV, 1"""" BW CONN";3564
MVP20-1AB/0131;H_VC;"MVP20,3/4"""" REG RG.A WO,SOV,1-1/4"""" SW CONN";3959,28
MVP20-1AB/0142;H_VC;"MVP20,3/4"""" REG RG.A WO,SOV,1-1/2"""" BW CONN";4531,68
MVP20-1AB/0301;H_VC;"MVP20,3/4"""" REG RG.B,WO,SOV,3/4"""" SW CONN";3457,08
MVP20-1AB/B101;H_VC;"MVP20,3/4"""" REG RG.A,WO,SOV,50%RED,3/4"""" SW CONN";3457,08
MVP20-1AB/B131;H_VC;"MVP20,3/4"""" REG RG.A,WO,SOV,50%RED,1-1/4"""" SW CONN";3959,28
MVP20-1ABK/0101;H_VC;"MVP20, 3/4"""" HA4ABK,SOV,WIDE OPEN,3/4"""" SW CONN";3580,2
MVP20-1ABK/0102;H_VC;"MVP20, 3/4"""" HA4ABK, SOV,WIDE OPEN,3/4"""" BW CONN";3576,96
MVP20-1ABK/0121;H_VC;"MVP20, 3/4"""" HA4ABK, SOV, WIDE OPEN,1"""" SW CONN";3686,04
MVP20-1ABK/0122;H_VC;"MVP20, 3/4"""" HA4ABK, SOV, WIDE OPEN, 1"""" BW CONN";3686,04
MVP20-1ABK/B101;H_VC;"MVP20,3/4""""HA4ABK,SOV,WIDE OPEN,50% RED,3/4""""SW";3576,96
MVP20-1AD/0101;H_VC;"MVP20, 3/4"""" REG RG. A DUAL, SOV, 3/4"""" SW CONN";4040,28
MVP20-1AD/0102;H_VC;"MVP20, 3/4"""" REG RG. A DUAL, SOV, 3/4"""" BW CONN";4040,28
MVP20-1AD/0121;H_VC;"MVP20, 3/4"""" REG RG. A DUAL, SOV, 1"""" SW CONN";4147,2
MVP20-1AD/0122;H_VC;"MVP20, 3/4"""" REG RG. A DUAL, SOV, 1"""" BW CONN";4147,2
MVP20-1AD/0131;H_VC;"MVP20, 3/4"""" REG RG. A DUAL,SOV, 1-1/4"""" SW CONN";4542,48
MVP20-1AD/0142;H_VC;"MVP20, 3/4"""" REG RG. A DUAL,SOV,1-1/2"""" BW CONN";5114,88
MVP20-1AD/A101;H_VC;"MVP20,3/4""""REG RG.A DUAL,25% RED,SOV,3/4""""SW CONN";4040,28
MVP20-1AD/A121;H_VC;"MVP20,3/4"""" REG RG. A DUAL,SOV,25% RED,1"""" SW CONN";4147,2
MVP20-1AD/A131;H_VC;"MVP20,3/4"""" REG RG.A DUAL,SOV,25% RED,1-1/4"""" SW CON";4542,48
MVP20-1AD/B101;H_VC;"MVP20,3/4"""" REG RG.A DUAL,SOV,50%RED,3/4"""" SW CONN";4040,28
MVP20-1AD/B121;H_VC;"MVP20,3/4"""" REG RG.A DUAL,SOV,50%RED,1"""" SW CONN";4147,2
MVP20-1AD/B131;H_VC;"MVP20,3/4"""" REG RG.A DUAL,SOV,50%RED,1-1/4"""" SW CONN";4542,48
MVP20-1AD/B142;H_VC;"MVP20,3/4"""" REG RG.A DUAL,SOV,50%RED,1-1/2"""" BW CONN";5114,88
MVP20-1ADD/0131;H_VC;"MVP20,3/4"""" 3-PRESS REG RG.AAA,SOV,1-1/4"""" SW CONN";5964,84
MVP20-1AD-H/0101;H_VC;"MVP20,3/4"""" REG RG. A DUAL,SOV,HDWL,3/4"""" SW CONN";4151,52
MVP20-1ADM/B121;H_VC;"MVP20,3/4""""PRES REG RG.A DUAL,MTR CMP,SOV,50%,1""""SW";5933,52
MVP20-1ADM-H/0101;H_VC;"MVP20,3/4""""PRES REG RG.A DUAL,MTR CMP,SOV,HW,3/4""""SW";5937,84
MVP20-1ADS/0131;H_VC;"MVP20,3/4"""" DUAL REG RG.A ELEC SO,SOV,1-1/4"""" SW";5087,88
MVP20-1ADS/0142;H_VC;"MVP20, 3/4"""" DUAL REG RG.A ELEC SO, SOV, 1-1/2"""" BW";5660,28
MVP20-1ADS-H/0301;H_VC;"MVP20,3/4""""DUAL PRES RG.B,ELEC SO,HDWL,SOV,3/4""""SW";4699,08
MVP20-1A-H/0101;H_VC;"MVP20,3/4"""" REG RG.A,SOV,HDWL,3/4"""" SW CONN";3022,92
MVP20-1AK/0101;H_VC;"MVP20, 3/4"""" HA4AK RG.A, SOV, 3/4"""" SW CONN";3034,8
MVP20-1AK/0102;H_VC;"MVP20,3/4"""" HA4AK,RG.A,SOV,3/4"""" BW CONN";3034,8
MVP20-1AK/0121;H_VC;"MVP20,3/4"""" HA4AK,RG.A,SOV,1"""" SW CONN";3141,72
MVP20-1AK/0122;H_VC;"MVP20,RG.A,3/4"""" HA4AK,SOV,1"""" BW CONN";3141,72
MVP20-1AK/0131;H_VC;"MVP20, 3/4"""" HA4AK RG A, SOV, 1-1/4"""" SW CONN";3537
MVP20-1AK/0301;H_VC;"MVP20, 3/4"""" HA4AK RG.B, SOV, 3/4"""" SW CONN";3034,8
MVP20-1AK/0321;H_VC;"MVP20, 3/4"""" HA4AK RG.B, SOV, 1"""" SW CONN";3141,72
MVP20-1AK/0701;H_VC;"MVP20, 3/4"""" HA4AK RG.C, SOV, 3/4"""" SW CONN";3331,8
MVP20-1AK/A101;H_VC;"MVP20,3/4"""" HA4AK RG.A,SOV,25% RED,3/4"""" SW CONN";3034,8
MVP20-1AK/B101;H_VC;"MVP20,3/4"""" HA4AK RG.A,SOV,50%RED,3/4"""" SW CONN";3034,8
MVP20-1AK/B102;H_VC;"MVP20,3/4"""" HA4AK RG.A,SOV,50%RED,3/4"""" BW CONN";3034,8
MVP20-1AK/B121;H_VC;"MVP20,3/4"""" HA4AK RGA,SOV,50% RED,1"""" SW CONN";3141,72
MVP20-1AK-H/0101;H_VC;"MVP20,3/4"""" HA4AK RG.A,SOV,HDWL,3/4"""" SW CONN";3144,96
MVP20-1AK-H/0121;H_VC;"MVP20,3/4"""" HA4AK RG.A,SOV,HDWL,1"""" SW CONN";3252,96
MVP20-1AK-H/0301;H_VC;"MVP20,3/4"""" HA4AK RG.B,HDWL,SOV,3/4"""" SW CONN";3144,96
MVP20-1AK-H/B101;H_VC;"MVP20,3/4"""" HA4AK RG.A,SOV,50%RED,HDWL,3/4"""" SW";3144,96
MVP20-1AKS/0101;H_VC;"MVP20,3/4"""" HA4AK RG. A ELEC,SOV,3/4"""" SW CONN";3576,96
MVP20-1AKS/0102;H_VC;"MVP20,3/4"""" HA4AK RG. A ELEC,SOV,3/4"""" BW CONN";3576,96
MVP20-1AKS/0121;H_VC;"MVP20, 3/4"""" HA4AK RG. A ELEC, SOV, 1"""" SW CONN";3686,04
MVP20-1AKS/0122;H_VC;"MVP20, 3/4"""" HA4AK RG. A ELEC, SOV, 1"""" BW CONN";3686,04
MVP20-1AL/0101;H_VC;"MVP20, 3/4"""" DIFF PRES REG RG.A,SOV,3/4"""" SW CONN";3288,6
MVP20-1AL/0102;H_VC;"MVP20,3/4"""" DIFF PRES REG RG. A,SOV,3/4"""" BW CONN";3288,6
MVP20-1AL/0121;H_VC;"MVP20, 3/4"""" DIFF PRES REG RG.A, SOV, 1"""" SW CONN";3395,52
MVP20-1AL/0122;H_VC;"MVP20, 3/4"""" DIFF PRES REG RG A,SOV,1"""" BW CONN";3395,52
MVP20-1AL/B101;H_VC;"MVP20, 3/4"""" DIFF PRES REG RG.A 50% RED,SOV,3/4"""" SW";3288,6
MVP20-1AM/0101;H_VC;"MVP20, 3/4"""" EMC REG RG.A, SOV, 3/4"""" SW CONN";4698
MVP20-1AM/0102;H_VC;"MVP20, 3/4"""" EMC REG RG.A, SOV, 3/4"""" BW CONN";4698
MVP20-1AM/0121;H_VC;"MVP20, 3/4"""" EMC REG RG.A, SOV, 1"""" SW CONN";4804,92
MVP20-1AM/0122;H_VC;"MVP20, 3/4"""" EMC REG RG.A, SOV, 1"""" BW CONN";4804,92
MVP20-1AM/0131;H_VC;"MVP20,3/4"""" EMC REG RG.A,SOV,1-1/4"""" SW CONN";5200,2
MVP20-1AO/0101;H_VC;"MVP20,3/4"""" OUT PRES REG RG V,SOV,3/4"""" SW CONN";3480,84
MVP20-1AO/0102;H_VC;"MVP20,3/4"""" OUT PRES REG RG V,SOV,3/4"""" BW CONN";3480,84
MVP20-1AO/0121;H_VC;"MVP20,3/4"""" OUT PRES REG RG V,SOV,1"""" SW CONN";3587,76
MVP20-1AO/0122;H_VC;"MVP20,3/4"""" OUT PRES REG RG V, SOV,1"""" BW CONN";3587,76
MVP20-1AO/0131;H_VC;"MVP20,3/4"""" OUT PRESS REG RG.V,SOV,1-1/4"""" SW CONN";3983,04
MVP20-1AO/0301;H_VC;"MVP20,3/4"""" OUT PRES REG RG V,SOV,3/4"""" SW CONN";3480,84
MVP20-1AO/0321;H_VC;"MVP20,3/4"""" OUT PRESS REG RG.B,SOV,1"""" SW CONN";3587,76
MVP20-1AO/0331;H_VC;"MVP20,3/4"""" OUT PRESS REG RG.B,SOV,1-1/4"""" SW CONN";3983,04
MVP20-1AO/A301;H_VC;"MVP20,3/4"""" OUT PRES REG RG B,SOV,25%RED,3/4"""" SW";3480,84
MVP20-1AO-H/0301;H_VC;"MVP20,3/4"""" OUT PRES REG RG B, HDWHL, SOV,3/4"""" SW C";3591
MVP20-1AOS/0101;H_VC;"MVP20,3/4""""OUT PRES REG RG V ELEC,SOV,3/4""""SW CONN";4026,24
MVP20-1AOS/0121;H_VC;"MVP20,3/4"""" OUT PRES REG RG.V ELEC,SOV,1 """"SW CONN";4133,16
MVP20-1AOS/0131;H_VC;"MVP20,3/4"""" OUT PRES REG. RG.V,ELEC,SOV,1-1/4"""" SW";4528,44
MVP20-1AOS/0142;H_VC;"MVP20,3/4"""" OUT PRES REG. RG.V,ELEC,SOV,1-1/2"""" BW";5100,84
MVP20-1AOS/0301;H_VC;"MVP20,3/4""""OUT PRES REG RG B ELEC,SOV,3/4""""SW CONN";4026,24
MVP20-1AOS/0321;H_VC;"MVP20, 3/4"""" OUT PRES REG RG.B ELEC,SOV,1 """" SW CONN";4133,16
MVP20-1AOS/A101;H_VC;"MVP20,3/4""""OUT REG RG.V ELEC,SOV,25%RED,3/4""""SW CONN";4026,24
MVP20-1AOS/A121;H_VC;"MVP20,3/4"""" OUT REG RG.V ELEC,SOV,25%RED,1""""SW CONN";4133,16
MVP20-1AOS/B101;H_VC;"MVP20,3/4""""OUT REG RG.V ELEC,SOV,50%RED,3/4""""SW CONN";4026,24
MVP20-1AOS/B131;H_VC;"MVP20,3/4""""OUT REG RG.V ELEC,SOV,50%RED,1-1/4""""SW CO";4528,44
MVP20-1AOS/B142;H_VC;"MVP20,3/4""""OUT REG RG.V ELEC,SOV,50%RED,1-1/2""""BW";5100,84
MVP20-1AOSB/B101;H_VC;"MVP20,3/4""""OUT REG RG.V ELEC,WO,SOV,50%RED,3/4""""SW";4570,56
MVP20-1AOS-H/0101;H_VC;"MVP20,3/4""""OUT PRES REG RG.V,ELEC,HDWL,SOV,3/4""""SW C";4136,4
MVP20-1AOS-H/0301;H_VC;"MVP20,3/4""""OUT PRES REG RG.B,ELEC,HDWL,SOV,3/4""""SW C";4136,4
MVP20-1AP/0101;H_VC;"MVP20,3/4"""" PNEUM PRES REG RG A,SOV,3/4"""" SW CONN";3098,52
MVP20-1AP/0102;H_VC;"MVP20,3/4"""" PNEUM PRES REG RG A,SOV,3/4"""" BW CONN";3098,52
MVP20-1AP/0121;H_VC;"MVP20, 3/4"""" PNEUM PRES REG RG A,SOV,1"""" SW CONN";3205,44
MVP20-1AP/0122;H_VC;"MVP20, 3/4"""" PNEUM PRES REG RG A,SOV,1"""" BW CONN";3205,44
MVP20-1AS/0101;H_VC;"MVP20,3/4"""" REG RG. A ELEC,SOV,3/4"""" SW CONN";3457,08
MVP20-1AS/0102;H_VC;"MVP20, 3/4"""" REG RG. A ELEC, SOV, 3/4"""" BW CONN";3457,08
MVP20-1AS/0121;H_VC;"MVP20, 3/4"""" REG RG. A ELEC, SOV, 1"""" SW CONN";3564
MVP20-1AS/0122;H_VC;"MVP20, 3/4"""" REG RG. A ELEC, SOV, 1"""" BW CONN";3564
MVP20-1AS/0131;H_VC;"MVP20,3/4""""REG W/ELEC SO,RG. A,SOV,1-1/4"""" SW CONN";3959,28
MVP20-1AS/0142;H_VC;"MVP20,3/4"""" REG W/ELEC SO,RG.A,SOV,1-1/2"""" BW CONN";4531,68
MVP20-1AS/0321;H_VC;"MVP20,3/4"""" REG. RG.B,ELEC,SOV,1"""" SW CONN";3564
MVP20-1AS/0331;H_VC;"MVP20,3/4"""" REG. RG.B,ELEC,SOV,1-1/4"""" SW CONN";3959,28
MVP20-1AS/A101;H_VC;"MVP20,3/4"""" REG RG. A ELEC,SOV,25%RED,3/4"""" SW CONN";3457,08
MVP20-1AS/A121;H_VC;"MVP20, 3/4"""" REG RG.A ELEC, SOV, 25%RED,1""""SW CONN";3564
MVP20-1AS/A131;H_VC;"MVP20,3/4""""REG RG.A ELEC,SOV,25%RED,1-1/4""""SW CONN";3959,28
MVP20-1AS/A601;H_VC;"MVP20,3/4"""" REG RG. D ELEC,SOV,25%RED,3/4"""" SW CONN";3457,08
MVP20-1AS/B102;H_VC;"MVP20,3/4"""" REG RG. A ELEC,SOV,50%RED,3/4"""" BW CONN";3457,08
MVP20-1AS/B121;H_VC;"MVP20,3/4"""" REG RG.A ELEC,SOV,50%RED,1"""" SW CONN";3564
MVP20-1AS/B131;H_VC;"MVP20,3/4""""REG RG.A ELEC,SOV,50%RED,1-1/4""""SW CONN";3959,28
MVP20-1AS/B132;H_VC;"MVP20,3/4"""" REG RG. A ELEC,SOV,50%RED,1-1/4"""" BW CON";3959,28
MVP20-1AS/B542;H_VC;"MVP20,3/4"""" REG RG.V ELEC,SOV,50%RED,1-1/2"""" BW CONN";4531,68
MVP20-1AS-H/0101;H_VC;"MVP20,3/4"""" REG RG.A ELEC,SOV,HDWL,3/4"""" SW CONN";3568,32
MVP20-1AS-H/0121;H_VC;"MVP20,3/4"""" REG RG. A ELEC,SOV,HDWL,1"""" SW CONN";3677,4
MVP20-1-H/0001;H_VC;"MVP20,  3/4"""" SOL, SOV, HDWL, 3/4"""" SW CONN";2912,76
MVP20-1-H/0021;H_VC;"MVP20,3/4""""SOL,SOV,HDWL,1""""SW CONN";3014,28
MVP20-1-H/A001;H_VC;"MVP20, 3/4"""" SOL,SOV,HDWL,25% RED,3/4"""" SW CONN";2912,76
MVP20-1-H/A021;H_VC;"MVP20,3/4"""" SOL,SOV,HDWL,25% RED,1"""" SW CONN";3014,28
MVP20-1-H/B001;H_VC;"MVP20, 3/4"""" SOL,SOV,HDWL,50% RED,3/4"""" SW CONN";2912,76
MVP20-1-H/B021;H_VC;"MVP20,3/4"""" SOL,SOV,HDWL,50% RED,1"""" SW CONN";3014,28
MVP20-1MCR/0001;H_VC;"MVP20,3/4""""MCR,SOV,3/4""""SW CONN";8524,44
MVP20-1MCR/0021;H_VC;"MVP20,3/4"""" MCR,SOV,1"""" SW CONN";8621,64
MVP20-1MCR/0031;H_VC;"MVP20,3/4""""MCR,SOV,1-1/4"""" SW CONN";9000,72
MVP20-1MCV/0001;H_VC;"MVP20,3/4""""MCV,SOV,3/4""""SW CONN";8524,44
MVP20-1MCV/0021;H_VC;"MVP20,3/4""""MCV,SOV,1""""SW CONN";8625,96
MVP20-1MCV/0031;H_VC;"MVP20,3/4""""MCV,SOV,1-1/4""""SW CONN";9000,72
MVP20-1-S/0001;H_VC;"MVP20, 3/4"""" SOL, 100 MESH, 3/4"""" SW CONN";3011,04
MVP20-1-S/0021;H_VC;"MVP20, 3/4"""" SOL, 100 MESH, 1"""" SW CONN";3112,56
MVP20-1SD/0001;H_VC;"MVP20, 3/4"""" 2-STEP SOL, SOV, 3/4"""" SW CONN";3557,52
MVP20-1SD/0021;H_VC;"MVP20, 3/4"""" 2-STEP SOLENOID, SOV, 1"""" SW CONN";3954,96
MVP20-1SD/0031;H_VC;"MVP20, 3/4"""" 2-STEP SOL, SOV, 1-1/4"""" SW CONN";4329,72
MVP20-2/0001;H_VC;"MVP20, 3/4"""" SOL, HEV, 3/4"""" SW CONN";2817,72
MVP20-2/0002;H_VC;"MVP20, 3/4"""" SOL, HEV, 3/4"""" BW CONN";2817,72
MVP20-2/0021;H_VC;"MVP20, 3/4"""" SOL, HEV, 1"""" SW CONN";2973,24
MVP20-2/0022;H_VC;"MVP20, 3/4"""" SOL, HEV, 1"""" BW CONN";2973,24
MVP20-2/0031;H_VC;"MVP20, 3/4"""" SOL, HEV, 1-1/4"""" SW CONN";3305,88
MVP20-2/0032;H_VC;"MVP20, 3/4"""" SOL, HEV, 1-1/4"""" BW CONN";3305,88
MVP20-2/0042;H_VC;"MVP20, 3/4"""" SOL, HEV, 1-1/2"""" BW CONN";3969
MVP20-2/A042;H_VC;"MVP20,3/4"""" SOL,HEV,25% RED,1-1/2"""" BW CONN";3969
MVP20-2/B001;H_VC;"MVP20, 3/4"""" SOL,HEV,50% RED, 3/4"""" SW CONN";2817,72
MVP20-2/B021;H_VC;"MVP20,3/4"""" SOL,HEV,50% RED,1"""" SW CONN";2973,24
MVP20-2-25/0001;H_VC;"MVP20, 3/4"""" SOL, 1"""" HEV,3/4""""SW CONN";2817,72
MVP20-2-25/0021;H_VC;"MVP20, 3/4"""" SOL, 1"""" HEV, 1"""" SW CONN";2973,24
MVP20-2-32/0031;H_VC;"MVP20,3/4"""" SOL,1-1/4"""" HEV,1-1/4"""" SW CONN";3305,88
MVP20-2-32/0042;H_VC;"MVP20, 3/4"""" SOL, 1-1/4"""" HEV, 1-1/2"""" BW CONN";3969
MVP20-2-E/0001;H_VC;"MVP20,3/4"""" SOL,HEV,EXT NECK,SS TRIM,3/4"""" SW CONN";3168,72
MVP20-2-H/0001;H_VC;"MVP20,3/4"""" SOL,HEV,HDWL,3/4"""" SW CONN";2928,96
MVP20-2-H/0031;H_VC;"MVP20, 3/4"""" SOL, HEV, HDWL, 1-1/4"""" SW CONN";3419,28
MVP20-2MCV/0042;H_VC;"MVP20,3/4"""" MCV,1"""" HEV,1-1/2"""" BW CONN";9696,24
MVP20-2SD/0001;H_VC;"MVP20,3/4"""" TWO-STEP SOL,HEV,3/4"""" SW CONN";3861
MVP20-2SD/0021;H_VC;"MVP20,3/4"""" TWO-STEP SOLENOID,HEV,1"""" SW CONN";4028,4
MVP20-2SD/0022;H_VC;"MVP20,3/4"""" TWO-STEP SOLENOID,HEV,1"""" BW CONN";4028,4
MVP20-2SD/0031;H_VC;"MVP20,3/4"""" TWO-STEP SOL,HEV,1-1/4"""" SW CONN";4361,04
MVP20-3/0001;H_VC;"MVP20, 3/4"""" SOL, SCKHEV, 3/4"""" SW CONN";3215,16
MVP20-3/0002;H_VC;"MVP20, 3/4"""" SOL, SCKHEV, 3/4"""" BW CONN";3215,16
MVP20-3/0021;H_VC;"MVP20, 3/4"""" SOL, SCKHEV, 1"""" SW CONN";3373,92
MVP20-3/0022;H_VC;"MVP20, 3/4"""" SOL, SCKHEV, 1"""" BW CONN";3373,92
MVP20-3/0031;H_VC;"MVP20 3/4"""" SOL, SCKHEV, 1-1/4"""" SW CONN";3707,64
MVP20-3/0032;H_VC;"MVP20,3/4"""" SOL,SCKHEV,1-1/4"""" BW CONN";3707,64
MVP20-3/0042;H_VC;"MVP20,3/4"""" SOL,SCKHEV,1-1/2"""" BW CONN";4368,6
MVP20-3/A001;H_VC;"MVP20,3/4"""" SOL,SCKHEV,25% RED,3/4"""" SW CONN";3215,16
MVP20-3/B001;H_VC;"MVP20, 3/4"""" SOL, SCKHEV, 50% RED, 3/4"""" SW CONN";3215,16
MVP20-3/B002;H_VC;"MVP20,3/4"""" SOL,SCKHEV,50% RED,3/4"""" BW CONN";3215,16
MVP20-3/B021;H_VC;"MVP20,3/4"""" SOL,SCKHEV,50% RED,1"""" SW CONN";3373,92
MVP20-3/B031;H_VC;"MVP20,3/4"""" SOL,SCKHEV,50% RED,1-1/4"""" SW CONN";3707,64
MVP20-3-25/0021;H_VC;"MVP20, 3/4"""" SOL, 1"""" SCKHEV, 1"""" SW CONN";3373,92
MVP20-3-25/B031;H_VC;"MVP20,3/4"""" SOL,1""""SCKHEV,50% RED,1-1/4"""" SW CONN";3707,64
MVP20-3-32/0031;H_VC;"MVP20,3/4"""" SOL,1-1/4"""" SCKHEV,1-1/4"""" SW CONN";3707,64
MVP20-3-H/0001;H_VC;"MVP20, 3/4"""" SOL, SCKHEV, HDWL, 3/4"""" SW CONN";3328,56
MVP20-3-H/0021;H_VC;"MVP20,3/4"""" SOL,SCKHEV,HDWL,1"""" SW CONN";3485,16
MVP20-3SD/0021;H_VC;"MVP20,3/4"""" TWO-STEP SOL,SCKHEV,1"""" SW CONN";4429,08
MVP20-3SD/0031;H_VC;"MVP20, 3/4"""" TWO-STEP SOL, SCKHEV, 1-1/4"""" SW CONN";4762,8
MVP20-3SD/B001;H_VC;"MVP20, 3/4"""" TWO-STEP SOL, SCKHEV, 50% RED, 3/4"""" SW";4270,32
MVP20-4/0001;H_VC;"MVP20, 3/4"""" SOL, SCK, 3/4"""" SW CONN";3196,8
MVP20-4/0002;H_VC;"MVP20, 3/4"""" SOL, SCK, 3/4"""" BW CONN";3196,8
MVP20-4/0021;H_VC;"MVP20, 3/4"""" SOL, SCK, 1"""" SW CONN";3298,32
MVP20-4/0022;H_VC;"MVP20, 3/4"""" SOL, SCK, 1"""" BW CONN";3298,32
MVP20-4/0031;H_VC;"MVP20, 3/4"""" SOL, SCK, 1-1/4"""" SW CONN";3670,92
MVP20-4/0042;H_VC;"MVP20, 3/4"""" SOL, SCK, 1-1/2"""" BW CONN";4222,8
MVP20-4/B002;H_VC;"MVP20,3/4"""" SOL,SCK,50% RED,3/4"""" BW CONN";3196,8
MVP20-4/B021;H_VC;"MVP20,3/4"""" SOL,SCK,50% RED,1"""" SW CONN";3298,32
MVP20-4-32/0031;H_VC;"MVP20,3/4"""" SOL,1-1/4"""" SCK,1-1/4"""" SW CONN";3670,92
MVP20-4-32/0032;H_VC;"MVP20,3/4"""" SOL,1-1/4"""" SCK,1-1/4"""" BW CONN";3670,92
MVP20-4A/0101;H_VC;"MVP20, 3/4"""" REG RG A, SCK, 3/4"""" SW CONN";3330,72
MVP20-4A/0131;H_VC;"MVP20,3/4"""" REG RG A,SCK,1-1/4"""" SW CONN";3829,68
MVP20-4A/0501;H_VC;"MVP20, 3/4"""" REG RG V, SCK, 3/4"""" SW CONN";3649,32
MVP20-4A/B131;H_VC;"MVP20, 3/4"""" REG RG.A 50% REDUCED, SCK, 1-1/4"""" SW";3829,68
MVP20-4AB/0101;H_VC;"MVP20,3/4"""" REG RG.A,WO,SCK,3/4"""" SW CONN";3877,2
MVP20-4AB/0121;H_VC;"MVP20, 3/4"""" REG RG.A, WO, SCK, 1"""" SW CONN";3979,8
MVP20-4AB/0142;H_VC;"MVP20, 3/4"""" REG RG.A, WO, SCK, 1-1/2"""" BW CONN";4948,56
MVP20-4ABK/0101;H_VC;"MVP20, 3/4"""" HA4ABK, SCK, 3/4"""" SW CONN";3998,16
MVP20-4ABK/0121;H_VC;"MVP20, 3/4"""" HA4ABK, SCK, 1"""" SW CONN";4102,92
MVP20-4AK/0101;H_VC;"MVP20,3/4"""" HA4AK,RG.A,SCK,3/4"""" SW CONN";3453,84
MVP20-4AK/0121;H_VC;"MVP20,3/4"""" HA4AK,RG.A,SCK,1"""" SW CONN";3703,32
MVP20-4AK/0131;H_VC;"MVP20,3/4"""" HA4AK,RG.A,SCK,1-1/4"""" SW CONN";3952,8
MVP20-4AK/B101;H_VC;"MVP20,3/4"""" HA4AK RG.A,SCK,50%RED,3/4"""" SW CONN";3453,84
MVP20-4AK-H/0101;H_VC;"MVP20,3/4"""" HA4AK,RG.A, HDWL, SCK,3/4"""" SW CONN";3565,08
MVP20-4AO/0121;H_VC;"MVP20,3/4"""" OUT PRES REG RG.V,SCK,1"""" SW CONN";4002,48
MVP20-4AOS/0121;H_VC;"MVP20,3/4"""" OUT PRES REG RG.V ELEC,SCK,1"""" SW CONN";4547,88
MVP20-4AOS/0301;H_VC;"MVP20,3/4"""" OUTLET PRES REG RG.B,ELEC,SCK,3/4"""" SW";4445,28
MVP20-4AOS/A121;H_VC;"MVP20,3/4""""OUT REG,RG.V,ELEC,SCK,25%RED,1"""" SW CON";4547,88
MVP20-4AS/0102;H_VC;"MVP20,3/4"""" REG W/ELEC SO,RG A,SCK,3/4"""" BW CONN";3877,2
MVP20-4AS/0131;H_VC;"MVP20,3/4"""" REG W/ELEC SO,RG A,SCK,1-1/4"""" SW CONN";4228,2
MVP20-4-H/0001;H_VC;"MVP20,3/4"""" SOL,SCK,HDWL,3/4"""" SW CONN";3309,12
MVP20-4-H/0021;H_VC;"MVP20,3/4"""" SOL,SCK,HDWL,1"""" SW CONN";3409,56
MVP20-4-H/A001;H_VC;"MVP20,3/4"""" SOL,SCK,HDWL,25% RED,3/4"""" SW CONN";3309,12
MVP20-6/0021;H_VC;"MVP20, 3/4"""" SOLENOID, BLANK, 1"""" SW CONN";2403
MVP20-6AK/0102;H_VC;"MVP20, 3/4"""" HA4AK RG A, BLANK, 3/4"""" BW CONN";2565
MVP20-6AK/0132;H_VC;"MVP20,3/4"""" HA4AK RG A,BLANK,1-1/4"""" BW CONN";2815,56
MVP20-7MCR/0001;H_VC;"MVP20,3/4""""SOLENOID,MCR,3/4""""SW CONN";9643,32
MVP20-7MCR/0021;H_VC;"MVP20,3/4""""SOLENOID,MCR,1""""SW CONN";9802,08
MVP20-7MCR/0022;H_VC;"MVP20,3/4""""SOLENOID,MCR,1""""BW CONN";9802,08
MVP20-7MCR/0031;H_VC;"MVP20,3/4""""SOLENOID,MCR,1-1/4""""SW CONN";10133,64
MVP20-7MCR/0042;H_VC;"MVP20,3/4""""SOLENOID,MCR,1-1/2""""BW CONN";10794,6
MVP20-7MCV/0001;H_VC;"MVP20,3/4""""SOLENOID,MCV,3/4""""SW CONN";9643,32
MVP20-7MCV/0021;H_VC;"MVP20,3/4""""SOLENOID,MCV,1""""SW CONN";9802,08
MVP25-1/2021;H_VC;"MVP25, 1"""" SOL, SOV, 1"""" SW CONN";3340,44
MVP25-1/2022;H_VC;"MVP25, 1.0"""" SOL, SOV, 1"""" BW CONN";3340,44
MVP25-1/2031;H_VC;"MVP25, 1"""" SOL, SOV, 1-1/4"""" SW CONN";3717,36
MVP25-1/2032;H_VC;"MVP25, 1"""" SOL, SOV, 1-1/4"""" BW CONN";3717,36
MVP25-1/2042;H_VC;"MVP25,1"""" SOLENOID,SOV,1-1/2"""" BW CONN";4259,52
MVP25-1A/2121;H_VC;"MVP25, 1"""" REG RG. A, SOV, 1"""" SW CONN";3264,84
MVP25-1A/2122;H_VC;"MVP25, 1"""" REG RG. A, SOV, 1"""" BW CONN";3264,84
MVP25-1A/2131;H_VC;"MVP25, 1"""" REG RG. A, SOV, 1-1/4"""" SW CONN";3642,84
MVP25-1A/2132;H_VC;"MVP25,1"""" REG RG. A,SOV,1-1/4"""" BW CONN";3642,84
MVP25-1A/2142;H_VC;"MVP25, 1"""" REG RG. A, SOV, 1-1/2"""" BW CONN";4189,32
MVP25-1A/2331;H_VC;"MVP25, 1"""" REG RG.B, SOV, 1-1/4"""" SW CONN";3642,84
MVP25-1A/2521;H_VC;"MVP25, 1"""" REG RG. V, SOV, 1"""" SW CONN";3584,52
MVP25-1AB/2121;H_VC;"MVP25,1"""" REG RG. A WO,SOV,1"""" SW CONN";3810,24
MVP25-1AB/2122;H_VC;"MVP25, 1.0"""" REG RG.A WO, SOV, 1"""" BW CONN";3810,24
MVP25-1AB/2131;H_VC;"MVP25,1"""" REG RG.A WO,SOV,1-1/4"""" SW CONN";4188,24
MVP25-1AB/2132;H_VC;"MVP25,1"""" REG RG.A WO,SOV,1-1/4"""" BW CONN";4188,24
MVP25-1AB/2142;H_VC;"MVP25,1"""" REG RG.A WO,SOV,1-1/2"""" BW CONN";4734,72
MVP25-1AB/2321;H_VC;"MVP25,1"""" REGULATOR RG B,WO,SOV,1"""" SW CONN";3810,24
MVP25-1AB-H/2121;H_VC;"MVP25, 1"""" REG RG. A WO, SOV, HDWL, 1"""" SW CONN";3922,56
MVP25-1ABK/2121;H_VC;"MVP25, 1"""" HA4ABK RG A WO, SOV, 1"""" SW CONN";3932,28
MVP25-1ABK/2122;H_VC;"MVP25, 1"""" HA4ABK RG A WO, SOV, 1"""" SW CONN";3932,28
MVP25-1ABK/2131;H_VC;"MVP25,1"""" HA4ABK RG A WO,SOV,1-1/4"""" SW CONN";4309,2
MVP25-1ABK/2132;H_VC;"MVP25,1"""" HA4ABK RG A WO,SOV,1-1/4"""" BW CONN";4309,2
MVP25-1ABK/2321;H_VC;"MVP25,1"""" HA4ABK RG B WO, SOV, 1"""" SW CONN";3795,12
MVP25-1AD/2121;H_VC;"MVP25, 1"""" REG RG. A DUAL, SOV, 1"""" SW CONN";4393,44
MVP25-1AD/2122;H_VC;"MVP25, 1"""" REG RG. A DUAL, SOV, 1"""" BW CONN";4393,44
MVP25-1AD/2131;H_VC;"MVP25, 1"""" REG RG. A DUAL,SOV,1-1/4"""" SW CONN";4771,44
MVP25-1AD/2132;H_VC;"MVP25,1"""" REG RG. A DUAL,SOV,1-1/4"""" BW CONN";4771,44
MVP25-1AD/2142;H_VC;"MVP25, 1"""" REG RG. A DUAL, SOV, 1-1/2"""" BW CONN";5317,92
MVP25-1AD-H/2131;H_VC;"MVP25,1"""" REG RG. A DUAL,SOV,HDWL,1-1/4"""" SW CONN";4881,6
MVP25-1AD-H/2142;H_VC;"MVP25,1"""" REG RG. A DUAL,SOV,HW,1-1/2"""" BW CONN";5431,32
MVP25-1ADM-H/2121;H_VC;"MVP25,1"""" PRESS REG DUAL,MTR CMP,HDWL,SOV,1"""" SW";6291
MVP25-1ADM-H/2142;H_VC;"MVP25,1"""" PRESS REG DUAL,MTR CMP,HDWL,SOV,1-1/2""""BW";7215,48
MVP25-1ADS/2121;H_VC;"MVP25,1"""" DUAL REG RG. A ELEC SO,SOV,1"""" SW CONN";4938,84
MVP25-1ADS/2131;H_VC;"MVP25,1"""" DUAL REG RG. A ELEC SO,SOV,1-1/4"""" SW CONN";5316,84
MVP25-1ADS/2142;H_VC;"MVP25,1"""" DUAL REG RG. A ELEC SO,SOV,1-1/2"""" BW";5863,32
MVP25-1A-H/2121;H_VC;"MVP25, 1"""" REG RG.A, SOV, HDWL, 1"""" SW CONN";3378,24
MVP25-1AK/2121;H_VC;"MVP25,1"""" HA4AK RG A,SOV,1"""" SW CONN";3387,96
MVP25-1AK/2122;H_VC;"MVP25,1"""" HA4AK,RG.A,SOV,1"""" BW CONN";3387,96
MVP25-1AK/2131;H_VC;"MVP25,1"""" HA4AK,RG.A,SOV,1-1/4"""" SW CONN";3765,96
MVP25-1AK/2132;H_VC;"MVP25,1"""" HA4AK,RG.A,SOV,1-1/4"""" BW CONN";3765,96
MVP25-1AK/2142;H_VC;"MVP25,1"""" HA4AK,RG.A,SOV,1-1/2"""" BW CONN";4312,44
MVP25-1AK/2321;H_VC;"MVP25,1"""" HA4AK,RG.B,SOV,1"""" SW CONN";3387,96
MVP25-1AK/2342;H_VC;"MVP25,1"""" HA4AK,RG.B,SOV,1-1/2"""" BW CONN";4312,44
MVP25-1AK-H/2121;H_VC;"MVP25,1"""" HA4AK RG A,SOV,HDWL,1"""" SW CONN";3499,2
MVP25-1AKS/2121;H_VC;"MVP25, 1"""" HA4AK RG. A ELEC, SOV, 1"""" SW CONN";3932,28
MVP25-1AKS/2122;H_VC;"MVP25,1"""" HA4AK RG.A,SOV,1"""" BW CONN";3932,28
MVP25-1AKS/2131;H_VC;"MVP25,1"""" HA4AK RG. A,SOV,1-1/4"""" SW CONN";4309,2
MVP25-1AKS/2132;H_VC;"MVP25,1"""" HA4AK RG.A ELEC,SOV,1-1/4"""" BW CONN";4309,2
MVP25-1AL/2121;H_VC;"MVP25,1"""" DIFF PRES REG RG.A,SOV,1"""" SW CONN";3641,76
MVP25-1AL/2122;H_VC;"MVP25,1"""" DIFF PRES REG RG A,SOV,1"""" BW CONN";3641,76
MVP25-1AL/2131;H_VC;"MVP25,1"""" DIFF PRES REG RG.A,SOV,1-1/4"""" SW CONN";4019,76
MVP25-1AL/2132;H_VC;"MVP25,1"""" DIFF PRES REG RG A,SOV,1-1/4"""" BW CONN";4019,76
MVP25-1AM/2121;H_VC;"MVP25,1"""" EMC REG RG.A,SOV,1"""" SW CONN";5051,16
MVP25-1AM/2122;H_VC;"MVP25,1"""" EMC REG RG.A,SOV,1"""" BW CONN";5051,16
MVP25-1AM/2131;H_VC;"MVP25,1"""" EMC REG RG.A,SOV,1-1/4"""" SW CONN";5429,16
MVP25-1AM/2132;H_VC;"MVP25,1"""" EMC REG RG.A,SOV,1-1/4"""" BW CONN";5429,16
MVP25-1AM/2142;H_VC;"MVP25,1"""" EMC REG RG.A, SOV, 1-1/2"""" BW CONN";5975,64
MVP25-1AO/2121;H_VC;"MVP25,1"""" OUT PRES REG RG V,SOV,1"""" SW CONN";3834
MVP25-1AO/2122;H_VC;"MVP25,1"""" OUT PRES REG RG V,SOV,1"""" BW CONN";3834
MVP25-1AO/2131;H_VC;"MVP25,1"""" OUT PRES REG RG V,SOV,1-1/4"""" SW CONN";4212
MVP25-1AO/2132;H_VC;"MVP25,1"""" OUT PRES REG RG V,SOV,1-1/4"""" BW CONN";4212
MVP25-1AO/2142;H_VC;"MVP25,1"""" OUT PRES REG RG V,SOV,1-1/2"""" BW CONN";4758,48
MVP25-1AO/2321;H_VC;"MVP25,1"""" OUT PRES REG RG B,SOV,1"""" SW CONN";3834
MVP25-1AO/2342;H_VC;"MVP25,1"""" OUT PRES REG RG B,SOV,1-1/2"""" BW CONN";4758,48
MVP25-1AO-H/2121;H_VC;"MVP25,1"""" OUT PRES REG RG V,SOV,HDWL,1"""" SW CONN";3946,32
MVP25-1AOS/2121;H_VC;"MVP25,1"""" OUT PRES REG RG.V ELEC,SOV,1"""" SW CONN";4379,4
MVP25-1AOS/2131;H_VC;"MVP25,1"""" OUT PRES REG RG.V ELEC,SOV,1-1/4"""" SW CONN";4757,4
MVP25-1AOS/2142;H_VC;"MVP25,1"""" OUT PRES REG RG.V ELEC,SOV,1-1/2"""" BW CONN";5303,88
MVP25-1AOS/2321;H_VC;"MVP25,1"""" OUT PRES REG RG.B ELEC,SOV,1"""" SW CONN";4379,4
MVP25-1AOS/2342;H_VC;"MVP25,1"""" OUT PRES REG RG.B ELEC,SOV,1-1/2"""" BW CONN";5303,88
MVP25-1AOS-H/2121;H_VC;"MVP25,1"""" OUT PRES REG RG.V ELEC,SOV,HDWL,1""""SW CONN";4491,72
MVP25-1AOS-H/2321;H_VC;"MVP25,1"""" OUT PRES REG RG.B ELEC,HDWL,SOV,1""""SW CONN";4491,72
MVP25-1AP/2121;H_VC;"MVP25,1"""" PNEUM PRES REG RG A,SOV,1"""" SW CONN";3452,76
MVP25-1AP/2122;H_VC;"MVP20,1"""" PNEUM PRES REG RG A,SOV,1"""" BW CONN";3452,76
MVP25-1AP/2131;H_VC;"MVP25,1"""" PNEUM PRES REG RG A,SOV,1-1/4"""" SW CONN";3828,6
MVP25-1AP/2132;H_VC;"MVP25,1"""" PNEUM PRES REG RG A,SOV,1-1/4"""" BW CONN";3828,6
MVP25-1AS/2121;H_VC;"MVP25, 1"""" REG RG. A ELEC, SOV, 1"""" SW CONN";3810,24
MVP25-1AS/2122;H_VC;"MVP25, 1"""" REG RG. A ELEC, SOV, 1"""" BW CONN";3810,24
MVP25-1AS/2131;H_VC;"MVP25, 1"""" REG W/ELEC SO, RG.A, SOV, 1-1/4"""" SW CONN";4188,24
MVP25-1AS/2132;H_VC;"MVP25,1"""" REG RG.A ELEC,SOV,1-1/4"""" BW CONN";4188,24
MVP25-1AS/2142;H_VC;"MVP25, 1"""" REG RG. A ELEC, SOV, 1-1/2"""" BW CONN";4734,72
MVP25-1AS/2542;H_VC;"MVP25,1"""" REG RG. V ELEC,SOV,1-1/2"""" BW CONN";5052,24
MVP25-1ASB/2142;H_VC;"MVP25,1""""REG,RG A ELEC,WO,SOV, 1 1/2"""" BW CONN";5281,2
MVP25-1AS-H/2121;H_VC;"MVP25,1"""" REG RG.A ELEC SO,SOV,HDWL,1"""" SW CONN";3922,56
MVP25-1-E/2021;H_VC;"MVP25,1"""" SOL,SOV,EXT NECK,SS TRIM,1"""" SW CONN";3691,44
MVP25-1-H/2021;H_VC;"MVP25,1"""" SOL,SOV,HDWL,1"""" SW CONN";3452,76
MVP25-1-H/2031;H_VC;"MVP25,1"""" SOL,SOV,HDWL,1-1/4"""" SW CONN";3828,6
MVP25-1-HE/2021;H_VC;"MVP25,1"""" SOL,SOV,EXT NECK,SS TRIM,HWL, 1"""" SW CONN";3805,92
MVP25-1MCR/2021;H_VC;"MVP25,1""""MCR,SOV,1""""SW CONN";9066,6
MVP25-1MCR/2031;H_VC;"MVP25,1""""MCR,SOV,1-1/4""""SW CONN";9442,44
MVP25-1MCR/2042;H_VC;"MVP25,1""""MCR,SOV,1-1/2""""BW CONN";9986,76
MVP25-1MCV/2021;H_VC;"MVP25,1""""MCV,SOV,1""""SW CONN";9066,6
MVP25-1MCV/2031;H_VC;"MVP25,1""""MCV,SOV,1-1/4"""" SW CONN";9442,44
MVP25-1MCV-H/2031;H_VC;"MVP25,1""""MCV,SOV,HDWL,1-1/4"""" SW CONN";9556,92
MVP25-1-S/2021;H_VC;"MVP25, 1"""" SOL, 100 MESH, 1"""" SW CONN";3552,12
MVP25-1-S/2031;H_VC;"MVP25,1"""" SOL,100 MESH,SOV,1-1/4"""" SW CONN";3927,96
MVP25-1SD/2021;H_VC;"MVP25, 1"""" 2-STEP SOL, SOV, 1"""" SW CONN";4395,6
MVP25-1SD/2022;H_VC;"MVP25, 1"""" 2-STEP SOL, SOV, 1"""" BW CONN";4395,6
MVP25-1SD/2031;H_VC;"MVP25, 1"""" 2-STEP SOL, SOV, 1-1/4"""" SW CONN";4772,52
MVP25-1SD/2042;H_VC;"MVP25, 1"""" 2-STEP SOL, SOV, 1-1/2"""" BW CONN";5314,68
MVP25-2/2021;H_VC;"MVP25, 1"""" SOL, HEV, 1"""" SW CONN";3416,04
MVP25-2/2022;H_VC;"MVP25, 1"""" SOL, HEV, 1"""" BW CONN";3416,04
MVP25-2/2031;H_VC;"MVP25, 1"""" SOL, HEV, 1-1/4"""" SW CONN";3749,76
MVP25-2/2032;H_VC;"MVP25, 1"""" SOL, HEV, 1-1/4"""" BW CONN";3749,76
MVP25-2/2042;H_VC;"MVP25, 1"""" SOL, HEV, 1-1/2"""" BW CONN";4408,56
MVP25-2-32/2042;H_VC;"MVP25,1"""" SOL,1-1/4"""" HEV,1-1/2"""" BW CONN";4408,56
MVP25-2-H/2021;H_VC;"MVP25,1"""" SOL,HEV,HDWL,1"""" SW CONN";3528,36
MVP25-2-H/2031;H_VC;"MVP25,1"""" SOL,HEV,HDWL,1-1/4"""" SW CONN";3859,92
MVP25-2SD/2021;H_VC;"MVP25, 1"""" 2-STEP SOLENOID, HEV, 1"""" SW CONN";4471,2
MVP25-2SD/2022;H_VC;"MVP25, 1"""" 2-STEP SOLENOID, HEV, 1"""" BW CONN";4471,2
MVP25-2SD/2031;H_VC;"MVP25,1"""" 2-STEP SOLENOID,HEV,1-1/4"""" SW CONN";4804,92
MVP25-2SD/2042;H_VC;"MVP25,1"""" 2-STEP SOLENOID,HEV,1-1/2"""" BW CONN";5463,72
MVP25-3/2021;H_VC;"MVP25, 1"""" SOL, SCKHEV, 1"""" SW CONN";3922,56
MVP25-3/2022;H_VC;"MVP25, 1"""" SOL, SCKHEV, 1"""" BW CONN";3922,56
MVP25-3/2031;H_VC;"MVP25, 1"""" SOL, SCKHEV, 1-1/4"""" SW CONN";4257,36
MVP25-3/2032;H_VC;"MVP25, 1"""" SOL, SCKHEV, 1-1/4"""" BW CONN";4257,36
MVP25-3/2042;H_VC;"MVP25, 1"""" SOL, SCKHEV, 1-1/2"""" BW CONN";4916,16
MVP25-3-32/2031;H_VC;"MVP25,1"""" SOL,1-1/4"""" SCKHEV,1-1/4"""" SW CONN";4257,36
MVP25-3-H/2021;H_VC;"MVP25,1"""" SOL,SCKHEV,HDWL,1"""" SW CONN";4035,96
MVP25-3-H/2031;H_VC;"MVP25, 1"""" SOL, SCKHEV, HDWL, 1-1/4"""" SW CONN";4369,68
MVP25-3-HE/2042;H_VC;"MVP25,1""""SOL,SCKHEV,EXT,HW,1-1/2"""" BW CONN";5380,56
MVP25-3SD/2021;H_VC;"MVP25,1"""" 2-STEP SOL,SCKHEV,1"""" SW CONN";4977,72
MVP25-4/2021;H_VC;"MVP25, 1"""" SOLENOID, SCK, 1"""" SW CONN";3851,28
MVP25-4/2022;H_VC;"MVP25, 1"""" SOLENOID, SCK, 1"""" BW CONN";3851,28
MVP25-4/2031;H_VC;"MVP25, 1"""" SOLENOID, SCK, 1-1/4"""" SW CONN";4223,88
MVP25-4/2032;H_VC;"MVP25, 1"""" SOLENOID, SCK, 1-1/4"""" BW CONN";4223,88
MVP25-4/2042;H_VC;"MVP25, 1"""" SOLENOID, SCK, 1-1/2"""" BW CONN";4772,52
MVP25-4A/2121;H_VC;"MVP25, 1"""" REG RG. A, SCK, 1"""" SW CONN";3777,84
MVP25-4A/2131;H_VC;"MP25,1"""" REG RG.A,SCK,1-1/4"""" SW CONN";4154,76
MVP25-4ABK/2121;H_VC;"MVP25, 1"""" HA4ABK RG.A WO, SCK, 1"""" SW CONN";4445,28
MVP25-4ABK/2131;H_VC;"MVP25, 1"""" HA4ABK RG A WO, SCK, 1-1/4"""" SW CONN";4821,12
MVP25-4AK/2121;H_VC;"MVP25,1"""" HA4AK,RG.A,SCK,1"""" SW CONN";3900,96
MVP25-4AK/2131;H_VC;"MVP25,1"""" HA4AK,RG.A,SCK,1-1/4"""" SW CONN";4277,88
MVP25-4AK/2142;H_VC;"MVP25,1"""" HA4AK,RG.A,SCK,1-1/2"""" BW CONN";4316,76
MVP25-4AK/2321;H_VC;"MVP25,1"""" HA4AK,RG.B,SCK,1"""" SW CONN";3900,96
MVP25-4AK-E/2121;H_VC;"MVP25,1"""" HA4AK,RG.A,SCK, EXT NECK, 1"""" SW CONN";4251,96
MVP25-4AK-H/2121;H_VC;"MVP25,1"""" HA4AK,RG.A,SCK,HDWL,1"""" SW CONN";4012,2
MVP25-4AK-H/2131;H_VC;"MVP25,1"""" HA4AK,RG.A,SCK,HDWL,1-1/4"""" """" SW CONN";4389,12
MVP25-4AOS/2131;H_VC;"MVP25,1"""" OUT PRES REG RG.V ELEC,SCK,1-1/4"""" SW CONN";5268,24
MVP25-4AS/2121;H_VC;"MVP25,1"""" REG W/ELEC SO,RG.A,SCK,1"""" SW CONN";4323,24
MVP25-4AS/2131;H_VC;"MVP25,1"""" REG W/ELEC SO,RG.A,SCK,1-1/4"""" SW CONN";4701,24
MVP25-4-E/2021;H_VC;"MVP25, 1"""" SOLENOID, SCK, EXT NECK,1"""" SW CONN";4202,28
MVP25-4-H/2021;H_VC;"MVP25,1""""SOL,SCK,HDWL,1"""" SW CONN";3963,6
MVP25-4-H/2031;H_VC;"MVP25,1""""SOL,SCK,HDWL,1-1/4"""" SW CONN";4335,12
MVP25-6/2021;H_VC;"MVP25, 1"""" SOLENOID, BLANK, 1"""" SW CONN";2841,48
MVP25-6/2031;H_VC;"MVP25,1"""" SOL,BLANK,1-1/4"""" SW CONN";3026,16
MVP25-6-H/2021;H_VC;"MVP25,1"""" SOLENOID,BLANK,HDWL,1"""" SW CONN";2954,88
MVP25-7MCR/2021;H_VC;"MVP25,1""""SOLENOID,MCR,1""""SW CONN";10242,72
MVP25-7MCR/2031;H_VC;"MVP25,1""""SOLENOID,MCR,1-1/4""""SW CONN";10574,28
MVP25-7MCR/2042;H_VC;"MVP25,1""""SOLENOID,MCR,1-1/2""""BW CONN";10856,16
MVP25-7MCR-H/2021;H_VC;"MVP25,1""""SOLENOID,MCR,HW,1""""SW CONN";10355,04
MVP25-7MCV/2021;H_VC;"MVP25,1""""SOLENOID,MCV,1""""SW CONN";10242,72
MVP25-7MCV/2031;H_VC;"MVP25,1""""SOLENOID,MCV,1-1/4"""" SW CONN";10574,28
MVP25-7MCV-H/2021;H_VC;"MVP25,1""""SOLENOID,MCV,HW,1""""SW CONN";10355,04
MVP32-1/3031;H_VC;"MVP32, 1-1/4"""" SOL, SOV, 1-1/4"""" SW CONN";3839,4
MVP32-1/3032;H_VC;"MVP32, 1-1/4"""" SOL, SOV, 1-1/4"""" BW CONN";3839,4
MVP32-1/3042;H_VC;"MVP32, 1-1/4"""" SOL, SOV, 1-1/2"""" BW CONN";4348,08
MVP32-1A/3131;H_VC;"MVP32, 1-1/4"""" REG RG. A, SOV, 1-1/4"""" SW CONN";3805,92
MVP32-1A/3132;H_VC;"MVP32, 1-1/4"""" REG RG. A, SOV, 1-1/4"""" BW CONN";3805,92
MVP32-1A/3142;H_VC;"MVP32,1-1/4"""" REG RG. A,SOV,1-1/2"""" BW CONN";4317,84
MVP32-1A/3331;H_VC;"MVP32,1-1/4"""" REG RG. B,SOV,1-1/4"""" SW CONN";3805,92
MVP32-1AB/3131;H_VC;"MVP32,1-1/4"""" REG RG. A WO,SOV,1-1/4"""" SW CONN";4351,32
MVP32-1AB/3132;H_VC;"MVP32,1-1/4"""" REG RG.A WO,SOV,1-1/4"""" BW CONN";4351,32
MVP32-1AB/3142;H_VC;"MVP32, 1-1/4"""" REG RG. A WO, SOV, 1-1/2"""" BW CONN";4863,24
MVP32-1AB/3331;H_VC;"MVP32,1-1/4"""" REG RG.B WO,SOV,1-1/4"""" SW CONN";4351,32
MVP32-1AB/3342;H_VC;"MVP32, 1-1/4"""" REG RG. B WO, SOV, 1-1/2"""" BW CONN";4863,24
MVP32-1AB-H/3131;H_VC;"MVP32,1-1/4"""" REG RG.A WO,SOV,HDWL,1-1/4"""" SW CONN";4462,56
MVP32-1ABK/3131;H_VC;"MVP32, 1-1/4"""" HA4ABK RG.A WO, SOV, 1-1/4"""" SW CONN";4471,2
MVP32-1ABK/3132;H_VC;"MVP32,1-1/4"""" HA4ABK RG.A WO,SOV,1-1/4"""" BW CONN";4471,2
MVP32-1AD/3131;H_VC;"MVP32,1-1/4"""" REG RG. A DUAL,SOV,1-1/4"""" SW CONN";4934,52
MVP32-1AD/3132;H_VC;"MVP32,1-1/4"""" REG RG. A DUAL,SOV,1-1/4"""" BW CONN";4934,52
MVP32-1AD/3142;H_VC;"MVP32,1-1/4"""" REG RG. A DUAL,SOV,1-1/2"""" BW CONN";5446,44
MVP32-1ADB/3132;H_VC;"MVP32,1-1/4"""" REG RG. A DUAL,SOV,WO,1-1/4"""" BW CONN";5479,92
MVP32-1ADD/3131;H_VC;"1-1/4"""" (32mm) THREE PRES. REG.RG.A/A/A";6062,04
MVP32-1ADK/3131;H_VC;"MVP32,1-1/4"""" DUAL RESEAT RLF RG.A/A,SOV,1-1/4"""" SW";5055,48
MVP32-1ADM/3131;H_VC;"MVP32,1-1/4""""REG RG.A DUAL,MTR CMP,SOV,1-1/4""""SW CON";6720,84
MVP32-1ADM/3142;H_VC;"MVP32,1-1/4""""REG RG.A DUAL,MTR CMP,SOV,1-1/2""""BW CON";7232,76
MVP32-1ADM-H/3131;H_VC;"MVP32,1-1/4"""" REG DUAL,MTRCMP,HDWL,SOV,1-1/4""""SW CON";6832,08
MVP32-1ADM-H/3142;H_VC;"MVP32,1-1/4""""REGRG.A DUAL,MTR CMP,SOV,HDWL,1-1/2""""BW";7344
MVP32-1ADS/3131;H_VC;"MVP32,1-1/4"""" DUAL REG RG A,ELEC SO,SOV,1-1/4"""" SW";5479,92
MVP32-1ADS/3142;H_VC;"MVP32,1-1/4"""" DUAL REG RG. A ELEC SO,SOV,1-1/2"""" BW";5990,76
MVP32-1ADS-H/3131;H_VC;"MVP32,1-1/4"""" DUAL REG RG A,ELEC,SOV,HW,1-1/4"""" SW";5592,24
MVP32-1A-H/3131;H_VC;"MVP32,1-1/4"""" REG RG. A,SOV,HDWL,1-1/4"""" SW CONN";3917,16
MVP32-1AK/3131;H_VC;"MVP32, 1-1/4"""" HA4AK RG.A, SOV, 1-1/4"""" SW CONN";3929,04
MVP32-1AK/3132;H_VC;"MVP32, 1-1/4"""" HA4AK RG.A, SOV, 1-1/4"""" BW CONN";3929,04
MVP32-1AK/3142;H_VC;"MVP32, 1-1/4"""" HA4AK RG.A, SOV, 1-1/2"""" BW CONN";4440,96
MVP32-1AK-H/3131;H_VC;"MVP32,1-1/4"""" HA4AK RG.A, SOV,HDWL,1-1/4"""" SW CONN";4040,28
MVP32-1AKS/3131;H_VC;"MVP32,1-1/4"""" HA4AK RG.A ELEC,SOV,1-1/4"""" SW CONN";4471,2
MVP32-1AKS/3132;H_VC;"MVP32,1-1/4"""" HA4AK RG.A ELEC,SOV,1-1/4"""" BW CONN";4471,2
MVP32-1AL/3131;H_VC;"MVP32,1-1/4"""" DIFF PRES REG RG.A,SOV,1-1/4"""" SW CONN";4182,84
MVP32-1AL/3132;H_VC;"MVP32,1-1/4"""" DIFF PRES REG RG A,SOV,1-1/4"""" BW CONN";4182,84
MVP32-1AM/3131;H_VC;"MVP32, 1-1/4"""" EMC REG RG.A,SOV,1-1/4"""" SW CONN";5592,24
MVP32-1AM/3132;H_VC;"MVP32,1-1/4"""" EMC REG RG.A,SOV,1-1/4"""" BW CONN";5592,24
MVP32-1AO/3131;H_VC;"MVP32,1-1/4"""" OUT PRES REG RG V,SOV,1-1/4"""" SW CONN";4375,08
MVP32-1AO/3132;H_VC;"MVP32,1-1/4"""" OUT PRES REG RG V,SOV,1-1/4"""" BW CONN";4375,08
MVP32-1AO/3331;H_VC;"MVP32,1-1/4"""" OUT PRESS REG RG.B,SOV,1-1/4"""" SW CONN";4375,08
MVP32-1AOS/3131;H_VC;"MVP32,1-1/4"""" OUT PRES REG RGV ELEC,SOV,1-1/4""""SW CO";4920,48
MVP32-1AOS/3142;H_VC;"MVP32,1-1/4"""" OUT PRES REG RG.V ELEC,SOV,1-1/2""""BW";5432,4
MVP32-1AOS/3342;H_VC;"MVP32,1-1/4"""" OUT PRES REG RG.B ELEC,SOV,1-1/2""""BW";5432,4
MVP32-1AOSB/3131;H_VC;"MVP32,1-1/4"""" OUT REG RG.V,ELEC,WO,SOV,1-1/4""""SW";5464,8
MVP32-1AP/3131;H_VC;"MVP32,1-1/4"""" PNEUM PRES REG RG A,SOV,1-1/4""""SW CONN";3990,6
MVP32-1AP/3132;H_VC;"MVP32,1-1/4"""" PNEUM PRES REG RG A,SOV,1-1/4""""BW CONN";3990,6
MVP32-1AS/3131;H_VC;"MVP32,1-1/4"""" REG RG. A ELEC,SOV,1-1/4"""" SW CONN";4351,32
MVP32-1AS/3132;H_VC;"MVP32,1-1/4"""" REG RG. A ELEC,SOV,1-1/4"""" BW CONN";4351,32
MVP32-1AS/3142;H_VC;"MVP32,1-1/4"""" REG RG. A ELEC,SOV,1-1/2"""" BW CONN";4863,24
MVP32-1AS/3531;H_VC;"MVP32,1-1/4"""" REG RG.V ELEC,SOV,1-1/4"""" SW CONN";4668,84
MVP32-1AS/3542;H_VC;"MVP32,1-1/4"""" REG RG.V ELEC,SOV,1-1/2"""" BW CONN";5180,76
MVP32-1ASB/3131;H_VC;"MVP32,1-1/4"""" REG RG.A ELEC,WO,SOV,1-1/4"""" SW CONN";4896,72
MVP32-1ASB/3142;H_VC;"MVP32, 1-1/4"""" REG RG. A ELEC,WO,SOV,1-1/2"""" BW CONN";5408,64
MVP32-1AS-H/3131;H_VC;"MVP32,1-1/4"""" REG RG.A ELEC,SOV,HDWL,1-1/4"""" SW CONN";4462,56
MVP32-1-H/3031;H_VC;"MVP32,1-1/4"""" SOL,SOV,HDWL,1-1/4"""" SW CONN";3950,64
MVP32-1MCR/3031;H_VC;"MVP32,1-1/4""""MCR,SOV,1-1/4""""SW CONN";9564,48
MVP32-1MCR/3042;H_VC;"MVP32,1-1/4"""" MCR, SOV, 1-1/2"""" BW CONN.";10074,24
MVP32-1MCRB/3031;H_VC;"MVP32,1-1/4""""MCRB,SOV,1-1/4""""SW CONN";9564,48
MVP32-1MCV/3031;H_VC;"MVP32,1-1/4""""MCV,SOV,1-1/4""""SW CONN";9564,48
MVP32-1MCV/3042;H_VC;"MVP32,1-1/4""""MCV,SOV,1-1/2""""BW CONN";10074,24
MVP32-1-S/3031;H_VC;"MVP32, 1-1/4"""" SOL, 100 MESH, 1-1/4"""" SW CONN";4050
MVP32-1SD/3031;H_VC;"MVP32,1-1/4"""" 2-STEP SOL,SOV,1-1/4"""" SW CONN";4894,56
MVP32-1SD/3042;H_VC;"MVP32,1-1/4"""" 2-STEP SOL,SOV,1-1/2"""" BW CONN";5403,24
MVP32-1SD-H/3031;H_VC;"MVP32,1-1/4"""" 2-STEP SOL,SOV,HDWL,1-1/4"""" SW CONN";5005,8
MVP32-2/3031;H_VC;"MVP32, 1-1/4"""" SOL, HEV, 1-1/4"""" SW CONN";3866,4
MVP32-2/3032;H_VC;"MVP32, 1-1/4"""" SOL, HEV, 1-1/4"""" BW CONN";3866,4
MVP32-2/3042;H_VC;"MVP32, 1-1/4"""" SOL, HEV, 1-1/2"""" BW CONN";4487,4
MVP32-2-E/3031;H_VC;"MVP32,1-1/4"""" SOL,HEV,EXT NECK,SS TRIM,1-1/4"""" SW";4218,48
MVP32-2-E/3042;H_VC;"MVP32,1-1/4"""" SOL,HEV,EXT NECK,SS TRIM,1-1/2""""BW CON";4838,4
MVP32-2-H/3031;H_VC;"MVP32,1-1/4"""" SOL,HEV,HDWL,1-1/4"""" SW CONN";3978,72
MVP32-2SD/3031;H_VC;"MVP32,1-1/4"""" 2-STEP SOLENOID,HEV,1-1/4"""" SW CONN";4921,56
MVP32-2SD/3042;H_VC;"MVP32,1-1/4"""" 2-STEP SOL,HEV,1-1/2"""" BW CONN";5542,56
MVP32-3/3031;H_VC;"MVP32, 1-1/4"""" SOL, SCKHEV, 1-1/4"""" SW CONN";4547,88
MVP32-3/3032;H_VC;"MVP32, 1-1/4"""" SOL, SCKHEV, 1-1/4"""" BW CONN";4547,88
MVP32-3/3042;H_VC;"MVP32, 1-1/4"""" SOL, SCKHEV, 1-1/2"""" BW CONN";5163,48
MVP32-3-E/3031;H_VC;"MVP32,1-1/4"""" SOL,SCKHEV,EXT NECK,SS TRIM,1-1/4"""" SW";4901,04
MVP32-3-H/3031;H_VC;"MVP32, 1-1/4"""" SOL, SCKHEV, HDWL, 1-1/4"""" SW CONN";4660,2
MVP32-3-H/3042;H_VC;"MVP32,1-1/4"""" SOL,SCKHEV,HDWL,1-1/2"""" BW CONN";5276,88
MVP32-3MCR/3042;H_VC;"MVP32,1-1/4"""" MCR, SCKHEV, 1-1/2"""" BW CONN.";10891,8
MVP32-3SD/3031;H_VC;"MVP32,1-1/4"""" TWO-STEP SOL,SCKHEV,1-1/4"""" SW CONN";5603,04
MVP32-3SD/3042;H_VC;"MVP32, 1-1/4"""" TWO-STEP SOL, SCKHEV, 1-1/2"""" BW CONN";5603,04
MVP32-4/3031;H_VC;"MVP32, 1-1/4"""" SOLENOID, SCK, 1-1/4"""" SW CONN";4513,32
MVP32-4/3042;H_VC;"MVP32,1-1/4"""" SOLENOID,SCK,1-1/2"""" BW CONN";5028,48
MVP32-4A/3131;H_VC;"MVP32,1-1/4"""" REG RG A, SCK, 1-1/4"""" SW CONN";4488,48
MVP32-4AB/3131;H_VC;"MVP32,1-1/4"""" REG RG.A,WO,SCK,1-1/4"""" SW CONN";5034,96
MVP32-4ABK/3131;H_VC;"MVP32,1-1/4"""" HA4ABK,RGA,WO,SCK,1-1/4"""" SW CONN";5155,92
MVP32-4ABK/3142;H_VC;"MVP32,1-1/4"""" HA4ABK RG.A,WO,SCK,1-1/2""""BW CONN";5664,6
MVP32-4AK/3131;H_VC;"MVP32,1-1/4"""" HA4AK,RG.A,SCK,1-1/4"""" SW CONN";4611,6
MVP32-4AK/3142;H_VC;"MVP32,1-1/4"""" HA4AK,RG.A,SCK,1-1/2"""" BW CONN";5118,12
MVP32-4AK-H/3131;H_VC;"MVP32,1-1/4"""" HA4AK RG.A,SCK,HDWL,1-1/4"""" SW";4722,84
MVP32-4AOS/3142;H_VC;"MVP32,1-1/4"""" OUTLET REG RG.V,ELEC,SCK,1-1/2"""" BW";6110,64
MVP32-4AS/3131;H_VC;"MVP32, 1-1/4"""" REG RG. A ELEC, SCK, 1-1/4"""" SW CONN";5034,96
MVP32-4AS/3142;H_VC;"MVP32,1-1/4"""" REG RG. A ELEC,SCK,1-1/2"""" BW CONN";5541,48
MVP32-4-H/3031;H_VC;"MVP32,1-1/4"""" SOL,SCK,HDWL,1-1/4"""" SW CONN";4625,64
MVP32-4-NO/3031;H_VC;"MVP32, 1-1/4"""" SOLENOID, NO, SCK, 1-1/4"""" SW CONN";4828,68
MVP32-4SD/3042;H_VC;"MVP32,2-STEP SOL,SCK,1-1/2"""" BW CONN";6083,64
MVP32-6/3031;H_VC;"MVP32, 1-1/4"""" SOLENOID, BLANK, 1-1/4"""" SW CONN";3195,72
MVP32-6/3042;H_VC;"MVP32, 1-1/4"""" SOLENOID, BLANK, 1-1/2"""" BW CONN";3452,76
MVP32-6AD/3142;H_VC;"MVP32,1-1/4"""" DUAL REG RG.A,BLANK,1-1/2"""" BW CONN";4548,96
MVP32-6AK/3131;H_VC;"MVP32,1-1/4"""" HA4AK RG.A,BLANK,1-1/4"""" SW CONN";3290,76
MVP32-6AS/3142;H_VC;"MVP32,1-1/4"""" REG RG. A ELEC,BLANK,1-1/2"""" BW CONN";3966,84
MVP32-7MCR/3031;H_VC;"MVP32,1-1/4""""SOLENOID,MCR,1-1/4""""SW CONN";10693,08
MVP32-7MCR/3042;H_VC;"MVP32,1-1/4""""SOLENOID,MCR,1-1/2""""BW CONN";11310,84
MVP32-7MCV/3031;H_VC;"MVP32,1-1/4""""SOLENOID,MCV,1-1/4""""SW CONN";10693,08
MVP40-1/4041;H_VC;"MVP40, 1-1/2"""" SOL, SOV, 1-1/2"""" SW CONN";5217,48
MVP40-1/4042;H_VC;"MVP40,1-1/2"""" SOL,SOV,1-1/2"""" BW CONN";5217,48
MVP40-1/4051;H_VC;"MVP40, 1-1/2"""" SOL, SOV,  2"""" SW CONN";5464,8
MVP40-1/4052;H_VC;"MVP40, 1-1/2"""" SOL, SOV, 2"""" BW CONN";5464,8
MVP40-1/4062;H_VC;"MVP40, 1-1/2"""" SOLENOID, SOV, 2-1/2"""" BW CONN";6099,84
MVP40-1/B041;H_VC;"MVP40, 1-1/2"""" SOL, SOV, 50% RED, 1-1/2"""" SW CONN";5217,48
MVP40-1/B042;H_VC;"MVP40,1-1/2"""" SOL,SOV,50% RED,1-1/2"""" BW CONN";5217,48
MVP40-1/B051;H_VC;"MVP40,1-1/2"""" SOL,SOV,50% RED,2"""" SW CONN";5464,8
MVP40-1/B062;H_VC;"MVP40,1-1/2"""" SOL,SOV,50% RED,2-1/2"""" BW CONN";6099,84
MVP40-1A/4141;H_VC;"MVP40,1-1/2"""" REG, RG. A,SOV,1-1/2"""" SW CONN";5179,68
MVP40-1A/4151;H_VC;"MVP40, 1-1/2"""" REG RG. A, SOV, 2"""" SW CONN";5427
MVP40-1A/4152;H_VC;"MVP40, 1-1/2"""" REG RG. A, SOV, 2"""" BW CONN";5427
MVP40-1A/4162;H_VC;"MVP40,1-1/2"""" REG RG. A,SOV,2-1/2"""" BW CONN";6063,12
MVP40-1A/A141;H_VC;"MVP40,1-1/2"""" REG,RG. A,SOV,25%RED,1-1/2"""" SW CONN";5179,68
MVP40-1A/A151;H_VC;"MVP40,1-1/2"""" REG,RG. A,SOV,25%RED,2"""" SW CONN";5427
MVP40-1A/B162;H_VC;"MVP40,1-1/2"""" REG RG.A,SOV,50% RED,2-1/2"""" BW CONN";6063,12
MVP40-1AB/4141;H_VC;"MVP40,1-1/2"""" REG RG.A,WO,SOV,1-1/2"""" SW CONN";5725,08
MVP40-1AB/4151;H_VC;"MVP40,1-1/2"""" REG RG.A,WO,SOV,2"""" SW CONN";5972,4
MVP40-1AB/4162;H_VC;"MVP40,1-1/2"""" REG RG.A,WO,SOV,2-1/2"""" BW CONN";6608,52
MVP40-1AB/4351;H_VC;"MVP40, 1-1/2"""" REG RG.B, WO, SOV, 2"""" SW CONN";5972,4
MVP40-1AB/A151;H_VC;"MVP40,1-1/2"""" REG,RGA,WO,SOV,25%RED,2""""SW CONN";5972,4
MVP40-1AB/B151;H_VC;"MVP40,1-1/2"""" REG RG.A,WO,SOV,50% RED,2"""" SW CONN";5972,4
MVP40-1AB/B162;H_VC;"MVP40,1-1/2"""" REG RG.A,WO,SOV,50% RED,2-1/2"""" BW CON";6608,52
MVP40-1AB-H/4162;H_VC;"MVP40,1-1/2"""" REG RG.A,WO,SOV,HDWL,2-1/2"""" BW";6791,04
MVP40-1ABK/4141;H_VC;"MVP40,1-1/2"""" HA4AK RG.A,WO,SOV,1-1/2"""" SW CONN";5994
MVP40-1AD/4141;H_VC;"MVP40,1-1/2"""" DUAL REG RG. A,SOV,1-1/2"""" SW CONN";6308,28
MVP40-1AD/4142;H_VC;"MVP40,1-1/2"""" DUAL REG RG. A,SOV,1-1/2"""" BW CONN";6308,28
MVP40-1AD/4151;H_VC;"MVP40,1-1/2"""" DUAL REG RG. A,SOV,2"""" SW CONN";6555,6
MVP40-1AD/4162;H_VC;"MVP40,1-1/2"""" DUAL REG RG.A,SOV,2-1/2"""" BW CONN";7191,72
MVP40-1AD/A141;H_VC;"MVP40,1-1/2"""" DUAL REG RG.A,SOV,25%RED,1-1/2"""" SW";6308,28
MVP40-1AD/A151;H_VC;"MVP40,1-1/2"""" DUAL REG RG. A,SOV,25% RED,2"""" SW CONN";6555,6
MVP40-1AD/B141;H_VC;"MVP40,1-1/2"""" DUAL REG RG. A,SOV,50% RED,1-1/2"""" SW";6308,28
MVP40-1AD/B151;H_VC;"MVP40,1-1/2"""" DUAL REG RG. A,SOV,50% RED,2"""" SW CONN";6555,6
MVP40-1ADB/B151;H_VC;"MVP40,1-1/2"""" DUAL REG RG.A,WO,SOV,50%RED,2""""SW";7102,08
MVP40-1AD-H/4141;H_VC;"MVP40,1-1/2"""" DUAL REG RG.A,SOV,HDWL,1-1/2"""" SW CONN";6489,72
MVP40-1AD-H/4162;H_VC;"MVP40,1-1/2"""" DUAL REG RG.A,SOV,HDWL,2-1/2"""" BW CONN";7374,24
MVP40-1ADM/4141;H_VC;"MVP40,1-1/2"""" DUAL REG RG.A,MTR CMP,SOV,1-1/2""""SW CO";8094,6
MVP40-1ADM/4151;H_VC;"MVP40,1-1/2"""" DUAL REG RG. A,MTR CMP,SOV,2"""" SW CONN";8341,92
MVP40-1ADM/4162;H_VC;"MVP40,1-1/2"""" DUAL REG RG.A,MTR CMP,SOV,2-1/2"""" BW";8978,04
MVP40-1ADM-H/4141;H_VC;"MVP40,1-1/2"""" DUAL REG RG.A,MTR CMP,SOV,HDWL,1-1/2""""";8276,04
MVP40-1ADM-H/4151;H_VC;"MVP40,1-1/2"""" DUAL REG RGA,MTR CMP,SOV,HDWL,2""""SW CO";8523,36
MVP40-1ADM-H/4162;H_VC;"MVP40,1-1/2""""DUAL REG RGA,MTR CMP,SOV,HDWL,2-1/2""""BW";9159,48
MVP40-1ADS/4151;H_VC;"MVP40,1-1/2"""" DUAL RG A,ELEC SO,SOV,2""""SW CONN";7101
MVP40-1ADS/4162;H_VC;"MVP40,1-1/2"""" DUAL REG RG.A ELEC SO,SOV,2-1/2"""" BW";7737,12
MVP40-1ADS/B162;H_VC;"MVP40,1-1/2""""DUAL RG.A 50%,RED,ELEC SO,SOV,2-1/2""""BW";7737,12
MVP40-1A-H/4141;H_VC;"MVP40,1-1/2"""" REG, RG. A,SOV,HDWL,1-1/2"""" SW CONN";5361,12
MVP40-1AK/4141;H_VC;"MVP40,1-1/2"""" HA4AK RG.A,SOV,1-1/2"""" SW CONN";5302,8
MVP40-1AK/4151;H_VC;"MVP40, 1-1/2"""" HA4AK RG.A, SOV, 2"""" SW CONN";5550,12
MVP40-1AK/4162;H_VC;"MVP40,1-1/2"""" HA4AK RG.A,SOV,2-1/2"""" BW CONN";6186,24
MVP40-1AK/A141;H_VC;"MVP40,1-1/2"""" HA4AK RG.A,SOV,25% RED,1-1/2"""" SW";5302,8
MVP40-1AK/B151;H_VC;"MVP40, 1-1/2"""" HA4AK RG.A, 50% RED, SOV, 2"""" SW CONN";5550,12
MVP40-1AK-H/4141;H_VC;"MVP40,1-1/2""""HA4AK,RGA,SOV,HDWL,1-1/2""""SW CONN";5483,16
MVP40-1AL/4141;H_VC;"MVP40,1-1/2"""" DIFF PRES REG RG.A,SOV,1-1/2"""" SW CONN";5556,6
MVP40-1AL-E/4141;H_VC;"MVP40,1-1/2"""" DIFF PRES RG.A,SOV,EXT NECK,1-1/2""""SW";5964,84
MVP40-1AO/4141;H_VC;"MVP40,1-1/2"""" OUT PRESS REG,RG.V,SOV,1-1/2""""SW CONN";5748,84
MVP40-1AO/4162;H_VC;"MVP40,1-1/2"""" OUT PRESS REG,RG.V,SOV,2-1/2"""" BW CONN";6632,28
MVP40-1AO/4341;H_VC;"MVP40,1-1/2"""" OUT PRESS REG,RG.B,SOV,1-1/2""""SW CONN";5748,84
MVP40-1AO/4351;H_VC;"MVP40,1-1/2"""" OUTLET PRESS REG,RG.B,SOV,2"""" SW CONN";5996,16
MVP40-1AO-H/4141;H_VC;"MVP40,1-1/2"""" OUT PRES REG,RG.V,SOV,HDWL,1-1/2""""SW";5930,28
MVP40-1AOS/4141;H_VC;"MVP40,1-1/2"""" OUT PRES REG,RGV ELEC,SOV,1-1/2""""SW CO";6294,24
MVP40-1AOS/4151;H_VC;"MVP40,1-1/2"""" OUTLET PRESS REG, RG.V ELEC,SOV,2"""" SW";6541,56
MVP40-1AOS/B151;H_VC;"MVP40,1-1/2"""" 50% RED PORT, OUTLET,REG, RG.V ELEC,S";6541,56
MVP40-1AOS-H/4141;H_VC;"MVP40,1-1/2""""OUT PRES REG,RG.V ELEC,SOV,HDWL,1-1/2""""";6475,68
MVP40-1AOS-H/4341;H_VC;"MVP40,1-1/2""""OUT PRES REG,RG.B ELEC,SOV,HDWL,1-1/2""""";6475,68
MVP40-1AS/4141;H_VC;"MVP40,1-1/2"""" REG RG.A,ELEC,SOV,1-1/2"""" SW CONN";5725,08
MVP40-1AS/4151;H_VC;"MVP40,1-1/2"""" REG RG.A,ELEC SO,SOV,2"""" SW CONN";5972,4
MVP40-1AS/4152;H_VC;"MVP40,1-1/2"""" REG RG.A,ELEC SO,SOV,2""""BW CONN";5972,4
MVP40-1AS/4162;H_VC;"MVP40,1-1/2"""" REG RG.A,ELEC SO,SOV,2-1/2"""" BW CONN";6608,52
MVP40-1AS/4541;H_VC;"MVP40,1-1/2"""" REG RG.V,ELEC,SOV,1-1/2"""" SW CONN";6042,6
MVP40-1AS/4551;H_VC;"MVP40,1-1/2"""" REG RG.V,ELEC SO,SOV,2"""" SW CONN";6289,92
MVP40-1AS/A141;H_VC;"MVP40,1-1/2"""" REG RG.A,ELEC,SOV,25% RED,1-1/2"""" SW";5725,08
MVP40-1AS/A151;H_VC;"MVP40,1-1/2"""" REG RG.A,ELEC SO,SOV,25% RED,2"""" SW";5972,4
MVP40-1AS/B141;H_VC;"MVP40,1-1/2"""" REG RG A,ELEC,SOV,50% RED,1-1/2"""" SW";5725,08
MVP40-1AS/B151;H_VC;"MVP40,1-1/2"""" REG RG.A,ELEC,SOV,50% RED,2"""" SW CONN";5972,4
MVP40-1AS/B152;H_VC;"MVP40,1-1/2"""" REG RG.A,ELEC SO,50%RED,SOV,2""""BW CONN";5972,4
MVP40-1AS/B162;H_VC;"MVP40,1-1/2""""REG RG.A,ELEC SO,SOV,50% RED,2-1/2"""" BW";6608,52
MVP40-1ASB/4151;H_VC;"MVP40,1-1/2"""" REG RG.A,ELEC SO,WO,SOV,2""""SW CONN";6521,04
MVP40-1ASB/4162;H_VC;"MVP40,1-1/2"""" REG RG.A,ELEC SO,WO,SOV,2-1/2""""BW CONN";7153,92
MVP40-1AS-H/4141;H_VC;"MVP40,1-1/2"""" REG RG.A ELEC SO,SOV,HDWL,1-1/2"""" SW";5906,52
MVP40-1AS-H/4151;H_VC;"MVP40,1-1/2"""" REG RG.A,ELEC SO,SOV,HW,2"""" SW CONN";6232,68
MVP40-1-H/4041;H_VC;"MVP40,1-1/2"""" SOL,SOV,HDWL,1-1/2"""" SW CONN";5398,92
MVP40-1MCR/4041;H_VC;"MVP40,1-1/2""""MCR,SOV,1-1/2""""SW CONN";11131,56
MVP40-1MCR/4051;H_VC;"MVP40,1-1/2""""MCR,SOV,2""""SW CONN";11381,04
MVP40-1MCV/4041;H_VC;"MVP40,1-1/2""""MCV,SOV,1-1/2""""SW CONN";11131,56
MVP40-1MCV/4042;H_VC;"MVP40,1-1/2""""MCV,SOV,1-1/2""""BW CONN";11131,56
MVP40-1MCV/4051;H_VC;"MVP40,1-1/2""""MCV,SOV,2""""SW CONN";11381,04
MVP40-1MCV/4062;H_VC;"MVP40,1-1/2""""MCV,SOV,2-1/2""""BW CONN";11869,2
MVP40-1SD/4041;H_VC;"MVP40,1-1/2"""" 2-STEP SOLENOID,SOV,1-1/2"""" SW CONN";6271,56
MVP40-1SD/4042;H_VC;"MVP40,1-1/2"""" 2-STEP SOLENOID,SOV,1-1/2"""" BW CONN";6271,56
MVP40-1SD/4051;H_VC;"MVP40,1-1/2"""" 2-STEP SOLENOID,SOV,2"""" SW CONN";6518,88
MVP40-1SD/4052;H_VC;"MVP40,1-1/2"""" 2-STEP SOLENOID,SOV,2"""" BW CONN";6518,88
MVP40-1SD/4062;H_VC;"MVP40,1-1/2"""" 2-STEP SOLENOID,SOV,2-1/2"""" BW CONN";7153,92
MVP40-1SD/B041;H_VC;"MVP40,1-1/2"""" 2-STEP SOL,SOV,50% RED,1-1/2"""" SW CONN";6271,56
MVP40-1SD/B051;H_VC;"MVP40,1-1/2"""" 2-STEP SOL,SOV,50%RED,2"""" SW CONN";6518,88
MVP40-2/4041;H_VC;"MVP40, 1-1/2"""" SOL, HEV, 1-1/2"""" SW CONN";5340,6
MVP40-2/4042;H_VC;"MVP40, 1-1/2"""" SOL, HEV, 1-1/2"""" BW CONN";5340,6
MVP40-2/4051;H_VC;"MVP40, 1-1/2"""" SOL, HEV, 2"""" SW CONN";5584,68
MVP40-2/4052;H_VC;"MVP40, 1-1/2"""" SOL, HEV, 2"""" BW CONN";5584,68
MVP40-2/4062;H_VC;"MVP40, 1-1/2"""" SOL, HEV, 2-1/2"""" BW CONN";6537,24
MVP40-2/B041;H_VC;"MVP40,1-1/2"""" SOL,HEV,50% RED,1-1/2"""" SW CONN";5340,6
MVP40-2/B051;H_VC;"MVP40,1-1/2"""" SOL,50% RED,HEV,2""""SW CONN";5584,68
MVP40-2/B062;H_VC;"MVP40,1-1/2"""" SOL,HEV,50% RED,2-1/2"""" BW CONN";6537,24
MVP40-2-E/4041;H_VC;"MVP40, 1-1/2"""" SOL, HEV, EXT NECK,SS TRIM, 1-1/2""""SW";5746,68
MVP40-2-H/4041;H_VC;"MVP40,1-1/2"""" SOL,HEV,HDWL,1-1/2"""" SW CONN";5519,88
MVP40-2-HE/4041;H_VC;"MVP40,1-1/2""""SOL,HEV,HDWL,EXT NECK,1-1/2"""" SW CONN";5930,28
MVP40-2SD/4041;H_VC;"MVP40,1-1/2"""" 2-STEP SOLENOID,HEV,1-1/2"""" SW CONN";7045,92
MVP40-2SD/4042;H_VC;"MVP40,1-1/2"""" 2-STEP SOLENOID,HEV,1-1/2"""" BW CONN";7045,92
MVP40-2SD/4051;H_VC;"MVP40, 1-1/2"""" 2-STEP SOLENOID, HEV, 2"""" SW CONN";7045,92
MVP40-2SD/4062;H_VC;"MVP40,1-1/2"""" 2-STEP SOL,HEV,2-1/2"""" BW CONN";7045,92
MVP40-2SD-H/4041;H_VC;"MVP40,1-1/2"""" 2 STEP SOL,HEV,HDWL,1-1/2"""" SW CONN";7045,92
MVP40-3/4041;H_VC;"MVP40, 1-1/2"""" SOL, SCKHEV, 1-1/2"""" SW CONN";6123,6
MVP40-3/4042;H_VC;"MVP40,1-1/2"""" SOL,SCKHEV,1-1/2"""" BW CONN";6123,6
MVP40-3/4051;H_VC;"MVP40, 1-1/2"""" SOL, SCKHEV, 2"""" SW CONN";6364,44
MVP40-3/B041;H_VC;"MVP40,1-1/2"""" SOL,SCKHEV,50% RED,1-1/2"""" SW CONN";6123,6
MVP40-3-50/4041;H_VC;"MVP40,1-1/2"""" SOL,2"""" SCKHEV,1-1/2"""" SW CONN";6123,6
MVP40-3-H/4041;H_VC;"MVP40,1-1/2"""" SOL,SCKHEV,HDWL,1-1/2"""" SW CONN";6307,2
MVP40-3SD/4041;H_VC;"MVP40,1-1/2"""", 2-STEP SOL, SCKHEV, 1-1/2"""" SW";7177,68
MVP40-3SD/4051;H_VC;"MVP40,1-1/2"""" 2-STEP SOL,SCKHEV,2"""" SW CONN";7418,52
MVP40-4/4041;H_VC;"MVP40,1-1/2"""" SOL, SCK, 1-1/2"""" SW CONN";5999,4
MVP40-4/4051;H_VC;"MVP40,1-1/2"""" SOL, SCK, 2"""" SW CONN";6245,64
MVP40-4/4062;H_VC;"MVP40,1-1/2"""" SOL, SCK, 2-1/2"""" BW CONN";6882,84
MVP40-4/B041;H_VC;"MVP40,1-1/2"""" SOL,50% RED,SCK,1-1/2"""" SW CONN";5999,4
MVP40-4A/4141;H_VC;"MVP40,1-1/2"""" REG RG.A,SCK,1-1/2"""" SW CONN";5958,36
MVP40-4A/4151;H_VC;"MVP40, 1-1/2"""" REG RG.A, SCK, 2"""" SW CONN";6206,76
MVP40-4ABK/4141;H_VC;"MVP40,1-1/2"""" HA4ABK,SCK,1-1/2"""" SW CONN";6625,8
MVP40-4ABK/4142;H_VC;"MVP40, 1-1/2"""" HA4ABK, SCK, 1-1/2"""" BW CONN";6625,8
MVP40-4ABK/4151;H_VC;"MVP40,1-1/2"""" HA4ABK,RG.A,SCK,2"""" SW CONN";6874,2
MVP40-4AD/4151;H_VC;"MVP40,1-1/2"""" DUAL REG RG.A,SCK,2"""" SW CONN";7335,36
MVP40-4ADS/B151;H_VC;"MVP40,1-1/2""""DUAL RG.A 50% RED,ELEC SO,SCK,2""""SW CON";7880,76
MVP40-4AK/4141;H_VC;"MVP40,1-1/2"""" HA4AK RG.A,SCK,1-1/2"""" SW CONN";6081,48
MVP40-4AK/4151;H_VC;"MVP40, 1-1/2"""" HA4AK RG.A, SCK, 2"""" SW CONN";6329,88
MVP40-4AK/4162;H_VC;"MVP40, 1-1/2"""" HA4AK RG.A, SCK, 2-1/2"""" BW CONN";6446,52
MVP40-4AK/4341;H_VC;"MVP40,1-1/2"""" HA4AK RG.B,SCK,1-1/2"""" SW CONN";6082,56
MVP40-4AK/B141;H_VC;"MVP40,1-1/2"""" HA4AK RG.A,SCK,50% RED,1-1/2"""" SW CONN";6082,56
MVP40-4AO/4141;H_VC;"MVP40,1-1/2"""" OUT PRESS REG,RG.V,SCK,1-1/2""""SW CONN";6526,44
MVP40-4AOS/4151;H_VC;"MVP40,1-1/2"""" OUTLET REG RG.V,ELEC,SCK,2""""SW CONN";7320,24
MVP40-4AOS/B141;H_VC;"MVP40,1-1/2"""" OUT RG.V,ELEC,SCK,50%RED,1-1/2""""SW CON";7071,84
MVP40-4AS/4141;H_VC;"MVP40,1-1/2""""REG ELEC SO,RG.A,SCK,1-1/2""""SW CONN";6503,76
MVP40-4AS-S/4141;H_VC;"MVP40,1-1/2""""ELEC SO,RG.A,100 MESH,SCK,1-1/2""""SW";6868,8
MVP40-4-S/4051;H_VC;"MVP40,1-1/2"""" SOL,SCK,100 MESH,2"""" SW CONN";6400,08
MVP40-4-S/4062;H_VC;"MVP40,1-1/2"""" SOL,SCK,100 MESH,2-1/2"""" BW CONN";7013,52
MVP40-4SD/4041;H_VC;"MVP40,1-1/2"""" 2-STEP SOLENOID,SCK,1-1/2"""" SW CONN";7053,48
MVP40-4SD/4051;H_VC;"MVP40,1-1/2"""" 2-STEP SOLENOID,SCK,2"""" SW CONN";7053,48
MVP40-4SD/4062;H_VC;"MVP40,1-1/2"""" 2-STEP SOLENOID,SCK,2-1/2"""" BW CONN";7053,48
MVP40-5/4041;H_VC;"MVP40, 1-1/2"""" SOL, CHECK, 1-1/2"""" SW CONN";5200,2
MVP40-5AK/4141;H_VC;"MVP40,1-1/2"""" HA4AK RG.A,CHECK,1-1/2"""" SW CONN";5282,28
MVP40-6/4041;H_VC;"MVP40,1-1/2"""" SOL,BLANK,1-1/2"""" SW CONN";4420,44
MVP40-6/4051;H_VC;"MVP40,1-1/2""""SOLENOID,BLANK,2""""SW CONN";4544,64
MVP40-6AD/4151;H_VC;"MVP40,1-1/2"""" DUAL REG RG. A,BLANK,2"""" SW CONN";5632,2
MVP40-6AS/4141;H_VC;"MVP40,1-1/2"""" REG RGA,ELEC SO,BLANK,1-1/2"""" SW CONN";4924,8
MVP40-6-H/4041;H_VC;"MVP40,1-1/2"""" SOL,BLANK,HDWL,1-1/2"""" SW CONN";4602,96
MVP40-7MCR/4041;H_VC;"MVP40,1-1/2""""SOLENOID,MCR,1-1/2""""SW CONN";12960
MVP40-7MCR/4051;H_VC;"MVP40,1-1/2""""SOLENOID,MCR,2""""SW CONN";13061,52
MVP40-7MCR/4052;H_VC;"MVP40,1-1/2""""SOLENOID,MCR,2""""BW CONN";13061,52
MVP40-7MCR/4062;H_VC;"MVP40,1-1/2""""SOLENOID,MCR,2-1/2""""BW CONN";14010,84
MVP40-7MCRB/4041;H_VC;"MVP40,1-1/2""""SOLENOID,MCRB,1-1/2""""SW CONN,50%VPORT";12814,2
MVP40-7MCV/4041;H_VC;"MVP40,1-1/2""""SOLENOID,MCV,1-1/2""""SW CONN";12814,2
MVP40-7MCV/4062;H_VC;"MVP40,1-1/2""""SOLENOID,MCV,2-1/2""""BW CONN";14010,84
MVP50-1/5051;H_VC;"MVP50, 2"""" SOLENOID, SOV, 2"""" SW CONN";5734,8
MVP50-1/5052;H_VC;"MVP50, 2"""" SOLENOID, SOV, 2"""" BW CONN";5734,8
MVP50-1/5062;H_VC;"MVP50,2"""" SOLENOID,SOV,2-1/2"""" BW CONN";6370,92
MVP50-1A/5151;H_VC;"MVP50, 2"""" REG RG. A, SOV, 2"""" SW CONN";5794,2
MVP50-1A/5162;H_VC;"MVP50,2"""" REG RG. A,SOV,2-1/2"""" BW CONN";6414,12
MVP50-1AB/5151;H_VC;"MVP50,2"""" REG RG.A WO,SOV,2"""" SW CONN";6339,6
MVP50-1AB/5162;H_VC;"MVP50,2"""" REG RG.A WO,SOV,2-1/2"""" BW CONN";6959,52
MVP50-1ABK/5151;H_VC;"MVP50,2"""" HA4ABK, RG.A,WO,SOV,2"""" SW CONN";6460,56
MVP50-1AD/5151;H_VC;"MVP50,2"""" DUAL REG RG. A,SOV,2"""" SW CONN";6922,8
MVP50-1AD/5162;H_VC;"MVP50,2"""" DUAL REG RG. A/A,SOV,2-1/2"""" BW CONN";7542,72
MVP50-1AD/5163;H_VC;MVP50,DUAL REG RG.A,SOV,2-5/8 ODS CONN;7542,72
MVP50-1AD/5462;H_VC;"MVP50,2"""" DUAL REG RG. B/B,SOV,2-1/2"""" BW CONN";7542,72
MVP50-1AD-H/5162;H_VC;"MVP50,2"""" DUAL REG RG. A/A,SOV,HDWL,2-1/2"""" BW CONN";7723,08
MVP50-1ADM/5162;H_VC;"MVP50,2"""" DUAL REG RG. A,MTR CMP,SOV,2-1/2"""" BW CONN";9329,04
MVP50-1ADM-H/5151;H_VC;"MVP50,2"""" DUAL REG RG.A,MTR CMP,HDWL,SOV,2""""SW CONN";8890,56
MVP50-1ADM-H/5162;H_VC;"MVP50,2"""" DUAL REG RGA,MTR CMP,HDWL,SOV,2-1/2""""BW CO";9510,48
MVP50-1ADS/5151;H_VC;"MVP50,2"""" DUAL PRESS REG RG.A,ELEC SO,SOV,2"""" SW";7468,2
MVP50-1ADS/5162;H_VC;"MVP50,2"""" DUAL PRESS REG RG.A,ELEC SO,SOV,2-1/2""""BW";8088,12
MVP50-1ADSB/5162;H_VC;"MVP50,2"""" DUAL REG RG.A ELEC SO,WO,SOV,2-1/2""""BW";8635,68
MVP50-1ADS-H/5151;H_VC;"MVP50,2"""" DUAL PRESS REG RG.A,ELEC SO,SOV,HW,2"""" SW";7649,64
MVP50-1A-H/5151;H_VC;"MVP50, 2"""" REG RG. A, SOV, HDWL, 2"""" SW CONN";5975,64
MVP50-1AK/5151;H_VC;"MVP50,2"""" HA4AK, RG.A,SOV,2"""" SW CONN";5917,32
MVP50-1AK/5162;H_VC;"MVP50,2"""" HA4AK,RG.A,SOV,2-1/2"""" BW CONN";6537,24
MVP50-1AO/5151;H_VC;"MVP50,2"""" OUTLET PRES REG RG.V,SOV,2"""" SW CONN";6363,36
MVP50-1AO/5162;H_VC;"MVP50,2"""" OUTLET PRESS REG RG.V,SOV,2-1/2"""" BW CONN";6983,28
MVP50-1AO/5351;H_VC;"MVP50,2"""" OUTLET PRESS REG RG.B,SOV,2"""" SW CONN";6363,36
MVP50-1AO/5362;H_VC;"MVP50,2"""" OUTLET PRESS REG RG.B,SOV,2-1/2"""" BW CONN";6983,28
MVP50-1AOB/5151;H_VC;"MVP50,2"""" OUTLET REG RG.V,WO,SOV, 2"""" SW CONN";6906,6
MVP50-1AOS/5151;H_VC;"MVP50,2"""" OUTLET PRES REG RG.V,ELEC,SOV,2"""" SW CONN";6908,76
MVP50-1AOS/5162;H_VC;"MVP50,2"""" OUT PRES REG RG V ELEC,SOV,2-1/2"""" BW CONN";7528,68
MVP50-1AOS/5351;H_VC;"MVP50,2"""" OUTLET PRES REG RG.B,ELEC,SOV,2"""" SW CONN";6908,76
MVP50-1AOS/5362;H_VC;"MVP50,2"""" OUT PRES REG RG.B ELEC,SOV,2-1/2"""" BW CONN";7528,68
MVP50-1AS/5151;H_VC;"MVP50,2"""" REG ELEC SO,RG. A,SOV,2"""" SW CONN";6339,6
MVP50-1AS/5152;H_VC;"MVP50,2"""" REG,RG.A,ELEC SO,2""""BW CONN";6339,6
MVP50-1AS/5162;H_VC;"MVP50,2"""" REG RG.A,ELEC SO,2-1/2"""" BW CONN";6959,52
MVP50-1AS/5351;H_VC;"MVP50,2"""" REG ELEC SO,RG. B,SOV,2"""" SW CONN";6339,6
MVP50-1AS/A151;H_VC;"MVP50,2"""" REG ELEC SO,RG.A,SOV,25% RED,2"""" SW CONN";6339,6
MVP50-1ASB/5151;H_VC;"MVP50,2"""" REG RG.A,ELEC SO,WO,SOV,2"""" SW CONN";6885
MVP50-1ASB/5162;H_VC;"MVP50,2"""" REG RG.A,ELEC SO,WO,SOV,2-1/2"""" BW CONN";7507,08
MVP50-1AS-H/5151;H_VC;"MVP50,2"""" REG ELEC SO,RG. A,HDWL, SOV,2"""" SW CONN";6522,12
MVP50-1-H/5051;H_VC;"MVP50, 2"""" SOL, SOV, HDWL, 2"""" SW CONN";5917,32
MVP50-1MCR/5051;H_VC;"MVP50,2""""MCR,SOV,2""""SW CONN";11651,04
MVP50-1MCV/5051;H_VC;"MVP50,2""""MCV,SOV,2""""SW CONN";11651,04
MVP50-1MCV/5062;H_VC;"MVP50,2""""MCV,SOV,2-1/2""""BW CONN";12287,16
MVP50-1SD/5051;H_VC;"MVP50,2"""" 2-STEP SOLENOID,SOV,2"""" SW CONN";6788,88
MVP50-1SD/5062;H_VC;"MVP50,2"""" 2-STEP SOL,SOV,2-1/2"""" BW CONN";6788,88
MVP50-2/5051;H_VC;"MVP50, 2"""" SOLENOID, HEV, 2"""" SW CONN";5853,6
MVP50-2/5062;H_VC;"MVP50, 2"""" SOLENOID, HEV, 2-1/2"""" BW CONN";6811,56
MVP50-2-E/5051;H_VC;"MVP50,2"""" SOL,HEV,EXT NECK,SS TRIM,2"""" SW CONN";6261,84
MVP50-2-H/5051;H_VC;"MVP50, 2"""" SOLENOID, HEV, HDWL, 2"""" SW CONN";6033,96
MVP50-2-NO/5051;H_VC;"MVP50,2"""" SOLENOID,HEV,NO,2"""" SW CONN";6167,88
MVP50-2SD/5051;H_VC;"MVP50,2"""" 2-STEP SOLENOID,HEV,2"""" SW CONN";6907,68
MVP50-2SD/5062;H_VC;"MVP50,2"""" 2-STEP SOLENOID,HEV,2-1/2"""" BW CONN";7865,64
MVP50-2SD-H/5051;H_VC;"MVP50,2"""" 2-STEP SOLENOID,HDWL,HEV,2"""" SW CONN";7088,04
MVP50-3/5051;H_VC;"MVP50, 2"""" SOL, SCKHEV, 2"""" SW CONN";6740,28
MVP50-3/5052;H_VC;"MVP50, 2"""" SOL, SCKHEV, 2"""" BW CONN";6740,28
MVP50-3/5062;H_VC;"MVP50, 2"""" SOL, SCKHEV, 2-1/2"""" BW CONN";7691,76
MVP50-3-H/5051;H_VC;"MVP50,2"""" SOL,SCKHEV,HDWL,2"""" SW CONN";6923,88
MVP50-3SD/5051;H_VC;"MVP50,2"""" TWO-STEP SOL,SCKHEV,2"""" SW CONN";7794,36
MVP50-3SD/5062;H_VC;"MVP50,2"""" TWO-STEP SOL,SCKHEV,2-1/2"""" BW CONN";8745,84
MVP50-4/5051;H_VC;"MVP50, 2"""" SOL, SCK, 2"""" SW CONN";6623,64
MVP50-4/5062;H_VC;"MVP50, 2"""" SOL, SCK, 2-1/2"""" BW CONN";7258,68
MVP50-4A/5151;H_VC;"MVP50, 2"""" REG RG. A, SCK, 2"""" SW CONN";6666,84
MVP50-4A/5162;H_VC;"MVP50, 2"""" REG RG. A, SCK, 2-1/2"""" BW CONN";7298,64
MVP50-4ABK/5151;H_VC;"MVP50, 2"""" HA4ABK, SCK, 2"""" SW CONN";7335,36
MVP50-4AD/5151;H_VC;"MVP50,2"""" DUAL REG RG.A, SCK,2"""" SW CONN";7795,44
MVP50-4ADK-H/5162;H_VC;"MVP50,2"""" DUAL HA4AK RG A/A,SCK,HW,2-1/2"""" BW CONN";8733,96
MVP50-4AK/5151;H_VC;"MVP50, 2"""" HA4AK RG.A, SCK, 2"""" SW CONN";6789,96
MVP50-4AK/5162;H_VC;"MVP50, 2"""" HA4AK RG A, SCK, 2-1/2"""" BW CONN";7421,76
MVP50-4AOS/5151;H_VC;"MVP50,2"""" OUTLET PRES REG RG.V,ELEC,SCK,2"""" SW CONN";7928,28
MVP50-4AOS/5351;H_VC;"MVP50,2"""" OUTLET PRES REG RG.B,ELEC,SCK,2"""" SW CONN";7782,48
MVP50-4AS/5151;H_VC;"MVP50,2"""" REG ELEC SO,RG.A,SCK,2"""" SW CONN";7213,32
MVP50-4-H/5051;H_VC;"MVP50,2""""SOL.SCK.HDWL,2""""SW CONN";6805,08
MVP50-4SD/5051;H_VC;"MVP50,2"""" 2-STEP SOLENOID,SCK,2"""" SW CONN";7677,72
MVP50-5/5051;H_VC;"MVP50,2"""" SOL,CHECK,2"""" SW CONN";5698,08
MVP50-5AK/5151;H_VC;"MVP50,2"""" HA4AK,RG.A,CHECK,2"""" SW CONN";5935,68
MVP50-6/5051;H_VC;"MVP50, 2"""" SOL, BLANK, 2"""" SW CONN";4810,32
MVP50-6/5062;H_VC;"MVP50, 2"""" SOL, BLANK, 2-1/2"""" BW CONN";5127,84
MVP50-7MCR/5051;H_VC;"MVP50,2""""SOLENOID,MCV,2""""SW CONN";13327,2
MVP50-7MCR/5062;H_VC;"MVP50,2""""SOLENOID,MCR,2-1/2""""BW CONN";13794,84
MVP50-7MCR-H/5051;H_VC;"MVP50,2""""SOLENOID,MCR,HW,2"""" SW CONN";13506,48
MVP50-7MCV/5051;H_VC;"MVP50,2""""SOLENOID,MCV,2""""SW CONN";13327,2
MVP50-7MCV-H/5062;H_VC;"MVP50,2""""SOLENOID,MCV,HW,2-1/2""""BW CONN";14603,76
MVP65-1/6062;H_VC;"MVP65, 2-1/2"""", SOL, SOV, 2-1/2"""" BW CONN";7718,76
MVP65-1A/6162;H_VC;"MVP65, 2-1/2"""" REG, RG A, SOV, 2-1/2"""" BW CONN";7293,24
MVP65-1AD/6162;H_VC;"MVP65,2-1/2"""" DUAL REG,RG A/A,SOV,2-1/2"""" BW CONN";8421,84
MVP65-1AS/6162;H_VC;"MVP65, 2-1/2"""" REG ELEC SO, RG A, SOV, 2-1/2"""" BW CO";7838,64
MVP65-1HCK/6062;H_VC;"MVP65, 2-1/2"""" HCK5D, SOV, 2-1/2"""" BW CON";8008,2
MVP65-1MCV/6062;H_VC;"MVP65, 2-1/2"""", MCV, SOV, 2-1/2"""" BW CON";13390,92
MVP80-1/7072;H_VC;"MVP80, 3"""", SOL, SOV, 3"""" BW CONN";11303,28
MVP80-1A/7172;H_VC;"MVP80, 3"""", REG, RG A, SOV, 3"""" BW CONN";10549,44
MVP80-1AD/7172;H_VC;"MVP80,3"""",DUAL REG,RG. A/A,SOV,3"""" BW CONN";11678,04
MVP80-1AD/7272;H_VC;"MVP80,3"""",DUAL REG,RG. A/B,SOV,3"""" BW CONN";11678,04
MVP80-1HCK/7072;H_VC;"MVP80, 3"""", HCK, SOV, 3"""" BW CONN";10410,12
MVP80-1MCV/7072;H_VC;"MVP80, 3"""", MCV, SOV, 3"""" BW CONN";16646,04
PVA/1;H_VC;"DUAL PILOT SOL VALVE ASSM FOR HS9B,1/2""""SW FLGS.";935,28
RDA1/150;H_VC;"RUP DISC ASSEM,1/2""""MPT, W/TWO 1/8"""" CONN,SET@150PSI";861,84
RDA1/250;H_VC;"RUP DISC ASSEM,1/2""""MPT, W/TWO 1/8"""" CONN,SET@250PSI";861,84
RDA1/300;H_VC;"RUP DISC ASSEM,1/2""""MPT, W/TWO 1/8"""" CONN,SET@300PSI";861,84
RDA1/350;H_VC;"RUPTURE DISC ASSY,1/2""""MPT,W/2 1/8"""" CONN,SET@350PSI";1721,52
RDA1/400;H_VC;"RUPTURE DISC ASSM 1/2""""MPT W/(2)1/8""""CONN.SET@400#";1721,52
RDA2/150;H_VC;"RUP DISC ASSEM,3/4""""MPT, W/TWO 1/8"""" CONN,SET@150PSI";1108,08
RDA2/250;H_VC;"RUP DISC ASSEM,3/4""""MPT, W/TWO 1/8"""" CONN,SET@250PSI";1108,08
RDA2/300;H_VC;"RUP DISC ASSEM 3/4""""MPT, W/TWO 1/8"""" CONN,SET@300PSI";1108,08
RDA2/350;H_VC;"RUP DISC ASSY 3/4""""MPT,W/TWO 1/8"""" CONN SET@350PSI";2214
RDA2/400;H_VC;"RUP DISC ASSY 3/4""""MPT,W/TWO 1/8"""" CONN SET@400PSI";5785,56
RDA4A/150;H_VC;"RUPTURE DISC ASSY,1""""MPTxFPT,1/8""""CONN.SET@150 PSI";1506,6
RDA4A/250;H_VC;"RUPTURE DISC ASSY,1""""MPTxFPT,1/8""""CONN.SET@250 PSI";1506,6
RDA4A/300;H_VC;"RUPTURE DISC ASSY,1""""MPTxFPT,1/8""""CONN.SET@300 PSI";1506,6
RDA4A/350;H_VC;"RUPTURE DISC ASSY,1""""MPTxFPT,1/8""""CONN.SET@350 PSI";2509,92
RDA5A/150;H_VC;"RUPT DISC ASSY,1-1/4""""MPTxFPT,1/8""""CONN,SET@150 PSI";1585,44
RDA5A/250;H_VC;"RUPT DISC ASSY,1-1/4"""" MPTxFPT,1/8""""CONN.,SET@250PSI";1585,44
RDA5A/300;H_VC;"RUPT DISC ASSY,1-1/4"""" MPTxFPT,1/8""""CONN.,SET@300PSI";1585,44
RDA5A/350;H_VC;"RUPT DISC ASSY,1-1/4"""" MPTxFPT,1/8""""CONN,SET@350PSI";2895,48
RS150C;H_VC;"1-1/2""""REFRIG EXP REG. GLOBE,SW,SC";749,52
RS150H;H_VC;"1-1/2"""" NH3 EXP REG. GLOBE, SW, BAR HANDLE";749,52
RS200C;H_VC;"2""""REFRIG.EXP.REGULATOR GLOBE,SOCKET WELD,SC";848,88
RS200H;H_VC;"2"""" NH3 EXP REGULATOR GLOBE, SW, BAR HANDLE";848,88
RSB051C;H_VC;"1/2"""" EXP. REG. GLOBE,BLTD. BON,SW,SC,T-STYLE";301,32
RSB051H;H_VC;"1/2""""EXP.REG.GLOBE,BLTD.BON,SW,HW,T-STYLE";301,32
RSB076C;H_VC;"3/4"""" EXP.REG.GLOBE, BLTD. BONNET, SW, SC, T-STYLE";336,96
RSB076H;H_VC;"3/4"""" EXP.REG.GLOBE, BLTD BON, SW,T-STYLE, BAR HNDL";336,96
RSB101C;H_VC;"SHUTOFF VLV,T-STY EXPANSION GLOBE SC,1"""" SW,4-BLT";394,2
RSB101H;H_VC;"1"""" EXP REG, GLOBE, T-STY ,BLT BNT, SW, BAR HANDLE";394,2
RSB126C;H_VC;"1-1/4""""EXPANSN VLV,T-STY GLOBE SC 1-1/4"""" SW,4-BLT";491,4
RSB126H;H_VC;"1-1/4"""" VLV, T-STY EXP GLOBE SW, 4-BLT, BAR HANDLE";491,4
RSE051C;H_VC;"1/2"""" EXP VLV,GLB. EXT.NCK,BLT.BNT,T-STYLE,SW,SC";427,68
RSE051H;H_VC;"1/2"""" H.E.V, GLB. EXT. NECK, T-STY, SW, BAR HANDLE";427,68
RSE076C;H_VC;"3/4"""" EXP VLV,GLB.EXT.NECK,BLT.BNT,T-STYLE,SW,SC";490,32
RSE076H;H_VC;"3/4"""" EXP VLV,GLB.EXT.NECK,BLT.BNT,T-STYLE,SW,HW";490,32
RSE101C;H_VC;"1"""" EXP VALVE,GLB.EXT.NECK,BLT.BONNET,T-STYLE,SW,SC";579,96
RSE101H;H_VC;"1"""" EXP VLV, GLB, EXT.NECK, T-STYLE, SW, BAR HANDLE";579,96
RSE126C;H_VC;"1-1/4"""" HEV, GLB.EXT.NECK,BLT.BNT,T-STYLE,SW,SC";714,96
RSE126H;H_VC;"1-1/4""""EXP VALVE,GLB.EXT.NCK,BLT. BNT,T-STYL,SW,HW";714,96
RSE150C;H_VC;"1-1/2""""EXP.VALVE,GLB,SW,EXTENDED NECK,SC";981,72
RSE150H;H_VC;"1-1/2""""EXP.VALVE,GLB,SW, EXTENDED NECK, HW";981,72
RSE200C;H_VC;"2""""EXP. VALVE,GLB,SW,EXTENDED NECK,SC";1081,08
RSE200H;H_VC;"2""""EXP. VALVE,GLB,SW,EXTENDED NECK,HW";1081,08
RT038C;H_VC;"3/8"""" REFRIG.EXP REG. GLOBE,THREADED,SC";249,48
RT038H;H_VC;"3/8"""" NH3 EXP REG, GLB, THREADED, BAR HANDLE";249,48
RT051C;H_VC;"1/2"""" REFRIG EXP REG.GLOBE, THREADED,SC";258,12
RT051H;H_VC;"1/2"""" NH3 EXP REG, GLB, THREADED, BAR HANDLE";258,12
RT076C;H_VC;"3/4""""REFRIG.EXP.REG. GLOBE,THREADED,SC";289,44
RT076H;H_VC;"3/4"""" NH3 EXP REG, GLB, THREADED, BAR HANDLE";289,44
RTB051C;H_VC;"VALVE, T-STYLE EXPANSION GLOBE SC 1/2"""" THD, 4-BOLT";294,84
RTB051H;H_VC;"VALVE, T-STYLE EXPANSION GLOBE HW 1/2"""" THD, 4-BOLT";294,84
RTB076C;H_VC;"VALVE, T-STYLE EXPANSION GLOBE SC 3/4"""" THD, 4-BOLT";330,48
RTB076H;H_VC;"3/4"""" EXP VALVE,THD,T-STYLE EXP GLB,4-BOLT,BAR HNDL";330,48
RTB101C;H_VC;"VALVE, T-STYLE EXPANSION GLOBE SC 1"""" THD, 4-BOLT";389,88
RTB101H;H_VC;"EXP VLV,1"""" THD,T-STYLE GLB,4-BOLT,BAR HNDLE";389,88
RTB126C;H_VC;"1-1/4""""EXP VALVE,GLOBE,THD,T-STY HW, 4-BOLT";491,4
RTB126H;H_VC;"1-1/4"""" EXP VLV,THD,T-STY,GLB,4-BLT,BAR HNDL";491,4
RTE051C;H_VC;"1/2"""" H.E.V GLB.EXT.NECK,BLT BNT,T-STYLE,THD,SC";424,44
RTE051H;H_VC;"1/2"""" EXP VLV,GLB.EXT.NCK,BLT.BNT,T-STYLE,THD,HW";424,44
RTE076C;H_VC;"3/4"""" EXP VLV,GLB.EXT.NCK,BLT.BNT,T-STYLE,THD.SC";489,24
RTE076H;H_VC;"3/4"""" EXP VALVE, GLB.EXT.NCK,BLT.BNT,T-STYLE,THD,HW";489,24
RTE101C;H_VC;"1"""" EXP VLV,GLB,EXT.NECK, BLT.BNT,T-STYLE,THD,SC";577,8
RTE101H;H_VC;"1"""" EXP VLV,GLB. EXT.NECK,BLT.BNT,T-STYLE,THD.HW";577,8
RTE126C;H_VC;"1-1/4""""HEV GLB.EXT.NCK,BLT.BNT,T-STYL,THD,SC";714,96
RTE126H;H_VC;"1-1/4"""" HEV,GLB,EXT.NCK,BLT.BNT T-STYL,THD.HW";714,96
RVS076K;H_VC;"3/4""""(20MM)REFRIG.SHUTOFF VLV, GLOBE SW,W/WRD SC";444,96
RVS100K;H_VC;REFRIG. SHUT-OFF VALVE, GLOBE SOCKET WELD, W/WIRED;462,24
RVS125K;H_VC;REFRIG. SHUT-OFF VALVE GLOBE SOCKET WELD, W/WIRED;589,68
RW150C;H_VC;"EXP VALVE, GLOBE SC BW 1-1/2""""";845,64
RW150H;H_VC;"VALVE, GLOBE EXP HW WLD 1-1/2""""";845,64
RW201C;H_VC;"2""""REFRIG.EXP REGULATOR GLOBE, WELD, SEAL CAP";881,28
RW201H;H_VC;"2"""" AMMONIA EXPANSION REGULATOR GLOBE, WELDED,HW";881,28
RW251C;H_VC;"2-1/2""""REFRIG EXPANSI0N REG.GLOBE,BW,SEAL CAP";1362,96
RW251H;H_VC;"2-1/2"""" NH3,HAND EXP REG,GLB,BW,BAR HANDLE";1362,96
RW301C;H_VC;"3""""REFRIG.EXP REGULATOR GLOBE,WELDED,SC";1839,24
RW301H;H_VC;"3"""" AMMONIA EXPANSION REGULATOR GLOBE,BW,HW";1839,24
RW402C;H_VC;"4"""" AMMONIA EXP REGULATOR GLOBE, WELDED,SEALCAP";2376
RW402H;H_VC;"4"""" NH3 EXP REG GLB, WELDED, BAR HANDLE";2376
RWB051C;H_VC;"VALVE, T-STY EXPANSION GLOBE SC 1/2"""" BW, 4-BLT";325,08
RWB051H;H_VC;"VALVE, T-STY EXPANSION GLOBE HW 1/2"""" BW, 4-BLT";325,08
RWB076C;H_VC;"VALVE, T-STY EXPANSION GLOBE SC 3/4""""  BW, 4-BLT";354,24
RWB076H;H_VC;"3/4"""" BW VLV, T-STY, EXP GLB, 4-BLT, BAR HANDLE";354,24
RWB101C;H_VC;"VALVE, T-STY EXPANSION GLOBE SC 1"""" BW, 4-BLT";421,2
RWB101H;H_VC;"1"""" BW VLV, T-STY EXP GLB, 4-BLT, BAR HANDLE";421,2
RWB126C;H_VC;"1-1/4"""" HAND EXP VLV,T-STY GLOBE,SC,BW,4-BLT";540
RWB126H;H_VC;"1-1/4"""" HAND EXP VLV,T-STY GLOBE,HW,BW 4-BLT";540
RWE076H;H_VC;"3/4"""" HEV, GLOBE BW EXT NECK, HW";519,48
RWE126C;H_VC;"1 1/4"""" EXP VLV,GLOBE, EXT NECK, T-STYLE SC";764,64
RWE126H;H_VC;"1-1/4"""" H.E.V GLOBE, BW, EXT NCK, HW";764,64
RWE150C;H_VC;"EXP VALVE,1-1/2"""" GLOBE,EXT NECK,SC BW";1080
RWE150H;H_VC;"1-1/2"""" EXP VALVE,GLB.,EXT BONNET,T-STYLE,BW,HW";1080
RWE200C;H_VC;"2"""" EXP VALVE GLOBE, BW, EXT NECK, SC";1110,24
RWE200H;H_VC;"2"""" EXP VALVE, GLOBE, BW, EXT NECK, HW";1110,24
RWE251C;H_VC;"2-1/2"""" EXP VALVE,GLB.EXT BONNET, T-STYLE,BW,SC";1666,44
RWE251H;H_VC;"2-1/2""""EXP VALVEW,GLB. EXT BONNET, T-STYLE,BW,HW";1666,44
RWE301C;H_VC;"3"""" EXP VALVE,GLB.EXT BONNET,T-STYLE,BW,SC";2162,16
RWE301H;H_VC;"3"""" EXP VALVE,GLB. EXT.BONNET, T-STYLE,BW,HW";2162,16
RWE400C;H_VC;"4"""" EXP VALVE,GLB.EXT.BONNET, T-STYLE,BW,SC";2815,56
RWE400H;H_VC;"4"""" EXP VALVE,GLB.EXT BONNET,T-STYLE,BW,HW";2815,56
ST050;H_VC;"1/2""""REFRIGRNT STRAINER CLOSE-COUPLED 100 MESH";164,16
ST050D;H_VC;REFRIG STR.W/DRAIN PLUG,CLOSE-COUPLED 100 MESH;203,04
ST100;H_VC;REFRIGERANT STRAINER CLOSE-COUPLED 60 MESH;390,96
ST100/100;H_VC;ST100 REFRIG STRN,HEAVY DUTY, 100 MESH SCRN;601,56
ST100HD;H_VC;ST100 REFRIG. STRN, HEAVY DUTY, 60 MESH SCRN;477,36
ST200;H_VC;"2"""" REFRIGERANT STRAINER CLOSE COUPLED,60 MESH";848,88
ST200/100;H_VC;"2"""" REFRIGERANT STRAINER CLOSE COUPLED, 100 MESH";1212,84
ST250;H_VC;"2-1/2"""" REFRIGERANT STRAINER CLOSE-COUPLED,60 MESH";1177,2
ST250/100;H_VC;"2-1/2"""" REFRIG. STRAINER CLOSE-COUPLED, 100 MESH";1733,4
ST300;H_VC;"3"""" REFRIGERANT STRAINER CLOSE-COUPLED,60 MESH";1420,2
ST400;H_VC;"4"""" REFRIGERANT STRAINER CLOSE-COUPLED 60 MESH";2802,6
STW100/0004;H_VC;"3/4""""REFRIG STRN C/C 60mesh WELDIN-LINE 3/4""""SW X BW";826,2
STW100/0024;H_VC;"REFRIG STRN,60 MESH,WELD IN-LINE,1"""" SW X BW";826,2
STW100/0034;H_VC;"REFRG STRN  60mesh,WELD IN-LINE 1-1/4"""""""" SW X BW";826,2
STW100/100/0004;H_VC;REFRIG STRNR,100 MESH,WELD-IN-LINE,3/4 SW/BW CON;1037,88
STW100/100/0024;H_VC;"1""""REFRIG STRN,100 MESH,WELD IN-LINE,1"""" SW X BW";1037,88
STW200/0044;H_VC;"2""""(50mm)STRN 60MESH WELD IN-LINE 1-1/2"""" SW/BW CON";1531,44
STW200/0054;H_VC;"2""""(50mm)STRN 60MESH WELD IN-LINE 2"""" SW X BW";1531,44
STW200/100/0044;H_VC;"REFRIG STRN 100 MESH WELD-IN-LINE 1-1/2"""" SW X BW";1900,8
STW200/100/0054;H_VC;"REFRG STRN 100 MESH WELD-IN-LINE 2"""" SW X BW CONN";1900,8
STW250/0061;H_VC;"2-1/2"""" STRAINER WELD IN LINE2-1/2"""" SW CONN";2212,92
STW300/0072;H_VC;"3""""(80mm)STRN 60MESH WELD IN-LINE 3"""" BW CONN.";2702,16
STW400/0082;H_VC;"REFRIG STRAINER 4"""" WELD IN LINE BW CONN";4374
STW500;H_VC;"5"""" REFRIGERANT STRAINER,BUTT WELD END";5689,44
STW600;H_VC;"6"""" REFRIGERANT STRAINER BUTT WELD,60 MESH";9899,28
UK050;H_VC;#050 FLANGE UNION KIT;85,32
UK100;H_VC;#100 FLANGE UNION KIT;108
UK200;H_VC;#200 FLANGE UNION KIT;235,44
UK250;H_VC;#250 FLANGE UNION KIT;272,16
UK300;H_VC;#300 FLANGE UNION KIT;303,48
UK400;H_VC;#400 FLANGE UNION KIT;395,28
VS150C;H_VC;"1-1/2"""" ANGLE HEV, SW, SEAL CAP";749,52
VS150H;H_VC;"1-1/2"""" NH3 EXP REG. ANGLE, SW, BAR HANDLE";749,52
VS200C;H_VC;"2""""(50MM)REFRIG.EXP.REG. ANGLE,SOCKET WELD,SC";848,88
VS200H;H_VC;"2"""" (50MM) NH3 EXP REG, ANGLE, SW, BAR HANDLE";848,88
VSB050C;H_VC;"1/2""""EXP.REG.ANGLE,,BOLTED BONNET,SW,SC";301,32
VSB050H;H_VC;"1/2"""" EXP REG, ANGLE, BLTD BONNET, SW, BAR HANDLE";301,32
VSB075C;H_VC;"3/4"""" EXP. REG. ANGLE, BOLTED BONNET, SW, SC";336,96
VSB075H;H_VC;"3/4"""" EXP REG, ANGLE, BOLT BONNET, SW, BAR HANDLE";336,96
VSB100C;H_VC;"1""""EXPANSION REG.ANGLE BOLTED BONNET,SW,SC";394,2
VSB100H;H_VC;"1"""" EXP REG, ANGLE, BLT BONNET, SW, BAR HANDLE";394,2
VSB125C;H_VC;"1-1/4""""EXPANSN REG.ANGLE  BOLT BONNT,SW,SC";491,4
VSB125H;H_VC;"1-1/4"""" EXP REG, ANGLE, BOLT BONN, SW, BAR HANDLE";491,4
VSE050C;H_VC;"1/2""""EXP. VALVE,ANG,SW,EXTENDED NECK,SC";427,68
VSE050H;H_VC;"1/2"""" EXP VLV,ANG,SW,EXTENDED NECK,BAR HNDL";427,68
VSE075C;H_VC;"3/4"""" EXP. VALVE,ANG,SW,EXTENDED NECK,SC";490,32
VSE075H;H_VC;"3/4"""" EXP VLV, ANG, EXT. BONNET, SW, BAR HANDLE";490,32
VSE100C;H_VC;"1""""EXP.VALVE,ANG,SW,EXTENDED NECK,SC";579,96
VSE100H;H_VC;"1""""EXP.VALVE,ANG,SW,EXTENDED NECK,HW";579,96
VSE125C;H_VC;"1-1/4""""EXP. VALVE,ANG,SW,EXTENDED NECK,SC";714,96
VSE125H;H_VC;"1-1/4""""EXP.VALVE,ANG,SW,EXTENDED NECK, HW";714,96
VSE150C;H_VC;"1-1/2"""" EXP.VALVE, ANG,SW,EXTENDED NECK,SC";981,72
VSE150H;H_VC;"1-1/2"""" EXP VALVE,ANG,SW,EXTENDED NECK,HW";981,72
VSE200C;H_VC;"2"""" EXP.VALVE, ANG,SW,EXTENDED NECK, SC";1081,08
VSE200H;H_VC;"2"""" EXP.VALVE, ANG,SW,EXTENDED NECK,HW";1081,08
VT038C;H_VC;"3/8""""REFRIG.EXP REG. ANGLE,THREADED,SC";249,48
VT038H;H_VC;"3/8""""NH3 EXPANSION REG. ANGLE,THREADED,HANDWHEEL";249,48
VT051C;H_VC;"1/2""""REFRIG.EXP. REG. ANGLE,THREADED,SC";258,12
VT051H;H_VC;"1/2""""NH3 EXPANSION REG. ANGLE,THREADED,HANDWHEEL";258,12
VT076C;H_VC;"3/4""""REFRIG.EXP. REG. ANGLE,THREADED,SC";289,44
VT076H;H_VC;"3/4""""NH3 EXPANSION REG. ANGLE,THREADED,HANDWHEEL";289,44
VTB050C;H_VC;"1/2""""EXP REG.ANGLE,BLT BONNET,THD.SC";294,84
VTB050H;H_VC;"1/2""""EXPANSION REG.ANGLE,BLT BONNET,THD.HW";294,84
VTB075C;H_VC;"3/4""""EXPANSION ANGLE,BOLTED BONNET,THD.,SC";330,48
VTB075H;H_VC;"3/4""""EXP REG. ANGLE,BLTD BON,THD,BH";330,48
VTB100C;H_VC;"1""""EXP.REG.ANGLE, BOLTED BONNET,THD.,SC";389,88
VTB100H;H_VC;"1""""EXPANSION ANGLE,BOLTED BONNET,THD.,HW";389,88
VTB125C;H_VC;"1-1/4""""EXP REG.ANGLE,BLTD BONN,THD.SC";491,4
VTB125H;H_VC;"1-1/4""""EXP ANGLE,BOLTED BONNET,THD.HW";491,4
VTE050C;H_VC;"1/2"""" EXP.VALVE,ANGLE,EXT.NECK,BLT.BONNET,THD.SC";424,44
VTE050H;H_VC;"1/2"""" EXP.VALVE,ANGLE.EXT.NECK,BLT..BONNET,THD.HW";424,44
VTE075C;H_VC;"3/4"""" EXP.VALVE,ANGLE,EXTNECK,BLT.BONNET,THD,SC";489,24
VTE075H;H_VC;"3/4"""" EXP VALVE,ANGLE.EXT.NECK,BLT.BONNET,THD,HW";489,24
VTE100C;H_VC;"1""""EXP VALVE,ANGLE.EXT.NECK,BLT.BONNET,THD.SC";577,8
VTE100H;H_VC;"1"""" EXP VALVE,ANGLE,EXT.NECK,BLT.BONNET.THD.HW";577,8
VTE125C;H_VC;"1-1/4"""" EXP. VALVE, ANGL.EXT.NECK,BLT.BNT,THD,SC";714,96
VTE125H;H_VC;"1-1/4"""" EXP VALVE, ANGLE,EXT.NECK,BLT.BONNET,THD.HW";714,96
VW150C;H_VC;"VALVE, ANGLE EXP SC WLD 1-1/2""""";845,64
VW150CE;H_VC;"1-1/2"""" NH3 EXP ANGLE BW SC CE-CATII.MOD H,EF107";845,64
VW150H;H_VC;"1-1/2"""" EXP VALVE, ANGLE, HW, BW";845,64
VW201C;H_VC;"2"""" REFRIG.EXP REGULATOR ANGLE, WELD, SEAL CAP";881,28
VW201CE;H_VC;"2"""" NH3 EXP ANGLE,BW,SC,CE-CAT II,MOD H EF107";881,28
VW201H;H_VC;"2"""" NH3 EXP REG ANGLE, WELD, HANDWHEEL";881,28
VW251C;H_VC;"2-1/2""""REFRIG EXP REG.ANGLE,WELDED,SC";1362,96
VW251CE;H_VC;"2-1/2""""(65MM)NH3 EXP,ANG,SC,CE-CATII,MOD H,EF107";1362,96
VW251H;H_VC;"2 1/2"""" NH3 EXP REG, ANGLE, WELD, BAR HANDLE";1362,96
VW252CE;H_VC;65mm NH3 EXP REG. ANG BW,SC,CE-CATII MODH,EF107;1362,96
VW252HE;H_VC;65mm NH3 EXP.REG. ANG,BW,HW,CE-CATII,MODH,EF107;1362,96
VW301C;H_VC;"3"""" REFRIG EXPANSION REG.ANGLE,BW,SC";1839,24
VW301CE;H_VC;"3""""NH3 EXP VLV,ANG. BW,SC,CE-CATII,MODH,EF107";1839,24
VW301H;H_VC;"3"""" NH3 EXP REG, ANGLE,BW,BAR HANDLE";1839,24
VW402C;H_VC;"4""""REFRIGERANT EXPANSION REG. ANGLE,WELDED,SEAL CAP";2376
VW402H;H_VC;"4""""AMMONIA EXPANSION REG. ANGLE,WELDED,HANDWHEEL";2376
VWB050C;H_VC;"1/2"""" HAND EXP VLV,ANG,SC,BW 4-BLT";325,08
VWB050H;H_VC;"1/2"""" HAND EXP VLV,ANG HW BW 4-BLT";325,08
VWB075C;H_VC;"3/4"""" HAND EXP VLV,ANG SC BW 4-BLT";354,24
VWB075H;H_VC;"3/4"""" HAND EXP VLV,ANG HW BW 4-BLT";354,24
VWB100C;H_VC;"VLV,ANG EXP SC 1""""BW 4BOLT";421,2
VWB100H;H_VC;"VLV,ANG EXP HW 1""""BW 4BOLT";421,2
VWB125C;H_VC;"VLV,ANG EXP SC 1-1/4""""BW 4";540
VWB125H;H_VC;"VLV,ANG EXP HW 1-1/4""""BW 4";540
VWE075H;H_VC;"3/4"""" HEV, ANGLE, BW EXT. NECK, HW";519,48
VWE150H;H_VC;"1-1/2"""" EXPAN VLV,ANGLE,EXTENDED NECK,BW,HW,SS NUT";1080
VWE200H;H_VC;"2"""" EXPANSION VLV,ANGLE,EXTENDED NECK,BW HW";1110,24
VWE251C;H_VC;"2-1/2"""" EXP VALVE,ANG,EXTENDED NECK,BW.SC";1666,44
VWE251H;H_VC;"2-1/2"""" EXP VALVE, ANG.EXTENDED NECK ,BW HW";1666,44
VWE301C;H_VC;"3"""" EXP VALVE, ANGLE EXTENDED NECK, BW SC";2162,16
VWE301H;H_VC;"3"""" EXP VALVE, ANGLE EXTENDED NECK, BW,HW";2162,16
VWE402C;H_VC;"4"""" EXP.VALVE, ANGLE,EXTENDED NECK,BW,SC";2815,56
VWE402H;H_VC;"4"""" EXP VALVE,ANGLE,EXTENDED NECK,BW HW.";2815,56
31-0031;H_TE;17L CYLINDER 100 PPM AMMONIA --DROP SHIP ITEM--;301,32
31-0032;H_TE;17L CYLINDER 250 PPM AMMONIA;301,32
31-0033;H_TE;17L CYLINDER 1000 PPM AMMONIA;301,32
31-0034;H_TE;17L CYLINDER 10K PPM AMMONIA;301,32
31-0035;H_TE;17L CYLINDER 1000 PPM R22;301,32
31-0078;H_TE;17L CYLINDER, 3000 PPM, R-22;301,32
31-0079;H_TE;17L CYLINDER, 3000 PPM, R-404;301,32
31-0080;H_TE;17L CYLINDER, 3000 PPM, R-134A;301,32
31-0124;H_TE;17L CYLINDER, 0-5000 PPM, R134A;301,32
31-0130;H_TE;17L CYLINDER, 0-5000 PPM, R410;301,32
31-0164;H_TE;CALIBRATION GAS,NH3,250 PPM,C10,34L;611,28
31-0165;H_TE;CALIBRATION GAS,NH3,100PPM,C10,34L;611,28
31-0166;H_TE;CALIBRATION GAS,NH3,1000 PPM,C10,34L;611,28
31-0196;H_TE;CALIBRATION GAS,NH3,300PPM,17L --DROP SHIP ITEM--;303,48
31-0197;H_TE;CALIBRATION GAS,NH3,50 PPM,17L --DROP SHIP ITEM--;303,48
67-1018;H_TE;KIT, HPT WIRING PLUG;152,28
70-1142;H_TE;KIT, ENCLOSURE, PXVC, IP65;201,96
70-1143;H_TE;KIT, POWER SUPPLY, PXVC, 15.2W;109,08
AP01W;H_TE;"AUTO-PURGER""""W"""", 115/60 SGL PT,MNL WATER CHANG,NH3";23253,48
AP01W-2;H_TE;"AUTO-PURGER""""W"""", 230V SGL PT,MNL WATER CHANG,NH3";23253,48
AP08W;H_TE;AUTO-PURG DELUXE WELDED,8PTS,NH3, 115/60 NON-COND;32214,24
AP08W-2;H_TE;AUTO-PURGER DLX WELDED, 8PTS 230V NON-COND;32214,24
AP08WN;H_TE;AUTO-PURGER DELX WELD 8PTS NON-COND,115/60, NEMA-4;37222,2
AP16W;H_TE;AUTO-PURGDELUXE WELDED,16PTS,NH3 115/60 NON-COND;36778,32
AP16W-2;H_TE;AUTO-PURGDELUXE WELDED,16PTS,NH3 230V NON-COND;36778,32
AP16WN;H_TE;AUTO-PURGER DELX WELD 16PTS NON-COND,115V,NEMA4;41788,44
AP24W;H_TE;AUTO-PURGDELUXE WELDED,24PTS,NH3 115/60 NON-COND;41823
AP24W-2;H_TE;AUTO-PURGDELUXE WELDED,24PTS,NH3 230V NON-COND;41823
AP24WN;H_TE;AUTO-PURGER DELX WELD 24PTS NON-COND,115/60,NEMA4;46834,2
APCW;H_TE;"AUTO-PUR """"W"""" FOR COMPUTERIZED PLNTS 115V/60HZ, NH3";27385,56
APCW-2;H_TE;"AUTO-PUR """"W"""" FOR COMPUTERIZED PLNTS, 230V 50/60HZ";27385,56
APLK;H_TE;PURGING LOG KIT, 115 V;602,64
APM-1;H_TE;AUTO-PURGER M,4 PTS,NH3,115V 50/60HZ,NON-COND.;18914,04
APM-1E;H_TE;AUTO-PURGER M,4PTS.NH3,115V CE-CAT.II,MOD.H,EF 103;18914,04
APM-2;H_TE;AUTO-PURGER M,4 PTS,NH3,230V 50/60HZ,NON-COND.;18914,04
APM-2E;H_TE;AUTO-PURGER M,4 PTS.NH3,230V CE-CAT.II,MOD H,EF103;18914,04
APMC-2E;H_TE;AUTO-PGER M,NH3,230V,CMP CNTRL,CE-CATII,MODH,EF103;18914,04
APMCF-1E;H_TE;AUTO-PGR M,HALO,115V,CMP CTRL,CE-CATII,MODH,EF103;19955,16
APMCF-2E;H_TE;AUTO-PGR M,HALO,230V,CMP CNTRL,CE CATII,MODH,EF103;19955,16
APMF-1;H_TE;AUTO-PURG M,4PT.HALO,115V 50/60HZ;19955,16
APMF-1E;H_TE;AUTO-PURGER M,4PTS.HALO,115V CE-CAT.II,MOD H,EF103;19955,16
APMF-2;H_TE;PURGER M,4PTS,FREON,230V 50/60HZ,FOR HALOCARBON;19955,16
APMF-2E;H_TE;AUTO-PURGER,4 PTS,HALO,230V CE-CAT.II,MOD.H,EF103;19955,16
APMN-1;H_TE;AUTO-PURGER M, 4PT, NH3,115V 50/60HZ, NEMA-4;19726,2
APMPLT;H_TE;BEACON PILOT LIGHT APM PRGR(2-GRN,2-AMB);333,72
APPLT;H_TE;BEACON PILOT LIGHT KIT,AP PRGR(4-GREEN, 2-AMBER);478,44
APPT08;H_TE;AP PLUS,8 PTS,NH3,115V,AIR/WATER,TOUCH SCREEN;52799,04
APPT08-2;H_TE;AP PLUS,8 PTS,NH3,230V,AIR/WATER,TOUCH PANEL;52799,04
APPT16;H_TE;AP PLUS,16PTS,NH3,115V,AIR/WATER,TOUCH SCREEN;58320
APPT16-2;H_TE;AP PLUS,16PTS,NH3,230V,AIR/WATER,WITH TOUCH SCREEN;58320
APPT24;H_TE;AP PLUS,24PTS,NH3,115V,AIR/WATER,TOUCH SCREEN;64298,88
APPT24-2;H_TE;AP PLUS,24PTS,NH3,230V,AIR/WATER,TOUCH SCREEN;64298,88
APPTC;H_TE;AP PLUS FOR COMPTR,NH3,115V,AIR/WATER,TOUCHSCREEN;48420,72
APPTC-2;H_TE;AP PLUS FOR COMPUTR,NH3,230V,AIR/WATER,TOUCHSCREEN;48420,72
DPS;H_TE;DIFFERENTIAL PRESSURE-STAT SYSTEM FOR AUTO-PURGER;1671,84
FM-01;H_TE;FROST MASTR DEFRST CONTRL, 115V,REMOTE INITIATE;1695,6
FM-01L;H_TE;FROST MST DEFROST CONT 115V,REMOTE INITATE,LESS EN;1695,6
FM-02;H_TE;FROST MASTR DEFRST CONTRL, 230V,REMOTE INITIATE;1695,6
FM-02L;H_TE;FROST MSTR DEFROST CONT 230V,RMT INITATE,LESS ENCL;1695,6
FM-11-B;H_TE;FROST MASTER, 115V 50/60HZ, 24HR CLOCK;1695,6
FM-11L-B;H_TE;FROST MASTER, 115V 50/60HZ, 24HR CLOCK NO ENCL;1695,6
FM-12-B;H_TE;FROST MASTER, 230V 50/60 HZ, 24HR CLOCK;1695,6
FM-12L-B;H_TE;FROST MASTER, 230V 50/60 HZ, 24 HR CLOCK, NO ENCL;1695,6
FM-71-B;H_TE;FROST MASTER,115V 50/60HZ, 7DAY CLOCK;1695,6
FM-71L-B;H_TE;FROST MASTER, 115V 50/60HZ, 7DAY CLK, NO ENCLOSURE;1695,6
FM-72-B;H_TE;FROST MASTER,230V 50/60 HZ, 7 DAY CLOCK;1695,6
FMP-01;H_TE;"FROST MASTR""""+"""" DEFROST CONTRL,115V,FOR REMOTE INIT";2134,08
FMP-01L;H_TE;FROST MSTR & DEFRST CTRL,115V REMOTE,LESS ENCLS;2134,08
FMP-11-B;H_TE;FROST MASTER PLUS, 115V 50/60 HZ, 24 HR CLOCK;2134,08
FMP-11L-B;H_TE;FROST MASTER PLUS, 115V 50/60 HZ, 24 HR CLOCK;2134,08
FMP-12-B;H_TE;FROST MASTER PLUS, 230V 50/60 HZ, 24 HR CLOCK;2134,08
FMP-71-B;H_TE;"FROST MASTER """"PLUS"""", 115V 50/60 HZ, 7 DAY CLOCK";2134,08
FMP-71L-B;H_TE;FROST MASTER PLUS, 115V 50/60 HZ, 7 DAY CLOCK;2134,08
GAS-100;H_TE;GAS SENSOR READOUT AND ALARM, 100 PPM, 24V AC/DC;3161,16
GAS-10K;H_TE;GAS SENSOR READOUT AND ALARM, 10000 PPM, 24V AC/DC;3161,16
GAS-1K;H_TE;GAS SENSOR READOUT AND ALARM 1,000 PPM;3161,16
GAS-250;H_TE;GAS SENSOR READOUT AND ALARM, 250 PPM, 24V AC/DC;3161,16
GAS-3K;H_TE;GAS SENSOR READOUT AND ALARM, 3000 PPM, 24V AC/DC;3161,16
HD101F;H_TE;DEFROST LIQUID DRAINER FREON;3839,4
HD101N;H_TE;DEFROST LIQUID DRAINER AMMONIA;3839,4
HFC14F;H_TE;"FLOW CONTROLLER,R22,14 GPM,3/4""""SW FLG";1289,52
HFC14N;H_TE;"FLOW CONTROLLER,NH3,14 GPM,3/4"""" SW FLANGE";1289,52
HFC175F;H_TE;"FLOW CONTROLLER,R22,175GPM,2-1/2""""SW FLG";3082,32
HFC185N;H_TE;"FLOW CONTROLLER,NH3,185 GPM,2-1/2""""SW FLG";3082,32
HFC32F;H_TE;"FLOW CONTROLLER, R22, 32 GPM, 1-1/4""""SW FLG.";1289,52
HFC32N;H_TE;"FLOW CONTROLLER,NH3,32 GPM,1-1/4""""SW FLG";1289,52
HFC40N;H_TE;"FLOW CONTROLLER,NH3,40 GPM,1-1/4""""SW FLGS";1616,76
HFC60F;H_TE;"FLOW CONTROLLER,R22,60GPM,1-1/2""""SW FLG";1616,76
HFC60N;H_TE;"FLOW CONTROLLER,NH3,60 GPM,1-1/2""""SW FLG";1616,76
HFC95F;H_TE;"FLOW CONTROLLER,R22,95 GPM,2""""SW FLG";2908,44
HFC98N;H_TE;"FLOW CONTROLLER,NH3,98 GPM,2""""SW FLG";2908,44
HGD-C-2;H_TE;2 CHANNEL CONTROLLER;1694,52
HGD-C-8;H_TE;8 CHANNEL CONTROLLER;3569,4
HGD-EC-NH3-100;H_TE;NH3, 0-100PPM, LO TEMP, IP66, EC;1964,52
HGD-EC-NH3-1000;H_TE;NH3, 0-1000PPM, LOW TEMP, IP66, EC;1964,52
HGD-EC-NH3-5000;H_TE;NH3, 0-5000PPM, IP66, EC;1964,52
HGD-IR-CO2-10000;H_TE;CO2, 0-10000PPM, IP66, IR;2023,92
HGD-SC-R22-1000;H_TE;R22, 0-1000PPM, IP66, SC;1753,92
HGD-SC-R404A-1000;H_TE;R404A, SEMI CONDUCTOR, 0-1000PPM;1753,92
HGD-SC-R407A-1000;H_TE;R407A, SEMI CONDUCTOR, 0-1000PPM;1753,92
HGD-SC-R410A-1000;H_TE;R410A, SEMI CONDUCTOR, 0-1000PPM;1753,92
HGD-SC-R507A-1000;H_TE;R507A, SEMI CONDUCTOR, 0-1000PPM;1753,92
HOTV/22;H_TE;"1""""(25MM)SW OIL VLV RG B, 120F(49C)";1238,76
HOTV/23;H_TE;"1""""(25MM)SW OIL VLV RG D, 140F(60C)";1238,76
HOTV/26;H_TE;"1""""(25MM)SW OIL VLV RG G, 170F(77C)";1238,76
HOTV/27;H_TE;"1""""(25MM)SW OIL VLV RG H, 110F(43C)";1238,76
HOTV/41;H_TE;"1-1/2""""(40MM)SW OIL VLV RG A, 130F(54C)";2345,76
HOTV/42;H_TE;"1-1/2""""(40MM)SW OIL VLV RG B, 120F(49C)";2345,76
HOTV/43;H_TE;"1-1/2""""(40MM)SW OIL VLV RG D, 140F(60C)";2345,76
HOTV/45;H_TE;"1-1/2""""(40MM)SW OIL VLV RG F, 150F(66C)";2345,76
HOTV/47;H_TE;"1-1/2""""(40MM)SW OIL VLV RG H, 110F(43C)";2345,76
HOTV/51;H_TE;"2""""(50MM)SW OIL VLV RG A, 130F(54C)";2598,48
HOTV/52;H_TE;"2""""(50MM)SW OIL VLV RG B, 120F(49C)";2598,48
HOTV/53;H_TE;"2""""(50MM)SW OIL VLV RG D, 140F(60C)";2598,48
HOTV/55;H_TE;"2""""(50MM)SW OIL VLV RG F, 150F(66C)";2598,48
HOTV/57;H_TE;"2""""(50MM)SW OIL VLV RG H, 110F(43C)";2598,48
HOTV/61;H_TE;"2-1/2""""(65MM)SW OIL VLV RG A, 130F(54C)";4521,96
HOTV/62;H_TE;"2-1/2""""(65MM)SW OIL VLV RG B, 120F(49C)";4521,96
HOTV/63;H_TE;"2-1/2""""(65MM)SW OIL VLV RG D, 140F(60C)";4521,96
HOTV/71;H_TE;"3""""(80MM)BW OIL VLV RG A, 130F(54C)";5891,4
HOTV/72;H_TE;"3""""(80MM)BW OIL VLV RG B, 120F(49C)";5891,4
HOTV/73;H_TE;"3""""(80MM)BW OIL VLV RG D, 140F(60C)";5891,4
HOTVB/51;H_TE;"2""""(50MM)BW OIL VLV RG A, 130F(54C)";2598,48
HOTVB/52;H_TE;"2""""(50MM)BW OIL VLV RG B, 120F(49C)";2598,48
HOTVB/53;H_TE;"2""""(50MM)BW OIL VLV RG D, 140F(60C)";2598,48
HOTVB/55;H_TE;"2""""(50MM)BW OIL VLV RG F, 150F(66C)";2598,48
HOTVB/57;H_TE;"2"""" (50MM) BW OIL VLV RG H, 110F (43C)";2598,48
HOTVB/61;H_TE;"2-1/2""""(65MM)BW OIL VLV RG A, 130F(54C)";4521,96
HOTVB/62;H_TE;"2-1/2""""(65MM)BW OIL VLV RG B, 120F(49C)";4521,96
HOTVB/63;H_TE;"2-1/2""""(65MM)BW OIL VALVE RG D 140F(60C)";4521,96
HOTW/41;H_TE;"1-1/2""""(40MM)SW OIL VLV RG A, 130F(54C)";2345,76
HOTW/42;H_TE;"1-1/2""""(40MM)SW OIL VLV RG B, 120F(49C)";2345,76
HOTW/43;H_TE;"1-1/2""""(40MM)SW OIL VLV RG D, 140F(60C)";2345,76
HOTW/45;H_TE;"1-1/2""""(40MM)SW OIL VLV RG F, 150F(66C)";2345,76
HOTW/47;H_TE;"1-1/2""""(40MM)SW OIL VLV RG H, 110F(43C)";2345,76
HOTW/51;H_TE;"2""""(50MM)SW OIL VLV RG A, 130F(54C)";2598,48
HOTW/52;H_TE;"2""""(50MM)SW OIL VLV RG B, 120F(49C)";2598,48
HOTW/53;H_TE;"2""""(50MM)SW OIL VLV RG D, 140F(60C)";2598,48
HOTW/55;H_TE;"2""""(50MM)SW OIL VLV RG F, 150F(66C)";2598,48
HOTW/57;H_TE;"2""""(50MM)SW OIL VLV RG H, 110F(43C)";2598,48
HPT134;H_TE;PRESSURE TEMPERATURE SENSOR FOR R-134a;1875,96
HPT22;H_TE;PRESSURE TEMPERATURE SENSOR FOR R-22;1875,96
HPT290;H_TE;PRESSURE TEMPERATURE SENSOR FOR R-290;1875,96
HPT404;H_TE;PRESSURE TEMPERATURE SENSOR FOR R-404A;1875,96
HPT507;H_TE;PRESSURE TEMPERATURE SENSOR FOR R-507A;1875,96
HPT717;H_TE;PRESSURE TEMPERATURE SENSOR FOR AMMONIA;1774,44
HPTL22;H_TE;PRESSURE TEMP SENSOR FOR R22, LOW TEMP;1875,96
HPTL507;H_TE;PRESSURE TEMP SENSOR FOR R-507A, LOW TEMP;1875,96
HPTL717;H_TE;PRESSURE TEMP SENSOR FOR AMMONIA, LOW TEMP;1774,44
HT100MF;H_TE;"HANSEN FLT DRAIN REG.HALO 3/4""""FPT/1""""WELD,IN&OUTLET";3443,04
HT100MN;H_TE;"HANSEN FLOAT DRAIN REG.NH3 3/4""""/1""""WLD INLET/OUTLET";3443,04
HT200MF;H_TE;"FLOAT DRAIN REG.1-1/2""""WLD INLET/OUTLET CONN.HALO";4278,96
HT200MN;H_TE;"HANSEN FLT DRAIN REG.NH3 1-1/2""""WELD IN/OUTLET CONN";4278,96
HT300MF;H_TE;"HANSEN FLOAT DRAIN REG. HALO 2""""WELD INLET/OUTLET C";5833,08
HT300MN;H_TE;"FLOAT DRAIN REG. NH3 2"""" WELD INLET/OUTLET CONNS";5833,08
HUPS;H_TE;POWER BACKUP SYSTEM,UPS&PS(UP TO 3 VALVES);1821,96
IMW;H_TE;"IMMERSION WELL,STAINLESS STEEL,3"""" INS,1/2"""" MPT";55,08
INS;H_TE;INSULATION FOR ABOVE AP01 AUTO-PURGER;1843,56
LB1-115;H_TE;VARI-LEVEL CONTROL, 115 VOLT 1-RELAY;2106
LB1-220;H_TE;VARI-LEVEL CONTROL 230 VOLT 1-RELAY;2106
LB2-115;H_TE;VARI-LEVEL CONTROL 115 VOLT 2-RELAY;2320,92
LB2-220;H_TE;VARI-LEVEL CONTROL 230 VOLT 2-RELAY;2320,92
LB3-115;H_TE;VARI-LEVEL CONTROL 115 VOLT 3-RELAY;2525,04
LB3-115-L;H_TE;VARI-LEVEL CONTROL 115V 3-RELAY,LESS ENCLS;2424,6
LB3-220;H_TE;VARI-LEVEL CONTROL 230 VOLT 3-RELAY;2525,04
LB3-220-L;H_TE;VARI-LEVEL CONTROL 220V 3-RELAY, LESS ENCLS;2424,6
LB5-115;H_TE;VARI-LEVEL CONTROL 115 VOLT 5-RELAY;3195,72
LB5-115-L;H_TE;VARI-LEVEL CONTROL 115V 5-RELAY, LESS ENCLS;3095,28
LB5-220;H_TE;VARI-LEVEL CONTROL 230 VOLT 5-RELAY;3195,72
LB5-220-L;H_TE;VARI-LEVEL CONTROL 220V 5-RELAY, LESS ENCLS;3095,28
LC-02;H_TE;"LEVEL COLUMN(3""""DIA)20""""PRB 1"""" FPT/1-1/4"""" WELD CONN.";1105,92
LC-03;H_TE;"LVL COLMN(3"""" DIA) 30"""" PRB 1"""" FPT/1-1/4"""" WELD CONN";1143,72
LC-04;H_TE;"LVL COLMN(3"""" DIA)40"""" PRB 1"""" FPT/1-1/4"""" WELD CONN";1207,44
LC-06;H_TE;"LVL COLMN(3""""DIA),60""""PRB 1""""FPT/1-1/4""""WELD CONNECTN";1608,12
LC-08;H_TE;"LVL COLMN(3""""DIA)80""""PRB 1""""FPT/1-1/4"""" WELD CONN";1790,64
LC-10;H_TE;"LVL COLMN(3""""DIA)100""""PRB 1""""FPT/1-1/4""""WELD CONNECTN";2006,64
LC-12;H_TE;"LVL COLMN(3""""DIA)120""""PRB 1""""FPT/1-1/4""""WELD CONNECTN";2354,4
LP-02F;H_TE;"PROBE:ACTIVE LENGTH 20"""" INSERTION LENGTH: 25""""";1134
LP-02N;H_TE;"PROBE:ACT LENGTH 20"""" INSERT LENGTH:25"""",NH3";1134
LP-03F;H_TE;"PROBE:ACTIVE LENGTH 30"""" INSERTION LENGTH:35""""HALO";1249,56
LP-03N;H_TE;"PROBE: ACTIVE LENGTH 30"""" INSERTION LENGTH:35"""",NH3";1249,56
LP-04F;H_TE;"PROBE:ACTIVE LENGTH 40"""" INSERTION LENGTH:45"""",HALO";1451,52
LP-04N;H_TE;"PROBE:ACT LENGTH 40"""" INSERT LENGTH:45"""",NH3";1451,52
LP-06F;H_TE;"PROBE:ACTIVE LENGTH 60"""" INSERTION LENGTH:65"""",HALO";1610,28
LP-06N;H_TE;"PROBE: ACTIVE LENGTH 60"""" INSERTION LENGTH: 65"""",NH3";1610,28
LP-08F;H_TE;"PROBE:ACTIVE LENGTH 80"""" INSERTION LENGTH:85"""",HALO";1915,92
LP-08N;H_TE;"PROBE:ACT LENGTH 80"""" INSERT LENGTH:85"""",NH3";1915,92
LP-10F;H_TE;"PROBE:ACT LGTH 100"""" INSERTION LENGTH: 105""""";2168,64
LP-10N;H_TE;"PROBE:ACT LGTH 100"""" INSERT LGTH:105""""NH3";2168,64
LP-12F;H_TE;"PROBE: ACTIVE LENGTH 120"""" INSERT LENGTH:25"""",HALO";2492,64
LP-12N;H_TE;"PROBE:ACT LGTH 120"""" INSERT LGTH:125""""NH3";2492,64
LP-14F;H_TE;"PROBE:ACT LENGTH 144"""" INSERT LENGTH:149""""";3972,24
LP-14N;H_TE;"PROBE:ACT LENGTH 144"""" INSERT LENGTH: 149"""", NH3";3972,24
LP-16F;H_TE;"PROBE:ACTIVE LENGTH 168"""" INSERT LENGTH:173""""HALO";4892,4
LP-16N;H_TE;"PROBE:ACTIVE LENGTH 168"""" INSERTION LENGTH:173"""",NH3";4892,4
MCR100;H_TE;"4""""(100MM)MOTORIZED CONTROL VLV,RED,CV=47";10289,16
MCR20;H_TE;"3/4""""(20MM)MOTORIZED CONTROL VLV,REDUCED";4786,56
MCR25;H_TE;"1""""(25MM)MOTORIZED CONTROL VLV,REDUCED";4970,16
MCR32;H_TE;"1-1/4""""(32MM)MOTORIZED CONTROL VLV,REDUCED";5212,08
MCR40;H_TE;"1-1/2""""(40MM)MOTORIZED CONTROL VLV,REDUCED";5605,2
MCR50;H_TE;"2""""(50MM)MOTORIZED CONTROL VLV,REDUCED";5850,36
MCR80;H_TE;"3""""(80MM)MOTORIZED CONTROL VLV,RED,CV=35";7969,32
MCRB40;H_TE;"1-1/2""""(40MM)MOTORIZED CONTROL VLV,50%REDUCED";5605,2
MCRBW40/41;H_TE;"1-1/2""""(40MM)MOTORZD CNTRL VLV,50%RED,1-1/2""""SW CONN";6251,04
MCRBW40/42;H_TE;"1-1/2""""(40MM)MOTORZD CNTRL VLV,50%RED,1-1/2""""BW CONN";6251,04
MCRW100/82;H_TE;"4""""(100MM)MOTORIZED CONTROL VLV,RED,CV=47,4""""BW CONN";11767,68
MCRW20/01;H_TE;"3/4""""(20MM)MOTORZD CNTRL VLV,RED,3/4""""SW CONN";5225,04
MCRW20/02;H_TE;"3/4""""(20MM)MOTORZD CNTRL VLV,RED,3/4""""BW CONN";5225,04
MCRW25/21;H_TE;"1""""(25MM)MOTORZD CNTRL VLV,RED,1""""SW CONN";5464,8
MCRW25/22;H_TE;"1""""(25MM)MOTORZD CNTRL VLV,RED,1""""BW CONN";5464,8
MCRW25/31;H_TE;"1"""" (25MM)MOTORZD CNTRL VLV,RED, 1 1/4"""" SW CONN.";5464,8
MCRW32/31;H_TE;"1-1/4""""(32MM)MOTORD CNTRL VLV,RED,1-1/4""""SW CONN";5752,08
MCRW32/32;H_TE;"1-1/4""""(32MM)MOTORD CNTRL VLV,RED,1-1/4""""BW CONN";5752,08
MCRW40/41;H_TE;"1-1/2""""(40MM)MOTORZD CNTRL VLV,RED,1-1/2""""SW CONN";6251,04
MCRW40/42;H_TE;"1-1/2""""(40MM)MOTORZD CNTRL VLV,RED,1-1/2""""BW CONN";6251,04
MCRW40/51;H_TE;"1-1/2""""(40MM)MOTRZD CNTRL VLV,RED,2""""SW CONN";6251,04
MCRW40/52;H_TE;"1-1/2""""(40MM)MOTRZD CNTRL VLV,RED,2""""BW CONN";6251,04
MCRW50/51;H_TE;"2""""(50MM)MOTORZD CNTRL VLV,RED,2""""SW CONN";6554,52
MCRW50/52;H_TE;"2""""(50MM)MOTORZD CNTRL VLV,RED,2""""BW CONN";6554,52
MCRW80/72;H_TE;"3""""(80MM)MOTORIZED CONTROL VLV,RED,CV=35,3""""BW CONN";9187,56
MCT;H_TE;MV MANUAL OPENING TOOL;518,4
MCV100;H_TE;"4""""(100MM)MOTORIZED CONTROL VLV,CV=166";10289,16
MCV20;H_TE;"3/4""""(20MM)MOTORIZED CONTROL VLV";4786,56
MCV25;H_TE;"1""""(25MM)MOTORIZED CONTROL VLV";4970,16
MCV32;H_TE;"1-1/4""""(32MM)MOTORIZED CONTROL VLV";5212,08
MCV40;H_TE;"1-1/2""""(40MM)MOTORIZED CONTROL VLV";5605,2
MCV50;H_TE;"2""""(50MM)MOTORIZED CONTROL VLV";5850,36
MCV80;H_TE;"3""""(80MM)MOTORIZED CONTROL VLV,CV=104";7969,32
MCVW100/82;H_TE;"4""""(100MM)MOTORIZD CONTROL VLV,RED,CV=166,4""""BW CONN";11767,68
MCVW20/01;H_TE;"3/4""""(20MM)MOTORZD CNTRL VLV,3/4""""SW CONN";5225,04
MCVW20/02;H_TE;"3/4""""(20MM)MOTORZD CNTRL VLV,3/4""""BW CONN";5225,04
MCVW25/21;H_TE;"1""""(25MM) MOTORIZED CNTRL VLV, 1"""" SW CONN";5464,8
MCVW25/22;H_TE;"1""""(25MM)MOTORZD CNTRL VLV,1""""BW CONN";5464,8
MCVW32/31;H_TE;"1-1/4""""(32MM)MOTORD CNTRL VLV,1-1/4""""SW CONN";5752,08
MCVW32/32;H_TE;"1-1/4""""(32MM)MOTORD CNTRL VLV,1-1/4""""BW CONN";5752,08
MCVW40/41;H_TE;"1-1/2""""(40MM)MOTORZD CNTRL VLV,1-1/2""""SW CONN";6251,04
MCVW40/42;H_TE;"1-1/2""""(40MM)MOTORZD CNTRL VLV,1-1/2""""BW CONN";6251,04
MCVW50/51;H_TE;"2""""(50MM)MOTORZD CNTRL VLV,2""""SW CONN";6554,52
MCVW50/52;H_TE;"2""""(50MM)MOTORZD CNTRL VLV,2""""BW CONN";6554,52
MCVW80/72;H_TE;"3""""(80MM)MOTORIZED CONTROL VLV,CV=104,3""""BW CONN";9187,56
MCXV/A;H_TE;MOTORIZED EXP.VLV,24VAC/DC,4-20MA,5MM NOM PORT;4814,64
MCXV/B;H_TE;MOTORIZED EXP.VLV,24VAC/DC,4-20MA,7MM NOM PORT;4814,64
MCXV/C;H_TE;MOTORIZED EXP.VLV,24VAC/DC,4-20MA,2MM NOM PORT;4814,64
MOD420;H_TE;4-20 MA OUTPUT MODULE, WITH CABLE,;816,48
NEAP;H_TE;MINI AUTO-PURGER FOR AMMONIA, NON-ELECTRICAL;11716,92
NEAPE;H_TE;NON ELECTRICAL AUTO PURGER CE-CAT.II,MOD.H,EF 103;11716,92
NEAPF134;H_TE;NON ELEC AUTO-PURGER R134A;12450,24
NEAPF134E;H_TE;NON ELEC AUTOPURGER R134a,CE-CATII,MODH,EF103;12450,24
NEAPF404;H_TE;NONELECTRIC AUTOPURGER R404A;12450,24
NEAPF404E;H_TE;NON-ELEC AUTO PURGER R404A,CE-CATII,MODH,EF103;12450,24
NEAPF507;H_TE;NONELECTRIC AUTOPURGER R507A;12450,24
NEAPF507E;H_TE;NON-ELEC AUTO PURGER, R507A,CE-CATII,MODH,EF103;12450,24
PG1-1;H_TE;PUMP GUARDIAN CONTRLR 115V 50/60HZ,W/ENCLOSURE;1617,84
PG1-2;H_TE;PUMP GUARDN CONTRLR 230V 50/60HZ,W/ENCLOSURE;1617,84
PSU;H_TE;POWER SUPPLY 4-20MA 110-240V 50/60: 24VDC OUTPUT;609,12
PSU2;H_TE;POWER SUPPLY,100-240VAC,50/60HZ,24VDC OUTPUT;351
PT1;H_TE;"PRESS/TEMP TRANS,30""""-285 PSIG,4-20mA,1/4"""" MPT";1685,88
PT2;H_TE;PRESS TRANS, VAC-85 PSIG, 4-20mA, PXVC-PT;632,88
PT3;H_TE;PRESS TRANS,VAC-285 PSIG,4-20mA,PXVC-PT;1127,52
PXV15;H_TE;PULSE WIDTH EXP VLV, 15 TON, LESS FLANGES;834,84
PXV5;H_TE;PULSE WIDTH EXP VALVE, 5 TON, LESS FLANGES;834,84
PXVC-CI;H_TE;PXVC, PROPORTIONATE CONTROL, 24 VAC/DC, 3 VA;516,24
PXVC-DX;H_TE;PXVC, DX CONTROL, 24 VAC/DC, 3 VA;516,24
PXVC-L;H_TE;PXVC, LEVEL CONTROL, 24VAC/DC, 3 VA;516,24
PXVC-P;H_TE;PXVC, PRESSURE CONTROL, 24VAC/DC, 3VA;516,24
PXVC-PT;H_TE;CONTROLLER,NH3,SUPERHEAT/SUBCOOL,24VAC/DC;653,4
PXVC-T;H_TE;PXVC, TEMPERATURE CONTROL,W/SENSOR 24VAC/DC, 3 VA;563,76
PXVW60/1001;H_TE;"PXVW60 3/4"""" SW PULSE WIDTH EXPANSION VALVE";1024,92
PXVW60/1002;H_TE;"PXVW60 3/4"""" BW PULSE WIDTH EXPANSION VALVE";1024,92
PXVW60/1011;H_TE;"PXVW60 1/2"""" SW PULSE WIDTH EXPANSION VALVE";1024,92
PXVW60/1012;H_TE;"PXVW60 1/2"""" BW PULSE WIDTH EXPANSION VALVE";1024,92
PXVW60/1022;H_TE;"PXVW60 1"""" BW PULSE WIDTH EXPANSION VALVE";1024,92
RDR;H_TE;REMOTE DIG READOUT FOR VLT 4-20MA INPUT 0-100%DISP;1073,52
SHA06;H_TE;"TRANDR LVL PRB,DIGI 4-20MA,6""""INSERT(HORZ RECR)HALO";1720,44
SHA08;H_TE;"TRANDR LVL PRB,DIG 4-20mA,8"""" INSERT(HORZ RECR)HALO";1751,76
SHA12;H_TE;"TRANS LVL PRB,DIG 4-20mA,12"""" INSERT (HORZ REC)HALO";1819,8
SHA16;H_TE;"TRANS LVL PRB,DIG 4-20mA,16"""" INSERT(HORZ RECR)HALO";1922,4
SHA20;H_TE;"TRANSD LVL PRB,DIG 4-20mA,19.2""""INSERT(HOR REC)HALO";1953,72
SHA24;H_TE;"TRANSD LVL PRB,DIG 4-20mA,23.1""""INSERT(HOR REC)HALO";2036,88
SHAR20;H_TE;"TRANS LVL PRB,DIG 4-20mA,20""""INS,1-1/4""""UNION CON,RL";1990,44
SHP06;H_TE;"TRANDR LVL PRB,0-5VOLT 6""""INSERT(HORZ RECR)HALO";1346,76
SHP08;H_TE;"TRANDR LVL PRB,0-5VOLT 8""""INSERT(HORZ RECR)HALO";1380,24
SHP10;H_TE;"TRANS LVL PRB,0-5V 10""""INSERT LENGTH(HORIZ RECRV)";1410,48
SHP12;H_TE;"TRANS LVL PRB,0-5V 12"""" INSERT LGTH(HORZ RECR)HALO";1446,12
SHP12X;H_TE;TRANS LVL PRB 0-5V HOR RECV HALO ___ INSERTION;1890
SHP14;H_TE;"TRANS LVL PRB,0-5V 14"""" INSERT.LGTH(HOR.RECR)HALO";1515,24
SHP16;H_TE;TRANSD LVL PRB,0-5V 15.3 INSERT(HORZ RECR)HALO;1548,72
SHP16X;H_TE;LVL TRANSD PROBE___INSERT(HORZ RECR) HALO;1953,72
SHP20;H_TE;"TRANSD LVL PRB,0-5V 19.2""""INSERT(HORZ RECR)HALO";1577,88
SHP24;H_TE;"LVL TRANSD PRB,0-5V 23.1""""INSERT(HORZ RECR)HALO";1664,28
SHP24X;H_TE;LVL TRANSD PROB.__ INSERT(HORZ RECR) HALO;2520,72
SHPR06;H_TE;"TRANS.LVL.PRB.6""""INSERT,1-1/4""""UNION CON,ROTALOCK";1385,64
SHPR08;H_TE;"TRANS.LVL.PRB.8""""INSERT,1-1/4""""UNION CON,ROTALOCK";1416,96
SHPR10;H_TE;"TRANS.LVL.PRB.10""""INSERT,1-1/4""""UNION CON,ROTALOCK";1451,52
SHPR12;H_TE;"TRANS LVL PRB,12""""INSERT,1-1/4""""UNION CONN,ROTALOCK";1485
SHPR14;H_TE;"TRANS.LVL.PRB.14""""INSERT,1-1/4""""UNION CON,ROTALOCK";1555,2
SHPR16;H_TE;"TRANS.LVL.PRB.16""""INSERT,1-1/4""""UNION CON,ROTALOCK";1586,52
SHPR20;H_TE;"TRANS.LVL.PRB.20""""INSERT,1-1/4""""UNION CON,ROTALOCK";1616,76
SHPR24;H_TE;"TRANS LVL PRB,24""""INSERT,1-1/4""""UNION CONN,ROTOLOCK";1703,16
SPLF;H_TE;SINGLE PT LVL SNSR,80MA NPN OUTPUT,10-30VDC INPUT,;819,72
SPLN;H_TE;SGLE PT LVL SENSOR,80MA NPN OUT,10-30VDC INPUT,NH3;819,72
SPSF-1;H_TE;SINGLE PT.LVL SWTH,HALO 10 AMP SPDT RLY,115V50/60H;925,56
SPSF-2;H_TE;SINGLE PT LVL SWTCH,5AMP SPDT RLY,230V50/60HZ,HALO;925,56
SPSN-1;H_TE;SINGLE PT LVL SWTCH,NH3 10 AMP SPDT RLY,115V50/60H;925,56
SPSN-2;H_TE;SINGL PT LVL SWTCH,NH3 5AMP SPDT RELAY,230V50/60HZ;925,56
SSHP06;H_TE;"TRANS LVL PRB,0-5VOLT 6""""INSERT,HVY-DTY(HOR.RECV)";1774,44
SSHP08;H_TE;"TRANS LVL PRB,0-5V 8""""INSERT,HVY-DTY.HOR.RECV";1807,92
SSHP10;H_TE;"TRANS LVL PRB,0-5V 10""""INSERT,HVY-DTY(HOR.RECV)";1839,24
SSHP12;H_TE;"TRANS LVL PRB,0-5V 12""""INSERT,HVY-DTY(HOR.RECV)";1874,88
SSHP16;H_TE;"TRANS LVL PRB,O-5V 15.3""""INSERT,HVY-DTY(HOR REC";1976,4
SSHP18;H_TE;"TRANS LVL PRB,0-5V 18"""" HEAVY DUTY (HOR. RECV)";2379,24
SSHP20;H_TE;"TRANS LVL PRB,0-5V 20""""INSERT,HVY-DTY(HOR.RECV)";2006,64
SSHP24;H_TE;"TRANS LVL PRB,0-5V 24""""INSERT,HVY-DTY(HOR.RECV)";2091,96
SSVA36;H_TE;"LEVEL PROBE,4-20mA,36""""INSERT,HEAVY DUTY(VERT REC)";2284,2
SSVA48;H_TE;"LEVEL PROBE,4-20mA,48""""INSERT,HEAVY DUTY(VERT REC)";2368,44
SSVP36;H_TE;"LEVEL PROBE,0-5V,36""""INSERT,HEAVY DUTY(VERT.REC)";1909,44
TS1;H_TE;"TEMP SENSOR,NTC 10K,6.5' WIRE,2"""" X 1/4"""" OD";49,68
TS2;H_TE;TEMP SENSOR, PXVC-PT;143,64
VPM;H_TE;VLV PKG FOR APM/NEAP WLD CONSTR,W/GAUGE VALVES;1762,56
VPMF;H_TE;VLV PKG FOR APMF CONSTRUCTION W/GAUGE VALVES;2755,08
WBA;H_TE;ANTI-SIPHON WATER BUBBLER FLUSH SYSTEM;2649,24
WCC;H_TE;WATER CONDITIONING CARTRIDGE REPLACEMENT;369,36
WCH;H_TE;"WATER CONDITIONING HOUSING FOR WCC,3/4""""FPT";533,52
WTE3;H_TE;ENCLOSURE,WATERTIGHT,NEMA4,PXVC;258,12
WLT;H_TE;"2-WIRE SENSOR WIRE PROBE 20""""-157"""" REPLACES LP AND VLT ";2653,56
WLT-C;H_TE;"3-WIRE SENSOR WIRE PROBE 20""""-157"""" DIRECT MCV CONTROL";3060,72
LPE;H_TE;LP EMULATOR KIT (FOR LP REPLACEMENTS);403,92
20-1018;H_PA;KIT, SWITCH, HLLSW, LONG LEADS FOR PURGER;941,76
20-1131;H_PA;AP 8-POINT TIMER BOARD LESS PLUG-IN CONNECTOR MXE;2446,2
20-1183;H_PA;"(WHITE) CHECK VALVE,1 PSID W/1/32"""" ORIFICE,FOR AP";341,28
20-1184;H_PA;(BLUE) CHECK VALVE, 30 PSID FOR AP;341,28
20-1185;H_PA;(GREEN) CHECK VALVE, 225 PSID FOR AP;351
20-1186;H_PA;RATE METERING VALVE FOR AUTO-PURGER;822,96
20-1196;H_PA;TIMER BOARD CABLE MXE;95,04
20-1197;H_PA;PURGER TO TIMER CABLE MXE;91,8
20-1198;H_PA;METERING VALVE SEAL KIT;61,56
20-1205;H_PA;TRANSFORMER-115/60HZ-24V/60HZ MXE;173,88
20-1214;H_PA;CHECK VALVE SEAL KIT;43,2
20-1236ACT;H_PA;"1/2"""" NPT X 2"""" NIPPLE,ACT";31,32
20-1280;H_PA;4-DIGIT COUNTER WITH RESET & BRACKET MXE;313,2
20-1281;H_PA;5 AMP FUSE FOR AUTO-PURGER MXE KB;21,6
20-1311;H_PA;"KIT,LIQUID DRAINER,3/4"""" FPT X 1/2"""",APW,APPT";942,84
20-1460;H_PA;WATER BUBBLER BRUSH;61,56
20-1498;H_PA;TIME DELAY RELAY,1 HR FIX W/OFF SWITCH,120V MXE CE;610,2
20-1499;H_PA;PURGER CONT BRD W/PLUG-IN CONN.ALL MODELS EXCEPT A;1640,52
20-1500;H_PA;8-PT TIMER BRD W/PLUG-IN CONN.ALL MODLS EXCEPT APC;2520,72
20-1648;H_PA;"1/2"""" METERING STRAINER ASSEM.";385,56
20-1698;H_PA;3AMP FUSE, FAST ACTING 5MM;21,6
20-1737;H_PA;METERING STRAINER BASKET KIT;179,28
20-1738;H_PA;FLOAT BALL ASSEMBLY FOR AUTO-PURGER;465,48
20-1773;H_PA;AP PURG CONROL BOARD LESS CON, 120V/240V MX;1440,72
20-1802ACT;H_PA;"NIPPLE, 3/4"""" X 2-1/2"""" SCH 80,ACT";48,6
20-1845;H_PA;4-POINT POWER BOARD FOR APM;2032,56
20-1948;H_PA;ROTARY SWITCH WITH LEADS FOR AP08;2099,52
20-1959;H_PA;KIT, APW/APM WATER BUBBLER;915,84
20-1985;H_PA;WATER FLOW CONTROLLER FOR AP,APM,&APP;132,84
20-2166;H_PA;O-RING FOR NEAP FLOAT BALL SEAT;21,6
20-2167;H_PA;VESSEL COVER O-RING FOR NON-ELECTRICAL AUTO-PURGER;39,96
20-2177;H_PA;STRAINER/ORIFICE SCREEN ASSEMBLY KIT FOR APM;132,84
20-2199;H_PA;80 PSID CHECK VALVE ASSM TEMP VLV,FOR NEAP PURGER;419,04
20-2200;H_PA;TEMPERATURE VALVE ASSEMBLY KIT FOR NEAP PURGER;289,44
20-2201;H_PA;FLOAT BALL PLUNGER KIT FOR NEAP PURGER;198,72
20-2202;H_PA;KIT, FLOAT BALL SEAT, NEAP;196,56
20-2203;H_PA;STRAINER ORIFICE KIT FOR NEAP;257,04
20-2204;H_PA;225 PSI CHECK VALVE KIT FOR APM & NEAP PURGER;210,6
20-2207;H_PA;SIGHT GLASS, NEAP;54
20-2285;H_PA;STRAINER/ORIFICE SCREEN ASSEMBLY KIT FOR APMF;234,36
20-2300;H_PA;4-POINT CONTROL BOARD ASSEMBLY FOR APM;2473,2
20-2303;H_PA;TEMP SENSOR ASSY FOR THE APM AND APMF;95,04
20-2369;H_PA;VALVE, NEAP, SPOR TXV, R717;1429,92
20-2379;H_PA;80 PSID CHECK VALVE ASSEMBLY FOR APM;373,68
20-2390;H_PA;FLANGE GASKET, SPORLAN LEVELMASTER, PXV;20,52
20-2400;H_PA;KIT, BASIC, MAINTENANCE FOR AP;1798,2
20-2401;H_PA;KIT, COMPLETE, MAINTENANCE FOR AP;2843,64
20-2428;H_PA;ELECTRIC HEATER, 115V;491,4
20-2429;H_PA;THERMOCOUPLE, APP PLATE;321,84
20-2430;H_PA;THERMOCOUPLE, APP LIQUID;427,68
20-2431;H_PA;THERMOCOUPLE, APP SHELL;417,96
20-2432;H_PA;KIT, VAPOR TRAP, APPT;1355,4
20-2477;H_PA;ELECTRIC HEATER, 230V;385,56
20-2489;H_PA;CHECK VALVE, 1 PSID NO ORIFICE, FOR APP;322,92
20-2496;H_PA;CAPACITOR, CERAMIC, 0.1 MICRO FARAD;24,84
20-2568;H_PA;KIT, POWER SUPPLY, APP/APPT;167,4
20-2571;H_PA;KIT, BATTERY, APPT TOUCH PANEL;218,16
20-2578;H_PA;KIT,TOUCH PANEL DISPLAY,APPTC,PROGRAMMED;3621,24
20-2579;H_PA;KIT,TOUCH PANEL DISPLAY,APPTC-2,PROGRAMMED;3621,24
20-2580;H_PA;KIT,TOUCH PANEL DISPLAY,APPT08,PROGRAMMED;3621,24
20-2581;H_PA;KIT,TOUCH PANEL DISPLAY,APPT08-2,PROGRAMMED;3621,24
20-2582;H_PA;KIT,TOUCH PANEL DISPLAY,APPT16,PROGRAMMED;3621,24
20-2583;H_PA;KIT,TOUCH PANEL DISPLAY,APPT16-2,PROGRAMMED;3621,24
20-2584;H_PA;KIT,TOUCH PANEL DISPLAY,APPT24,PROGRAMMED;3621,24
20-2585;H_PA;KIT,TOUCH PANEL DISPLAY,APPT24-2,PROGRAMMED;3621,24
20-2587;H_PA;KIT, (2) FLOAT BALL RET WIRE, NEAP;22,68
20-2589;H_PA;KIT,APP24,COMP CONTROL BOX;22001,76
20-2596;H_PA;KIT,THERMOSTATS,W/BUSHINGS & BRACKETS,AP;621
20-2620;H_PA;KIT, FUSE, 2 AMP, 115V PURGER;20,52
20-2621;H_PA;KIT, FUSE, 15 AMP, 115V PURGER;20,52
20-2622;H_PA;KIT, FUSE, 3 AMP, 220V PURGER;21,6
20-2623;H_PA;KIT, FUSE, 8 AMP, 220V PURGER;21,6
20-2624;H_PA;KIT, PLC, 12 POSITION, APP08, PGMD;1863
20-2625;H_PA;KIT,PLC,8 POSITION,APPC,PGMD;1615,68
20-2626;H_PA;KIT,PLC MODULE,THERMOCOUPLE INPUT,ENHANCED;1280,88
20-2627;H_PA;KIT, PLC MODULE, CURRENT INPUT;939,6
20-2628;H_PA;KIT, PLC MODULE, AC OUTPUT 20-2407;253,8
20-2629;H_PA;KIT, PLC MODULE, AC INPUT/OUTPUT;253,8
20-2631;H_PA;KIT, PLC MODULE, AC INPUT, APP/APPT24-2;251,64
20-2632;H_PA;KIT, PLC, 12 POSITION, APP16, PGMD;1877,04
20-2633;H_PA;APW, VALVE PACKAGE WELDED;2827,44
20-2638;H_PA;KIT, PLC, 12 POSITION, APP24, PGMD;1877,04
20-2639;H_PA;KIT, PLC, 8 POSITION, APPC-2, PGMD;1615,68
20-2640;H_PA;KIT, PLC, 12 POSITION, APP08-2, PGMD;1615,68
20-2641;H_PA;KIT, PLC, 12 POSITION, APP16-2, PGMD;1615,68
20-2642;H_PA;KIT, PLC, 12 POSITION, APP24-2, PGMD;1615,68
20-2657;H_PA;KIT,AP PURG CNTRL BD LESS CON,120V/240V;1440,72
20-2658;H_PA;"KIT,FLANGE,1/2"""" SW,SPORLAN";209,52
20-2707;H_PA;KIT,ANGLE CHECK BODY,FOR APM;88,56
20-2708;H_PA;KIT,WATER INLET ASSY, APM/AP;558,36
20-2709;H_PA;KIT, APM PREVENTATIVE MAINTENANCE;1531,44
20-2710;H_PA;KIT, APMF PREVENTATIVE MAINTENANCE;1531,44
20-2714;H_PA;KIT, APP(T)-115V, PREVENTATIVE MAINTENANCE;1608,12
20-2715;H_PA;KIT, APP(T)-220V, PREVENTATIVE MAINTENANCE;1608,12
20-2716;H_PA;KIT, NEAP, PREVENTATIVE MAINTENANCE;1553,04
20-2717;H_PA;KIT, AP FOUL GAS LINE HARDWARE;535,68
20-2718;H_PA;KIT, AP METERING LINE HARDWARE;280,8
20-2719;H_PA;KIT, AP/APW PURGE GAS LINE HARDWARE;341,28
20-2720;H_PA;KIT, AP SUCTION LINE HARDWARE;327,24
20-2722;H_PA;KIT, AP REPLACEMENT LEDS;222,48
20-2724;H_PA;KIT, AP CABLE SET;167,4
20-2737;H_PA;KIT, FIELD REPLACEMENT, 100/240V QRTZ 7 DAY TIMER;719,28
20-2740;H_PA;KIT, CAPACITOR, APPT PURGER;30,24
20-2742;H_PA;KIT, INSULATION FOR NEAP;160,92
20-2743;H_PA;KIT, LIQUID FEED VALVE, AP;2544,48
20-2744;H_PA;KIT, LIQUID FEED RETRO FIT, AP;2946,24
20-2747;H_PA;KIT, JUMPER, APM;97,2
30-1103;H_PA;"TSTAT REPLACE KIT,1-1/2""""&2"""",RG A 130F(54C)NOMINAL";503,28
30-1104;H_PA;"TSTAT REPLACE KIT,1-1/2""""&2"""",RG B 120F(49C)NOMINAL";503,28
30-1105;H_PA;"TSTAT REPLACE KIT,1-1/2""""&2"""",RG D 140F(60C)NOMINAL";503,28
30-1106;H_PA;"TSTAT REPLACE KIT,2-1/2""""&3"""",RG A 130F(54C)NOMINAL";1177,2
30-1109;H_PA;"TSTAT REPLACE KIT,2-1/2""""&3"""",RG B 120F(49C)NOMINAL";1177,2
30-1112;H_PA;"TSTAT REPLACE KIT, 1"""", RG B 120F(49C) NOMINAL";497,88
30-1113;H_PA;"TSTAT REPLACE KIT, 1"""", RG D 140F(60C) NOMINAL";497,88
30-1114;H_PA;"KIT,2-1/2""""-3"""" HOTV,SEAT RING,SPR,GSKT REPLACEMENT";164,16
30-1115;H_PA;"TSTAT REPLACE KIT, 1"""", RG G 170F(77C) NOMINAL";497,88
30-1117;H_PA;"TSTAT REPLACE KIT,1-1/2""""&2"""",RG F 150F(66C)NOMINAL";503,28
30-1118;H_PA;"TSTAT REPLACE KIT,1-1/2""""&2"""",RG H 110F(43C)NOMINAL";503,28
30-1119;H_PA;"TSTAT REPLACE KIT,2-1/2""""&3"""",RG D 140F(60C)NOMINAL";1177,2
30-1120;H_PA;"TSTAT REPLACE KIT, 1"""", RG H 110F(43C) NOMINAL";497,88
30-1124;H_PA;"GASKET KIT, 1"""" HOTV";41,04
31-1033;H_PA;KIT, ELEMENT, NH3, 0-100PPM, LO TEMP, IP66,EC(HGD);1230,12
31-1034;H_PA;KIT,ELEMENT, NH3, 0-1000PPM, LO TEMP, IP66,EC(HGD);1230,12
31-1035;H_PA;KIT, ELEMENT, NH3, 0-5000PPM, LO TEMP,IP66,EC(HGD);1230,12
31-1036;H_PA;KIT, ELEMENT, R22, 0-1000PPM, LO TEMP,IP66,SC(HGD);667,44
31-1037;H_PA;KIT, CALIBRATION (HGD);691,2
31-1038;H_PA;KIT,ELEMENT,R134A 0-1000PPM,LO TEMP,IP66,SC(HGD);667,44
31-1039;H_PA;KIT,ELEMENT,R404A,0-1000PPM,LO TEMP,IP66,SC(HGD);667,44
31-1040;H_PA;KIT, ELEMENT, R410 0-1000PPM, LO TEMP,IP66,SC(HGD);667,44
31-1041;H_PA;KIT,ELEMENT,R507A,0-1000PPM,LO TEMP,IP66,SC(HGD);667,44
31-1043;H_PA;KIT,ELEMENT,R407A,0-1000PPM,LO TEMP,IP66,SC(HGD);677,16
40-0295;H_PA;"1/4"""" NPT PRESSURE GAUGE 600 PSI, INDICATOR NEEDLE";21,6
40-1003;H_PA;KIT, BLUE INSTALL DATE TAG;27
40-1004;H_PA;KIT, GREEN INSTALL DATE TAG;27
40-1005;H_PA;TOOL, EZA/B/C/LQ PROOF TEST;245,16
40-1006;H_PA;TOOL, EZE/F PROOF TEST;303,48
40-1007;H_PA;O-RING KIT, EZA/B/C/LQ;30,24
40-1008;H_PA;O-RING KIT, EZE/F;45,36
40-1013;H_PA;KIT, INDICATOR TEST MAGNET, POP-EYE;48,6
50-0720ACT;H_PA;"NIPPLE,1""""SCH 80 X 2-1/2"""" LONG,ACT";50,76
50-0721ACT;H_PA;"NIPPLE 1-1/4"""" SCHEDULE 80 X 2-1/2"""",ACT";55,08
50-1004;H_PA;"SEAT DISC ASSEM 1"""",1-1/4"""" AS/GS/AT/GT/ SHUTOFF VLV";108
50-1005;H_PA;"HANDWHEEL KIT FOR 1/2"""" - 1-1/4"""" SHUT-OFF VALVE";65,88
50-1009;H_PA;"BONNET ASSY,1/2"""" VT/RT SCRW BNT,EXP REG.";284,04
50-1010;H_PA;"BONNET ASSEMBLY FOR 1"""" OLD STYLE,SCRW BNT,EXP REG.";340,2
50-1011;H_PA;"BONNET ASSY.FOR 1-1/4"""" OLD STYLE SCRW BNT EXP.REG.";293,76
50-1012;H_PA;"BAR HANDLE KIT FOR 3/8"""" - 1-1/4"""" EXPANSION VALVE";60,48
50-1013;H_PA;"THROTT. PLUG ASSEM 1/2"""" RS/VS EXPAN REG";187,92
50-1014;H_PA;"THROTTLING PLUG ASSY 3/4"""" RT076,VT076,EXP.REG";198,72
50-1015;H_PA;"THROTTLING PLUG ASSM FOR 1"""" RS/VS/RSB/VSB EXP REG";189
50-1016;H_PA;THROTTLG PLUG ASSY FOR 1-1/4 RS/VS/RSB/VSB EXP REG;230,04
50-1021;H_PA;"BONNET ASSY KIT,1"""",1-1/4"""" OLD STYL SCRW BONNET SOV";234,36
50-1023;H_PA;"GASKET KIT 1-1/2"""",2"""" AS/GS RS/VS SHUT-OFF VLV";61,56
50-1024;H_PA;"KIT,BONNET ASSY,1-1/2"""" & 2"""" AS/GS SOV,MVP";469,8
50-1025;H_PA;"SEAT DISC ASSM FOR 1-1/2"""", 2"""" AS/GS SHUT-OFF VALVE";250,56
50-1026;H_PA;"HANDWHEEL KIT FOR 1-1/2""""-2"""" AS/GS SHUT-OFF VALVE";109,08
50-1027;H_PA;"SEAL CAP KIT W\GASKET,1-1/2,2""""AS/GS SOV,4"""" HCK2";132,84
50-1028;H_PA;"BONNET ASSY,1/2""""& 3/4"""" OLD STYL,SCRW BNT SOV";177,12
50-1030;H_PA;"KIT,""""G"""" BONNET 3/4"""" OLD STYLE SCR BNT EXP REG";253,8
50-1031;H_PA;"KIT,BONNET ASSY,1-1/2"""" RS/VS EXP REGULATOR,MVP";579,96
50-1032;H_PA;"KIT,BONNET ASSY FOR 2"""" RS/VS EXP REGULATOR,MVP";551,88
50-1036;H_PA;"KIT,SEAL CAP,BLACK,3/8""""-1-1/4"""" AS/GS,AT/GT";59,4
50-1037;H_PA;"HANDWHEEL KIT FOR 2-1/2"""" & 3"""" 4"""" SHUT-OFF VALVE";150,12
50-1038;H_PA;"SEAL CAP KIT FOR BLUE 2-1/2"""", 3"""",4"""" SOV,5""""HS9BW";219,24
50-1039;H_PA;"BAR HANDLE KIT 1-1/2"""",2"""" RS/VS,RW/VW EXPANSION REG";84,24
50-1040;H_PA;"GASKET KIT FOR 3/8""""-1-1/4"""" AS/GS/AT/GT SOV";48,6
50-1041;H_PA;"BONNET ASSY KIT 3/8"""",1/2"""",3/4"""" SCWD BNT SOV,OLD ST";198,72
50-1042;H_PA;"SEAT DISC ASM 1/2,3/4 SW 3/8,1/2,3/4""""FPT SHUT-OFF";101,52
50-1043;H_PA;"GASKET KIT FOR 2-1/2"""",3"""" AS/GS,AW/GW SOV,HSCK";63,72
50-1044;H_PA;"BONNET ASSY FOR 2-1/2""""& 3"""" AS/GS, AW/GW SHUT-OFF";610,2
50-1045;H_PA;"SEAT DISC ASSM FOR 2-1/2"""" 3"""" AW/GW SHUT-OFF VALVE";174,96
50-1046;H_PA;"THROTTLING PLUG ASSY 1-1/2"""" RS/VS/RW/VW EXP REG.";313,2
50-1047;H_PA;"THROTTLING PLUG ASSM FOR 2""""RS/VS EXP REGULATOR";407,16
50-1048;H_PA;"KIT,YELLOW SEAL CAP,1-1/2"""" - 2"""" HEV";111,24
50-1049;H_PA;"YELLOW SEAL CAP,O-RING 3/8""""-1-1/4"""" EXPANSION REG";61,56
50-1050;H_PA;"SEAL CAP KIT, 2-1/2"""" - 4"""" HAND EXPANSION VALVE";108
50-1051;H_PA;"BAR HANDLE FOR 2-1/2"""", 3"""" EXPANSION REGULATOR";102,6
50-1052;H_PA;"BONNET ASSEMBLY FOR 3"""" AW/GW SHUT-OFF VALVE";1627,56
50-1053;H_PA;THROTTLING PLUG KIT FOR RS/RSB/VS/VSB051 EXP REG.;141,48
50-1054;H_PA;THROTTLING PLUG KIT FOR RS/RSB/VS/VSB076 EXP REG.;143,64
50-1057;H_PA;"BONNET ASSEMBLY FOR 3/4"""" RS,VS EXPANSION VALVE";253,8
50-1058;H_PA;"THROTTLING PLUG ASSEM 3"""" EXPANS REG";770,04
50-1059;H_PA;"THROTTLING PLUG ASSM FOR 2-1/2"""" EXPANSION VALVE";741,96
50-1060;H_PA;"THROTTLING PLUG ASSM 3/8""""RT038,VT038 EXP.REG.";132,84
50-1061;H_PA;"KIT,THROTTLING PLUG,1/2"""" RT,VT EXP.REG.";140,4
50-1062;H_PA;"KIT,THROTTLING PLUG,3/4"""" RT,VT EXP.REG.";185,76
50-1063;H_PA;THRTL PLUG KIT FOR RW401 & VW401 EXP REG.;711,72
50-1065;H_PA;"GASKET KIT FOR 4"""" AW401/GW401, AW402/GW402";87,48
50-1066;H_PA;BONNET ASSEMBLY KIT FOR AW402/GW402 SHUT-OFF VLV;832,68
50-1067;H_PA;"SEAT DISC ASSY FOR 4"""" GW,AW(BLUE)SHUT-OFF VALVE";210,6
50-1068;H_PA;BONNET ASSEM RS125, VS125 EXPANSION REGULATOR;312,12
50-1069;H_PA;BAR HANDLE KIT FOR GAUGE VALVES;31,32
50-1070;H_PA;"GASKET KIT FOR 1/4"""" GAUGE, PURGE & NEEDLE VALVES";30,24
50-1071;H_PA;"SC KIT,1/4"""" GAUGE VLV, HS7, 3/4""""-1-1/4"""" HA4A, HS4A";61,56
50-1072;H_PA;"METAL SEAL CAP KIT FOR """"G"""" VALVES W/WIRE SEAL ASSY";98,28
50-1073;H_PA;"SEAL CAP WIRE SEAL ASSY TO ABOVE VLV.(1-1/2""""&2)";122,04
50-1074;H_PA;"GASKET KIT FOR 3/8"""" GAUGE, PURGE, & NEEDLE VLVS";43,2
50-1078;H_PA;"KIT, BONNET FOR 3"""" RW,VW EXPANSION VALVES";768,96
50-1080;H_PA;"BONNET ASSEMBLY FOR 5""""SHUT-OFF VALVE GW500, AW500";1360,8
50-1081;H_PA;"KIT,BONNET ASSY,6""""SHUTOFF";1605,96
50-1082;H_PA;"GASKET KIT FOR 5"""" SHUT-OFF VALVE AW500/GW500";108
50-1083;H_PA;"GASKET KIT FOR 6"""" SHUT-OFF VALVE AW600/GW600";113,4
50-1084;H_PA;"GASKET KIT FOR 8"""" SHUT-OFF VALVES AW800/GW800";213,84
50-1086;H_PA;"DISC KIT FOR 5"""" SHUT-OFF VALVE AW500,GW500";231,12
50-1087;H_PA;"DISC KIT FOR 6"""" SHUT-OFF VALVE AW600/GW600";289,44
50-1088;H_PA;"DISC KIT FOR 8"""" SHUT-OFF VALVE AW800/GW800";312,12
50-1089;H_PA;"HW KIT FOR 5"""" AND 6"""" SHUT- OFF VLV,AW500H/GW500H";227,88
50-1090;H_PA;"HW KIT FOR 8""""HANSEN AW800H/GW800H,SHUT-OFF";417,96
50-1091;H_PA;"SC KIT FOR 5&6""""HANSEN AW500C/GW500C,SHUT-OFF";210,6
50-1092;H_PA;"SC KIT, 8"""" & 10"""" HANSEN SOV";346,68
50-1094;H_PA;"BONNET KIT FOR 1/2"""" AND 3/4"""" 4-BOLT SHUT-OFF VALVE";234,36
50-1095;H_PA;"BONNET KIT FOR 1"""",1-1/4"""" BOLT BONNT SOV,MVP";234,36
50-1104;H_PA;"BONNET KIT 1/2"""" 4BOLT HEV, SOV";205,2
50-1105;H_PA;"BONNET KIT 3/4"""" 4BOLT EXPANSION SHUT-OFF VLV";253,8
50-1106;H_PA;"BONNET KIT FOR THE 1"""" 4-BOLT EXPAN SHUT-OFF VALVE";236,52
50-1107;H_PA;"BONNET KIT,1-1/4"""" 4-BOLT EXPANSION,SHUTOFF VLV,MVP";274,32
50-1108;H_PA;"KIT, BONNET FOR 2-1/2"""" RW251, VW251";878,04
50-1122;H_PA;"KIT, GASKET 10"""" BW SOV";468,72
50-1123;H_PA;"KIT, GASKET 12"""" BW SOV";591,84
50-1124;H_PA;"KIT, GASKET 14"""" BW SOV";692,28
50-1125;H_PA;"KIT, BONNET ASSEMBLY 10""""";6532,92
50-1126;H_PA;"KIT, BONNET ASSEMBLY 12""""";9493,2
50-1127;H_PA;"KIT, BONNET ASSEMBLY 14""""";12495,6
50-1128;H_PA;"KIT, SEAT DISK FOR 10""""GW1000,AW1000";373,68
50-1129;H_PA;"KIT, DISK 12"""" BW SOV";680,4
50-1130;H_PA;"KIT, DISK 14"""" BW SOV";853,2
50-1131;H_PA;"KIT, HANDWHEEL 10"""" SOV";451,44
50-1132;H_PA;"KIT, HANDWHEEL 12"""" & 14""""";1143,72
50-1134;H_PA;"KIT, SEAL CAP 12"""" & 14"""" SOV";587,52
50-1136;H_PA;"KIT, GASKET 1-1/2""""-2"""" STOP-CHECK";60,48
50-1138;H_PA;"KIT, GASKET 4"""" STOP-CHECK";98,28
50-1139;H_PA;"KIT, GASKET 5"""" STOP-CHECK";180,36
50-1140;H_PA;"KIT, GASKET 6"""" STOP-CHECK";203,04
50-1141;H_PA;"KIT, ASSY, 1-1/4"""" BONNET, HSCK";613,44
50-1142;H_PA;"KIT, BONNET ASSEMBLY- HSCK 1-1/2"""" & 2""""";677,16
50-1143;H_PA;"KIT, BONNET ASSEMBLY- HSCK 2-1/2"""" & 3""""";825,12
50-1144;H_PA;"KIT, BONNET ASSEMBLY, HSCK 4""""";1695,6
50-1145;H_PA;"KIT, BONNET ASSEMBLY,HSCK 5""""";3569,4
50-1147;H_PA;"KIT, 1-1/4"""" DISC. ASSY, STOP/CHECK VLV";213,84
50-1148;H_PA;"KIT, 1-1/2""""-2""""  DISC. ASSY, STOP/CHECK VLV";277,56
50-1149;H_PA;"KIT, 2-1/2""""-3"""" DISC. ASSY, STOP/CHECK VLV";328,32
50-1150;H_PA;"KIT, 4"""" DISC. ASSY, STOP/CHECK VLV";556,2
50-1151;H_PA;"KIT, 5"""" DISC. ASSY, STOP/CHECK VLV";1139,4
50-1152;H_PA;"KIT, 6"""" DISC. ASSY, STOP/CHECK VLV";1274,4
50-1153;H_PA;"KIT, 1-1/4"""" GASKET, HSCK";48,6
50-1164;H_PA;"GASKET KIT 1-1/2"""",2"""" ASE/GSE RSE/VSE SOV";74,52
50-1165;H_PA;"EXT BONNET ASSEMBLY KIT FOR 1-1/2""""-2"""" SOV";548,64
50-1166;H_PA;"GASKET KIT FOR 2-1/2"""",3"""", ASE/GSE,AWE/GWE SOV";109,08
50-1167;H_PA;"EXT BONNET ASSY FOR 2-1/2"""",3"""", ASE/GSE,AWE/GWE SOV";801,36
50-1171;H_PA;"KIT, GASKET 1/2"""" - 1-1/4"""" EXT. NECK SOV";39,96
50-1172;H_PA;"BONNET KIT FOR 1/2"""" AND 3/4"""" EXT. NECK SOV";272,16
50-1173;H_PA;"BONNET KIT 1/2"""" EXPANSION, EXTENDED BONNET";250,56
50-1174;H_PA;"BONNET KIT FOR 1"""" AND 1-1/4"""" EXT. NECK SOV";351
50-1175;H_PA;"BONNET KIT 3/4"""" EXPANSION, EXTENDED BONNET";278,64
50-1176;H_PA;"BONNET KIT 1""""  EXPANSION, EXTENDED BONNET";324
50-1177;H_PA;"BONNET KIT 1-1/4"""" EXPANSION, EXTENDED BONNET";375,84
50-1178;H_PA;"BONNET KIT 1-1/2"""" EXPANSION, EXTENDED BONNET";545,4
50-1179;H_PA;"BONNET KIT 2"""" EXPANSION, EXTENDED BONNET";603,72
50-1180;H_PA;"BONNET KIT 2-1/2"""" EXPANSION, EXTENDED BONNET";916,92
50-1181;H_PA;"BONNET KIT 3"""" EXPANSION, EXTENDED BONNET";1192,32
50-1182;H_PA;"BONNET KIT 4"""" EXPANSION, EXTENDED BONNET";1555,2
50-1184;H_PA;"BONNET KIT FOR 4"""" EXT. NECK SOV";1300,32
50-1193;H_PA;"KIT, HANDWHEEL FOR 16""""-18"""" HANSEN SOV";3256,2
50-1194;H_PA;"KIT, 16""""-18"""" SEAL CAP, HANSEN SOV";792,72
50-1195;H_PA;"KIT, GASKET 1/2""""-3/4"""",3WAY DUAL SOV";29,16
50-1196;H_PA;"KIT, GASKET, 16"""" BW SOV";1232,28
50-1197;H_PA;"KIT, GASKET, 18"""" BW SOV";1238,76
50-1198;H_PA;"KIT, BONNET ASSEMBLY, 16"""" BW SOV";24402,6
50-1199;H_PA;"KIT, BONNET ASSEMBLY, 18"""" BW SOV";24666,12
50-1201;H_PA;"KIT, DISC 18"""" BW SOV";1050,84
50-1202;H_PA;"KIT, BONNET 1-1/2""""-2"""" AS/GS SOV W/S.S. TRIM";270
50-1203;H_PA;"GASKET KIT, 4"""" AWE/GWE SOV";105,84
50-1212;H_PA;"GREEN SEAL CAP KIT W\O-RING,3/4""""-1-1/4""""MVP";60,48
50-1213;H_PA;"KIT,GREEN SEAL CAP W\GASKET,1.5""""-2""""SCK,MVP40/50-4";132,84
50-1215;H_PA;"KIT,BONNET,3/4"""" - 1-1/4"""",CHECK/STRNR,MVP";290,52
50-1216;H_PA;"KIT,BONNET,1-1/2"""" - 2"""",CHECK,MVP";459
50-1217;H_PA;"KIT,BONNET,3/4"""" - 1-1/4"""",BLANK,MVP";290,52
50-1218;H_PA;"KIT,BONNET,1-1/2"""" - 2"""",BLANK,MVP";459
61-0055;H_PA;KIT,INT69 MOTOR OVER-TEMP CUTOUT RELAY 120V;943,92
61-1064;H_PA;KIT,PISTON & SPRING,HFC98N;1171,8
61-1065;H_PA;KIT,PISTON & SPRING,HFC32N;826,2
65-1001;H_PA;FLOAT BALL ASSEMBLY KIT FOR HT300MF;1802,52
65-1002;H_PA;GASKET KIT FOR HT100;156,6
65-1003;H_PA;FLOAT BALL ASSEMBLY KIT FOR HT100MN;1040,04
65-1004;H_PA;FLOAT BALL ASSEMBLY KIT FOR HT200MF;1396,44
65-1014;H_PA;FLOAT BALL ASSEM KIT HT100MF FOR HALO;967,68
65-1018;H_PA;FLOAT BALL ASSEMBLY KIT FOR HT200MN;1396,44
65-1019;H_PA;GASKET KIT FOR HT200;179,28
65-1020;H_PA;GASKET KIT FOR HT300;209,52
65-1021;H_PA;FLOAT BALL ASSEMBLY KIT FOR HT200LN;1396,44
65-1022;H_PA;FLOAT ASSEMBLY KIT FOR HT200HN;1396,44
65-1023;H_PA;FLOAT BALL ASSEMBLY KIT FOR HT300MN;1802,52
65-1024;H_PA;FLOAT BALL ASSEMBLY KIT FOR HT300HN;1802,52
65-1025;H_PA;FLOAT BALL ASSEMBLY KIT FOR HD101N;1040,04
65-1026;H_PA;FLOAT BALL ASSEMBLY KIT FOR HD101F;1040,04
65-1027;H_PA;FLOAT BALL ASSEMBLY KIT FOR HT100LN;1040,04
65-1028;H_PA;FLOAT BALL ASSEMBLY KIT FOR HT100LF;1040,04
65-1029;H_PA;FLOAT BALL ASSEMBLY KIT FOR HT100HF;1040,04
65-1030;H_PA;FLOAT BALL ASSEMBLY KIT FOR HT200HF;1396,44
65-1031;H_PA;FLOAT BALL ASSEMBLY KIT FOR HT300HF;1802,52
65-1032;H_PA;FLOAT BALL ASSEMBLY KIT FOR HT300LN;1802,52
67-0009;H_PA;7 DAY TIMECLOCK 120V/230V (OLD FM/P-71/72-A);272,16
67-0029;H_PA;TIMESWITCH, 24HR GRASSLIN 115V(FM/P-11/12-B);272,16
67-0030;H_PA;TIMESWITCH, 7-DAY GRASSLIN 115V(FM/P-71/72-B);272,16
67-1013;H_PA;KIT, REFRIGERANT KEY FOR R-22;108
67-1014;H_PA;KIT, REFRIGERANT KEY FOR R-134a;108
67-1015;H_PA;KIT, REFRIGERANT KEY FOR R-404A;108
67-1016;H_PA;KIT, REFRIGERANT KEY FOR R-507A;108
70-0178;H_PA;"Q-MIN FLANGE UNION ASSEMBLY 1""""SW FOR CNF32,CNF40";249,48
70-0180;H_PA;"Q-MIN FLANGE UNION ASSEMBLY 1/2"""" FPT END";228,96
70-0181;H_PA;"Q-MIN FLANGE UNION ASSEMBLY 3/4"""" FPT";232,2
70-0183;H_PA;"Q-MIN FLANGE UNION ASSEMBLY 3/4"""" SW";232,2
70-0390;H_PA;EXPLOSION PROOF ASCO SOLENOID VALVE 120V 60HZ;1215
70-0517;H_PA;COIL,ASCO,120V TYPE 7 EXPLOSION PRF,238-614-032;942,84
70-0518;H_PA;COIL,ASCO,220V TYPE 7 EXPLOSION PRF,238-614-058;942,84
70-0519;H_PA;EXPLOSION PROOF ASCO SOLENOID VLV, 220V 60HZ;1215
70-0784;H_PA;EXPLOSION PROOF ASCO SOLENOID VALVE, 12-24V DC;603,72
70-1001;H_PA;BONNET CARTRIDGE KIT FOR HS8A/HS8W SOLENOID VALVE;293,76
70-1002;H_PA;PISTON ASSEMBLY KIT FOR HS8A/HS8W SOLENOID VALVE;158,76
70-1003;H_PA;STEM KIT FOR HS8 SOLENOID VALVE;154,44
70-1005;H_PA;GASKET KIT FOR HS8A,HS8W SOLENOID VALVE;65,88
70-1006;H_PA;BOLT AND NUT KIT FOR HS6 & HS8 (LESS STRAINER);22,68
70-1007;H_PA;LONG BOLT AND NUT KIT FOR HS6 & HS8(WITH STRAINER;22,68
70-1011;H_PA;GASKET KIT FOR HS6 SOLENOID VALVE;60,48
70-1012;H_PA;KIT, HS6 ASSEMBLY BODY REPLACEMENT;344,52
70-1017;H_PA;GASKET KIT FOR HS7, HCK1;82,08
70-1018;H_PA;BONNET-CARTRIDGE KIT HS7;386,64
70-1019;H_PA;"KIT,PISTON ASSY,3/4"""" HS7 SOL VLV,HCK1";361,8
70-1020;H_PA;"KIT,PISTON ASSY,FOR 1"""" HS7,HCK1";386,64
70-1021;H_PA;"KIT, PISTON ASSY, FOR 1-1/4"""" HS7, HCK1";410,4
70-1022;H_PA;STEM KIT HS7;83,16
70-1024;H_PA;FLANGE BOLT AND NUT KIT FOR HS7 (LESS STRAINER);48,6
70-1025;H_PA;FLANGE BOLT AND NUT KIT FOR HS7 (COUPLED FOR STR);56,16
70-1038;H_PA;"KIT,PISTON ASSY,HS7,3/4"""" (NEW SC)";375,84
70-1039;H_PA;"KIT,PISTON ASSY,HS7,HCK1,1"""" (NEW SC)";375,84
70-1040;H_PA;"KIT,PISTON ASSY,HS7,HCK1,1-1/4"""" NEW SC";375,84
70-1041;H_PA;KIT, STEM HS7 (NEW SEAL CAP);110,16
70-1059;H_PA;HANSEN PLUNGER KIT;178,2
70-1068;H_PA;REMOVEABLE SEAT/ORIFICE KIT FOR APM(SOL B OR C);78,84
70-1069;H_PA;REMOVEABLE SEAT/ORIFICE KIT FOR APM(SOLENOID A);78,84
70-1072;H_PA;SOLENOID TUBE/ PLUNGER KIT, FOR PXV/PXVW;308,88
70-1075;H_PA;SEAL CAP KIT FOR HS8A,HS6;30,24
70-1109;H_PA;"KIT, UPPER PISTON, 3/4""""-1-1/4"""" HS4D";231,12
70-1110;H_PA;"KIT, UPPER PISTON, 1-1/2"""" - 2"""" HS4D";251,64
70-1111;H_PA;"KIT, UPPER PISTON, 2-1/2""""-3"""" HS4D";355,32
70-1112;H_PA;"KIT, UPPER PISTON, 4"""" HS4D";552,96
70-1114;H_PA;KIT,PLUNGER/TUBE ASSY,N.O. SOLENOID;480,6
70-1125;H_PA;KIT, GASKET, PXVW, HS8W;65,88
70-1128;H_PA;KIT, ADJUSTABLE STEM, PXVW;152,28
70-1129;H_PA;KIT, PISTON/SEAT FOR PXVW60;205,2
70-1130;H_PA;KIT, DIN CONNECTOR/GASKET/SCREW;28,08
70-1132;H_PA;KIT, PISTON/SEAT FOR HS8W;314,28
70-1133;H_PA;KIT, BONNET CARTRIDGE, PXVW60;585,36
70-1139;H_PA;KIT, SEAL CAP, PXVW;88,56
70-1140;H_PA;"KIT,2-STEP """"SD"""" UPPER HOUSING,MVP20-MVP32";1135,08
70-1141;H_PA;"KIT,2-STEP """"SD"""" UPPER HOUSING,MVP40-MVP50";1355,4
70-1145;H_PA;KIT, SEAT/TOOL FOR HS8W;216
70-1158;H_PA;KIT, SOL TUBE SCREWS & O-RING (-115);58,32
75-0094;H_PA;"SEAT RING REMOVAL TOOL FOR 3"""" HA4A/HS4A VALVES";291,6
75-0263;H_PA;"SEAT RING REMOVAL TOOL FOR 2-1/2"""" HA4A/HS4A VALVES";260,28
75-0264;H_PA;"TOOL, SEAT RING REMOVAL, 1-1/2""""&2"""" CNTRL VLV";401,76
75-0265;H_PA;"SEAT RING REMOVAL TOOL FOR 4"""" HA4A/HS4A VALVES";344,52
75-1004;H_PA;"PISTON/SEAT KIT 2"""" FOR HCK2";322,92
75-1005;H_PA;"PISTON/SEAT KIT 2-1/2"""" FOR HCK2";395,28
75-1006;H_PA;"PISTON/SEAT KIT 3"""" FOR HCK2";419,04
75-1007;H_PA;"GASKET KIT 1-1/2"""", 2"""" FOR HCK2 & HS9B";61,56
75-1008;H_PA;"GASKET KIT 2-1/2"""" FOR HCK2 & HS9B";65,88
75-1009;H_PA;"GASKET KIT 3"""" FOR HCK2 & HS9B";82,08
75-1010;H_PA;"STEM KIT 1-1/2"""", 2"""" FOR HCK2";156,6
75-1011;H_PA;"STEM KIT 2-1/2"""" FOR HCK2";163,08
75-1012;H_PA;"STEM KIT 3"""" FOR HCK2";179,28
75-1013;H_PA;"STEM KIT 4"""" FOR HCK2";189
75-1014;H_PA;"SEAL CAP KIT FOR 1-1/2"""",2""""& 3"""" HA4A, HS4A";116,64
75-1016;H_PA;KIT,DISC STRAINER,GAS POWERED VLV;113,4
75-1017;H_PA;"GASKET KIT 4"""" FOR HCK2 & HS9B";95,04
75-1018;H_PA;"PISTON/SEAT KIT FOR 4"""" HCK2";490,32
75-1019;H_PA;"PISTON KIT FOR 3/4"""" - 1-1/4"""" HA4A, HS4A";231,12
75-1020;H_PA;"V-PORT/SEAT KIT FOR 3/4"""" HA4,HS4,HS4D,MVP20";206,28
75-1021;H_PA;"V-PORT/SEAT KIT FOR 1"""" HA4A, HS4A, HS4D";272,16
75-1022;H_PA;"V-PORT/SEAT KIT FOR 1-1/4"""" HA4, HS4, HS4D";282,96
75-1023;H_PA;"GASKET KIT FOR 3/4"""" - 1-1/4"""" HA4A, HS4A";55,08
75-1024;H_PA;"MANUAL OPENING STEM KIT FOR 3/4""""-1-1/4""""HA4A,HS4A";76,68
75-1025;H_PA;"PISTON KIT FOR 1-1/2"""", 2"""" HA4A, HS4A";379,08
75-1026;H_PA;"PISTON KIT FOR 2-1/2"""" HA4A, HS4A";491,4
75-1027;H_PA;"PISTON KIT FOR 3"""" HA4A, HS4A";588,6
75-1028;H_PA;"PISTON KIT FOR 4"""" HA4A, HS4A";655,56
75-1029;H_PA;"V-PORT/SEAT KIT FOR 1-1/2"""" HA4A, HS4A";303,48
75-1030;H_PA;"V-PORT/SEAT KIT FOR 2"""" HA4A, HS4A";394,2
75-1031;H_PA;"V-PORT/SEAT KIT FOR 2-1/2"""" HA4A, HS4A";432
75-1032;H_PA;"V-PORT/SEAT KIT FOR 3"""" HA4A, HS4A";465,48
75-1033;H_PA;"V-PORT/SEAT KIT FOR 4"""" HA4A, HS4A";508,68
75-1039;H_PA;"GASKET KIT FOR 1-1/2"""", 2"""" HA4A, HS4A";65,88
75-1040;H_PA;"GASKET KIT FOR 2-1/2"""" HA4A, HS4A";82,08
75-1041;H_PA;"GASKET KIT FOR 3"""" HA4A, HS4A";87,48
75-1042;H_PA;"GASKET KIT FOR 4"""" HA4A, HS4A";95,04
75-1047;H_PA;"KIT,ADAPTR,3/4""""-1-1/4""""SINGL PORT,HA4A,HS4A,MVP";336,96
75-1048;H_PA;"3/4"""" - 1-1/4"""" 3-PORT ADAPTER KIT,HA4A,MVP";567
75-1049;H_PA;"SINGLE PORT ADAPTR KIT FOR 1-1/2"""",2"""" HA4A,HS4A,MVP";552,96
75-1050;H_PA;"3-PORT ADAPTER KIT FOR 1-1/2"""", 2"""" HA4A, MVP";700,92
75-1051;H_PA;"SINGLE PORT ADAPTER KIT FOR 2-1/2""""-3"""" HA4A, HS4A";602,64
75-1052;H_PA;"3-PORT ADAPTER KIT FOR 2-1/2"""" & 3"""" HA4A";869,4
75-1053;H_PA;"SINGLE PORT ADAPTER KIT FOR 4"""" HA4A, HS4A";876,96
75-1056;H_PA;"GASKET KIT FOR 1-1/4"""" HCK2 & HS9B";61,56
75-1057;H_PA;"PISTON/SEAT KIT FOR 1-1/4"""" HCK2";276,48
75-1065;H_PA;"1-1/2""""& 2"""" PISTON SEAT KIT HCK1";324
75-1066;H_PA;"KIT,PISTON,2-1/2"""" - 3"""" HCK1";558,36
75-1067;H_PA;"4"""" HCK1 PISTON KIT";792,72
75-1071;H_PA;KIT, PORT PLUG O-RING & GASKET;24,84
75-1073;H_PA;"PISTON/SEAT KIT FOR 1-1/2"""" HCK2";293,76
75-1074;H_PA;"KIT, GASKET 3/4"""" - 1-1/4"""" HCK1";65,88
75-1075;H_PA;"KIT, GASKET 1-1/2"""" - 2"""" HCK1";72,36
75-1076;H_PA;"KIT, GASKET 2-1/2"""" HCK1";76,68
75-1077;H_PA;"KIT, GASKET 3"""" HCK1";77,76
75-1078;H_PA;"KIT, GASKET 4"""" HCK1";101,52
75-1107;H_PA;DIAPHRAM KIT CONTROL MODULES(PILOTS M3,M3K,M3P/L);63,72
75-1108;H_PA;DIAPHRAGM KIT, RANGE V, INLET;63,72
75-1109;H_PA;"SEALED PISTON KIT FOR 5"""" & 6"""" HCK2W";1596,24
75-1110;H_PA;"PISTON KIT FOR 5"""" & 6"""" HA4W, HS4W";1832,76
75-1111;H_PA;"GASKET KIT FOR 5"""" & 6"""" HA4W, HS4W";177,12
75-1112;H_PA;"V-PORT/SEAT KIT FOR 5"""" HA4W, HS4W";1111,32
75-1113;H_PA;"V-PORT/SEAT KIT FOR 6"""" HA4W, HS4W";1332,72
75-1114;H_PA;"3-PORT ADAPTER KIT FOR 4"""" HA4A REG.";1668,6
75-1115;H_PA;"PISTON/SEAT KIT FOR 1-1/4""""HS9B";508,68
75-1116;H_PA;"PISTON/SEAT KIT FOR 1-1/2""""HS9B";556,2
75-1117;H_PA;"PISTON/SEAT KIT FOR 2"""" HS9B";587,52
75-1118;H_PA;"PISTON/SEAT KIT FOR FOR 2-1/2"""" HS9B";663,12
75-1119;H_PA;"PISTON/SEAT KIT FOR 3"""" HS9B";693,36
75-1120;H_PA;"PISTON/SEAT KIT FOR 4"""" HS9B";916,92
75-1129;H_PA;"3/4"""" V-PORT/SEAT KIT,HA4AO/AK(5#SPR),MVP20-AK/AO";209,52
75-1130;H_PA;"1"""" V-PORT/SEAT KIT FOR HA4AO/AK(5#SPR),MVP25-AK/AO";272,16
75-1131;H_PA;"V-PORT SEAT KIT FOR 1-1/4"""" HA4AO/AK/MVP32-AO/AK";291,6
75-1134;H_PA;"SEALED PISTON/SEAT KIT FOR 5""""/6"""" HS9BW";1596,24
75-1135;H_PA;"SEALED PISTON KIT,5"""" & 6"""" HCK1W";1087,56
75-1140;H_PA;DIAPHRAM AND GSKT KIT FOR HA4AM CONT MODULE(PILOT);60,48
75-1188;H_PA;"KIT, 1-1/2""""-2"""" PISTON FOR HCK5";291,6
75-1189;H_PA;"KIT, 2-1/2""""  PISTON FOR HCK5";470,88
75-1190;H_PA;"KIT, 4"""" PISTON FOR HCK5";967,68
75-1191;H_PA;"KIT, 5""""-6"""" PISTON FOR HCK5W";1596,24
75-1192;H_PA;"KIT, 3""""  PISTON FOR HCK5";513
75-1216;H_PA;"KIT, 1-1/2""""-2"""" PISTON/SEAT, HCK5D";1162,08
75-1217;H_PA;"KIT, PISTON/SEAL 2-1/2"""" HCK5D";1162,08
75-1218;H_PA;"KIT, 3"""" PISTON/SEAT KIT, HCK5D";1611,36
75-1219;H_PA;"KIT, 4"""" PISTON/SEAT KIT, HCK5D";2185,92
75-1220;H_PA;"KIT, 1-1/2""""-2"""" GASKET HCK5D";60,48
75-1221;H_PA;"KIT, 3"""" GASKET, HCK5D";83,16
75-1222;H_PA;"KIT, GASKET 4"""" HCK5D";102,6
75-1231;H_PA;"KIT, 1-1/4"""" V-PORT/SEAT, 50% REDUCED FOR HA4A";732,24
75-1232;H_PA;"KIT,1-1/2"""" V-PORT/SEAT,HA4A,HS4A,HS4D,MVP,50% RED";787,32
75-1233;H_PA;"KIT, 2-1/2""""  V-PORT/SEAT, 50% REDUCED FOR HA4A";901,8
75-1234;H_PA;"KIT, 3""""  V-PORT/SEAT, 50% REDUCED FOR HA4A";937,44
75-1235;H_PA;"KIT, 4""""  V-PORT/SEAT, 50% REDUCED FOR HA4A";1544,4
75-1236;H_PA;"KIT,5"""" V-PORT/SEAT,50% REDUCED FOR HA4W";3890,16
75-1238;H_PA;"KIT,1-1/2"""" V-PORT/SEAT,HA4A,HS4A,HS4D,MVP,25% RED";787,32
75-1247;H_PA;"BONNET KIT,3/4"""" TO 1-1/4"""",SCK,SCKHEV,MVP";333,72
75-1248;H_PA;"KIT,BONNET,3/4"""" HEV,MVP";211,68
75-1252;H_PA;"KIT,BONNET,1-1/2"""" - 2"""",SCK & SCKHEV,MVP";603,72
75-1257;H_PA;"KIT, PISTON ASSY, 3/4"""" SCKHEV, MVP";238,68
75-1258;H_PA;"KIT, PISTON ASSY, 1"""" SCKHEV, MVP";236,52
75-1259;H_PA;"KIT, PISTON ASSY, 1-1/4"""" SCKHEV, MVP";240,84
75-1260;H_PA;"KIT, PISTON ASSY, 1-1/2"""" SCKHEV, MVP";484,92
75-1261;H_PA;"KIT, PISTON ASSY, 2"""" SCKHEV, MVP";495,72
75-1262;H_PA;"KIT, PISTON ASSY, 3/4"""" SCK, MVP";184,68
75-1263;H_PA;"KIT, PISTON ASSY, 1"""" SCK, MVP";190,08
75-1264;H_PA;"KIT, PISTON ASSY, 1-1/4"""" SCK, MVP";216
75-1265;H_PA;"KIT, PISTON ASSY, 1-1/2"""" SCK, MVP";351
75-1266;H_PA;"KIT, PISTON ASSY, 2"""" SCK, MVP";366,12
75-1274;H_PA;DIAPHRAGM KIT, RANGE V, OUTLET;61,56
75-1275;H_PA;"CARTRIDGE KIT FOR SMV IN 1-1/2"""" - 2"""" MVP";1586,52
75-1276;H_PA;"KIT, SEAT RING,3/4""""-1"""" SOL/REGULATOR";425,52
75-1277;H_PA;"V-PORT/SEAT KIT FOR 1"""" HA4W, HS4W";454,68
75-1278;H_PA;"KIT, SEAT RING,1-1/4"""" SOL/REGULATOR";641,52
75-1279;H_PA;V-PORT/SEAT KIT,HA4A,HS4A,HS4D,MVP20,25% RED;209,52
75-1280;H_PA;V-PORT/SEAT KIT,HA4A,HS4A,HS4D,MVP20,50% RED;221,4
75-1281;H_PA;"KIT, BASIC GASKET, 3/4"""" - 1-1/4"""" MVP";45,36
75-1282;H_PA;"KIT, BASIC GASKET, 1-1/2"""" - 2"""" MVP";54
75-1287;H_PA;"KIT,SEAT RING,1-1/2""""-2"""" SOL/REGULATOR";219,24
75-1288;H_PA;"KIT, BONNET, 5"""" & 6"""" HA4W/HS4W";2339,28
75-1289;H_PA;"GASKET KIT, SPOOL, 3/4"""" MVP";18,36
75-1290;H_PA;"GASKET KIT, SPOOL, 1"""" - 1-1/4"""" MVP";18,36
75-1291;H_PA;"GASKET KIT, SPOOL, 1-1/2"""" - 2"""" MVP";22,68
75-1292;H_PA;"4"""" V-PORT/SEAT KIT, FEP SEAT";508,68
75-1293;H_PA;"3"""" VPORT/SEAT KIT, FEP SEAT";465,48
75-1295;H_PA;"KIT,CONVERSION,3/4""""-1-1/4""""MVP,2-STEP SOL";1424,52
75-1296;H_PA;"KIT,CONVERSION,1-1/2""""-2""""MVP,2-STEP SOL";1680,48
75-1302;H_PA;"KIT, P4 1/2"""" SEAT";110,16
75-1303;H_PA;"KIT, P4 1/2"""" PISTON, STOP/CHECK";177,12
75-1304;H_PA;"KIT, P4 1/2"""" PISTON, STOP/CHECK/EXP";164,16
75-1305;H_PA;"KIT,BONNET,1/2"""" SCK & SCK/HEV,MVP13";322,92
75-1306;H_PA;"KIT, P4 1/2"""" BONNET, CHECK VLV";443,88
75-1307;H_PA;"KIT, P4 1/2"""" BONNET BLANK";447,12
75-1308;H_PA;"V-PORT KIT FOR 4"""" HMMR27";4116,96
75-1315;H_PA;"KIT,BONNET ASSY,L/SOLENOID,1-1/2""""-2"""" HS4D";739,8
75-1316;H_PA;"KIT,DUAL SOLENOID ADAPTER,MVP,1-1/2"""" - 2""""";417,96
75-1317;H_PA;"KIT,DUAL SOLENOID ADAPTER,MVP,3/4"""" - 1-1/4""""";261,36
75-1318;H_PA;"KIT,CONVERSION,3/4"""" - 1-1/4"""",SMV TO MCV";3598,56
75-1319;H_PA;"KIT,CONVERSION,1-1/2"""" - 2"""",SMV TO MCV";4498,2
75-1321;H_PA;KIT,CABLE SET,6.5 FT(2M),MCV;158,76
75-1322;H_PA;"GASKET KIT,3/4"""" - 1-1/4"""",MV";72,36
75-1325;H_PA;"KIT, CARTRIDGE ASSY, 3/4"""" - 1-1/4"""", MCV";1300,32
75-1326;H_PA;"KIT, CARTRIDGE ASSY, 1-1/2"""" - 2"""", MCV";1428,84
75-1327;H_PA;KIT,POWER SUPPLY,24VDC,60W,MCV,HUPS COMPONENT;284,04
75-1328;H_PA;KIT,BATTERY BACKUP,24VDC,60W,MCV,HUPS COMPONENT;1434,24
75-1329;H_PA;KIT,CABLE,16.4 FT,MCV;196,56
75-1330;H_PA;"KIT,COVER,4"""" HCK1/W,HCK2/W,HCK5D,HS9B,ST";528,12
75-1331;H_PA;"KIT,ACTUATOR UPGRADE,MCV,1/2"""",LESS CABLES";2649,24
75-1332;H_PA;"KIT, ACTUATOR UPGRADE, MCV,3/4""""-1-1/4"""",LESS CABLES";2649,24
75-1333;H_PA;"KIT, ACTUATOR UPGRADE, MCV, 1-1/2""""-2"""", LESS CABLES";2649,24
75-1334;H_PA;"KIT,ACTUATOR UPGRADE,MCV,3"""",LESS CABLES";2649,24
75-1335;H_PA;"KIT,BASIC GASKET,1/2"""" MVP";43,2
75-1336;H_PA;"KIT,CONVERSION,1-1/2"""" - 2"""" MCV-MVP,P3";5082,48
75-1337;H_PA;"KIT,CONVERSION,3/4"""" - 1-1/4"""" MCV-MVP,P3";3981,96
75-1338;H_PA;"KIT,GASKET,MCV-MVP POS3,1/2""""";59,4
75-1339;H_PA;"KIT,CARTRIDGE,MCV-MVP,POS3,1/2""""";1360,8
75-1340;H_PA;"KIT, CARTRIDGE, MCV-MVP, POS3, 3/4"""" - 1-1/4""""";1300,32
75-1341;H_PA;"KIT,CARTRIDGE,MCV-MVP,POS3,1-1/2""""-2""""";1428,84
75-1342;H_PA;"KIT,CARTRIDGE,MCV-MVP,POS4,1-1/2""""-2""""";1015,2
75-1343;H_PA;"KIT,GASKET,MVP-MCV,POS3,3/4""""-1-1/4""""";72,36
75-1344;H_PA;"KIT,GASKET,MVP-MCV,POS3,1-1/2""""-2""""";63,72
75-1345;H_PA;"KIT, CONVERSION, 3/4"""" - 1-1/4"""" MCV-MVP, P4";4276,8
75-1346;H_PA;"KIT, CONVERSION, 1-1/2"""" - 2"""" MCV-MVP, P4";5526,36
75-1347;H_PA;"KIT, CONVERSION, 3"""" MCV, MCR";4710,96
75-1348;H_PA;"KIT, CONVERSION, 4"""" MCV, MCR";5566,32
75-1349;H_PA;"KIT, CARTRIDGE, 3"""" MCV, MCR";2109,24
75-1351;H_PA;"KIT, GASKET, 3"""" MCV, MCR";86,4
75-1352;H_PA;"KIT, GASKET, 4"""" MCV, MCR";108
75-1357;H_PA;KIT,GASKET,W/STNR,MCXV,STANDALONE;63,72
75-1358;H_PA;KIT,CARTRIDGE,MCXV,STANDALONE;1360,8
75-1359;H_PA;KIT,NEEDLE,CV=0.2,MCXV/C,STANDALONE;592,92
75-1360;H_PA;KIT,NEEDLE,CV=0.6,MCXV/A,STANDALONE;592,92
75-1361;H_PA;KIT,NEEDLE,CV=1.0,MCXV/B,STANDALONE;592,92
75-1362;H_PA;"KIT,CONVERSION,CV=0.2,1/2""""MCXV,STANDALONE";3598,56
75-1363;H_PA;"KIT, CONVERSION, CV=0.6, 1/2"""" MCXV, STANDALONE";3598,56
75-1364;H_PA;"KIT,CONVERSION,CV=1.1,1/2""""MCXV,STANDALONE";3598,56
75-1365;H_PA;"KIT,VPORT/SEAT,25%,3/4""""HA4AO/AK(5#SPR),MVP20-AK/AO";209,52
75-1366;H_PA;"KIT,VPORT/SEAT,50%,3/4""""HA4AO/AK(5#SPR),MVP20-AK/AO";209,52
75-1367;H_PA;"KIT,CONVERSION,Cv=0.2,1/2""""MCV-MVP,P4";4019,76
75-1368;H_PA;"KIT,CONVERSION,Cv=0.6,1/2""""MCV-MVP,P4";4019,76
75-1369;H_PA;"KIT,CONVERSION,Cv=1.0,1/2""""MCV-MVP,P4";4019,76
75-1370;H_PA;"KIT,CARTRIDGE,Cv=0.2,MCV-MVP,POS4,1/2""""";1154,52
75-1371;H_PA;"KIT,CARTRIDGE,Cv=0.6,MCV-MVP,POS4,1/2""""";1154,52
75-1372;H_PA;"KIT,CARTRIDGE,Cv=1.0,MCV-MVP,POS4,1/2""""";1154,52
75-1373;H_PA;"KIT,GASKET,MCV-MVP,POS4,1/2""""";59,4
75-1374;H_PA;"KIT,HALFSHAFT,MCV-MVP,CV=0.2,POS3,1/2""""";353,16
75-1375;H_PA;"KIT,HALFSHAFT,MCV-MVP,CV=0.6,POS3,1/2""""";353,16
75-1376;H_PA;"KIT,HALFSHAFT,MCV-MVP,CV=1.0,POS3,1/2""""";353,16
75-1377;H_PA;"KIT,CONVERSION,Cv=0.2,1/2"""" MCV-MVP,P3";3454,92
75-1378;H_PA;"KIT,CONVERSION,Cv=0.6,1/2"""",MCV-MVP,P3";3454,92
75-1379;H_PA;"KIT,CONVERSION,Cv=1.0,1/2"""" MCV-MVP,P3";3454,92
75-1380;H_PA;"KIT, CARTRIDGE, MCV-MVP, POS4, 3/4"""" - 1-1/4""""";905,04
75-1381;H_PA;"KIT,V-PORT,3/4""""MCV,1-1/4""""MCR,CV=6.4,MVP P3";604,8
75-1382;H_PA;"KIT,V-PORT,1""""MCV,CV=11.7,MVP P3";604,8
75-1383;H_PA;"KIT,V-PORT,1-1/4""""MCV,CV=16.4,MVP P3";604,8
75-1384;H_PA;"KIT, V-PORT, 1-1/2"""" MCV, CV=35, MVP P3";714,96
75-1385;H_PA;"KIT,V-PORT,2""""MCV,CV=47,MVP P3";714,96
75-1386;H_PA;"KIT,V-PORT,3/4""""MCR,CV=2.2,MVP P3";604,8
75-1387;H_PA;"KIT,V-PORT,1""""MCR,CV=3.9,MVP P3";604,8
75-1388;H_PA;"KIT,V-PORT,1-1/2""""MCR,CV=12,MVP P3";714,96
75-1389;H_PA;"KIT,V-PORT,2""""MCR,CV=16,MVP P3";714,96
75-1390;H_PA;"KIT, V-PORT, 1-1/2"""" MCRB, CV=6, MVP P3";714,96
75-1392;H_PA;"KIT,ACTUATOR UPGRADE,MCV,4"""",LESS CABLES";2649,24
75-1401;H_PA;"KIT,GASKET,MCV-MVP,POS4,3/4""""-1-1/4""""";61,56
75-1403;H_PA;"KIT,V-PORT,MCV-MVP,POS4,3/4""""-1-1/4"""",CV=6.4";295,92
75-1404;H_PA;"KIT,V-PORT,MCV-MVP,POS4,3/4""""-1-1/4"""",CV=11.7";295,92
75-1405;H_PA;"KIT,V-PORT,MCV-MVP,POS4,3/4""""-1-1/4"""",CV=16.4";295,92
75-1406;H_PA;"KIT,V-PORT,MCV-MVP,POS4,1-1/2""""-2"""",CV=35";399,6
75-1407;H_PA;"KIT,V-PORT,MCV-MVP,POS4,3/4"""",CV=2.2";295,92
75-1408;H_PA;"KIT,V-PORT,MCV-MVP,POS4,3/4""""-1-1/4"""",CV=3.9";295,92
75-1409;H_PA;"KIT,V-PORT,MCV-MVP,POS4,1-1/2""""-2"""",CV=12";399,6
75-1410;H_PA;"KIT,V-PORT,MCV-MVP,POS4,1-1/2""""-2"""",CV=16";399,6
75-1411;H_PA;"KIT,V-PORT,MCV-MVP,POS4,1-1/2""""-2"""",CV=47";399,6
75-1412;H_PA;"KIT,V-PORT,MCV-MVP,POS4,3/4""""-1-1/4"""",50%,CV=1.2";451,44
75-1413;H_PA;"KIT,V-PORT,MCV-MVP,POS4,3/4""""-1-1/4"""",25%,CV=0.8";451,44
75-1414;H_PA;"KIT,V-PORT,MCV-MVP,POS4,50%,1-1/2""""-2"""",CV=6.0";228,96
75-1415;H_PA;"KIT,SPOOL,3/4""""-1-1/4""""MVP,W/MCV,POS4";261,36
75-1416;H_PA;"KIT,SPOOL,1-1/2""""-2""""MVP,W/MCV,POS4";399,6
75-1419;H_PA;"KIT,TOOL,SPOOL REMOVAL,3"""" & 4"""" HMMR";39,96
75-1420;H_PA;KIT,TOOL,MVP13,POS3,SOLENOID REMOVAL;154,44
75-1422;H_PA;KIT,DISC STRAINER/ORIFICE,GAS POWERED VLV;205,2
75-1425;H_PA;"STEM KIT,1-1/4"""" HCK2,HS9B";138,24
75-1426;H_PA;"STEM KIT,5""""&6"""" HCK1,HCK2,HCK5,HS9B";322,92
75-1428;H_PA;KIT, AM CONVERSION, LOW CAM (LESS MOTOR) RG. A;2139,48
75-1429;H_PA;KIT, AM CONVERSION, HI CAM (LESS MOTOR) RG. A;2139,48
75-1430;H_PA;KIT, NAMEPLATE BLANK & HARDWARE;16,2
75-1431;H_PA;"KIT, PLUG, 5"""" & 6"""" PRESSURE REGULATOR";74,52
75-1432;H_PA;KIT, COVER STRAINER, MVP20-32, PAINTED;119,88
75-1433;H_PA;KIT, SEAT RING, MVP20-32, P3 HCK1;403,92
75-1434;H_PA;KIT, COVER, MVP20-32 HCK1-P3;232,2
75-1436;H_PA;"KIT, BONNET, 3/4"""" THRU 2"""", MCV, PLT (P)";206,28
75-1438;H_PA;"KIT, SEAT RING, 3"""" MVP";251,64
75-1439;H_PA;"KIT, SEAT RING, 4"""" MVP";346,68
75-1440;H_PA;"KIT, SEAT RING, 3"""" HS4/HA4";179,28
75-1441;H_PA;"KIT, SEAT RING, 4"""" HS4/HA4";176,04
75-1442;H_PA;"KIT, SEAT RING, 2-1/2"""" HA4A/HS4A";189
75-1457;H_PA;"KIT,V-PORT & CARTRIDGE, 3"""" MCV80,CV=104";3394,44
75-1458;H_PA;"KIT,V-PORT & CARTRIDGE, 3"""" MCR80,CV=35";3394,44
75-1459;H_PA;"KIT,V-PORT & CARTRIDGE, 4"""" MCV100,CV=166";4444,2
75-1460;H_PA;"KIT,V-PORT & CARTRIDGE, 4"""" MCR100,CV=47";4444,2
75-3245;H_PA;"KIT, SPOOL, 3/4"""" POS 4 MVP";126,36
75-3246;H_PA;"KIT, SPOOL, 1-1/4"""" POS 4 MVP";126,36
75-3247;H_PA;"KIT, SPOOL, 1-1/2"""" - 2"""" MVP";201,96
75-3289;H_PA;SPOOL REMOVAL TOOL,  MVP;21,6
75-3517;H_PA;KIT, MV CONVERSION, CABLE DONGLE, MODULATING;249,48
77-1000;H_PA;KIT, VLT TRANSMITER HOUSING ASSEM. 4-20 MA OUTPUT;2149,2
77-1001;H_PA;KIT, 500KHZ TRASMITTER ASSY.;2190,24
77-1002;H_PA;REFLEX LENS KIT HANSEN SEE-LEVELS ONLY;85,32
77-1003;H_PA;FROST SHIELD KIT FOR USE W/ HANSEN SEE-LEVEL ONLY;95,04
77-1004;H_PA;INTERNAL READOUT KIT FOR VLT LVL TRANSDUCER PROBE;867,24
77-1005;H_PA;KIT, TRANS W/COVER & GSKT FOR SHP/SVP PRB 0-5V;1003,32
77-1006;H_PA;VLT TRANSMITTR HOUSING ASSEM. 4-20MA OUTPUT VLTZ-2;2190,24
77-1009;H_PA;SINGLE PT SENSOR/SWITCH ADAPT.KIT FOR SEE-LEVEL;201,96
77-1010;H_PA;SINGLE PT.SENSOR SWTH ADAPT. KIT FOR HENRY LIQ IND;201,96
77-1011;H_PA;VLTDR TRANSMITTER HOUSING ASSEMBLY, 4-20 MA OUTPUT;3056,4
77-1019;H_PA;KIT,TRANSMITTER FOR YORK PROBE R134A (02534169000);999
77-1022;H_PA;LP TRANSMITTER ASSEMBLY KIT FOR NH3 PROBES;832,68
77-1023;H_PA;LP TRANSMITTER ASSY KIT FOR HALO PROBES;952,56
77-1043;H_PA;KIT, CLEAR LENS;122,04
77-1044;H_PA;KIT, FROST SHIELD, EXTENDED, SEE-LEVEL;108
77-1045;H_PA;"KIT,RVS REPLACEMENT HEAD,25""""-173"""",3WIRE,DIGITAL";1337,04
77-1046;H_PA;KIT,TRANSMITTER MULTI-OUTPUT,DIGITAL,VOLTAGE;1127,52
77-1047;H_PA;VLTY-1 TRANSMITER HOUSING ASSY 4-20 MA OUTPUT;1798,2
77-1048;H_PA;KIT, SHA ELECTRONIC HEAD;1345,68
77-1049;H_PA;KIT, METAL COVER FOR VLT, HPT, SPS;54
77-1052;H_PA;KIT,SVPLC TRANSMITTER,TRANS PRB FOR LEVEL COLUMN;1137,24
77-1054;H_PA;KIT,ENCLOSURE,VARI-LEVEL;658,8
77-1055;H_PA;KIT,RETAINING RING,SEE-LEVEL;98,28
77-1057;H_PA;KIT, TRANS W/COVER & GSKT FOR SHP/SVP PRB 0-10V;1141,56
77-1058;H_PA;KIT, APM LEVEL SENSOR, LOW SIDE & DRAINER;599,4
77-1059;H_PA;KIT, APM LEVEL SENSOR, HIGH SIDE;763,56
77-1060;H_PA;KIT, APMF LEVEL SENSOR, LOW SIDE & DRAIN;612,36
77-1061;H_PA;GASKET KIT, SEE-LEVEL LENSES;41,04
77-1062;H_PA;KIT, CABLE 4-20mA, MOD420;59,4
78-1001;H_PA;"SCREEN KIT FOR 1/2"""" STRAINER 100 MESH";76,68
78-1003;H_PA;STRAINER SCREEN KIT FOR ST(W)100 (60 MESH);131,76
78-1005;H_PA;"STRAINER SCREEN KIT FOR 1-1/2, 2"""" ST200, 60 MESH";182,52
78-1006;H_PA;"STRAINER SCREEN KIT FOR 2-1/2"""" ST250";205,2
78-1007;H_PA;"STRAINER SCREEN KIT FOR 3"""" ST300";219,24
78-1008;H_PA;"STRAINER SCREEN KIT FOR 4"""" ST400";327,24
78-1009;H_PA;"STRAINER SCREEN KIT FOR 5"""" & 6""""";1196,64
78-1010;H_PA;STRAINER KIT FOR APM OR NEAP;83,16
78-1013;H_PA;STRAINER SCREEN KIT FOR ST(W)100 HEAVY DTY,60 MESH;219,24
78-1014;H_PA;STRAINER SCREEN KIT FOR ST(W)100 HEVY DTY,100 MESH;346,68
78-1015;H_PA;KIT,STRAINER BAG,FOR ST100,MVP20-32;63,72
78-1016;H_PA;STRAINER BAG KIT FOR ST200;82,08
78-1017;H_PA;STRAINER BAG KIT FOR ST250 & ST300;87,48
78-1018;H_PA;STRAINER BAG KIT FOR ST400;95,04
78-1020;H_PA;"STRAINER SCREEN KIT,3/4""""-1-1/4""""MVP(60 MESH)";156,6
78-1022;H_PA;"KIT, 1/2"""" STRAINER CAP W/DRAIN CONNECTION";76,68
78-1025;H_PA;SCREEN KIT, ST200, 100 MESH;563,76
78-1026;H_PA;SCREEN KIT, ST250 STRAINER, 100 MESH;786,24
78-1027;H_PA;"STRAINER SCREEN KIT, 3/4""""-1-1/4""""MVP(100 MESH)";376,92
TR40;H_PA;AC TRANSFORMER,115/230VAC:24VAC(40 VA);402,84
TR92;H_PA;AC TRANSFORMER, 115/230VAC:24VAC(92 VA);314,28
WLT-EL;H_PA;WLT REPLACEMENT HEAD KIT 2-WIRE;1949,4
WLT-C-EL;H_PA;WLT-C REPLACEMENT HEAD KIT 3-WIRE;2357,64
WLT-PLUMB;H_PA;WLT COUNTERWEIGHT KIT;117,72
WLT-USB;H_PA;USB PROGRAMMING CABLE;302,4
WLT-WIRE-MECH;H_PA;WLT CAPACITANCE WIRE KIT;376,92
